"sa2_id","sa2_name_en","sa2_name_mi","electorate_id","electorate_name","electorate_name_ascii","intersection_area_m2","sa2_area_m2","proportion_of_sa2"
"114300","Gulf Islands","Gulf Islands","001","Auckland Central","Auckland Central",42597351.4630015,66113379.3056355,0.644307580559122
"129700","Herne Bay","Herne Bay","001","Auckland Central","Auckland Central",877527.111141857,877527.111141685,1.0000000000002
"129800","Westmere North","Westmere North","001","Auckland Central","Auckland Central",645081.949035053,645081.949035677,0.999999999999034
"129901","Point Chevalier North","Point Chevalier North","001","Auckland Central","Auckland Central",0.000716805261376086,722830.865523137,9.91663880951334e-10
"129902","Point Chevalier East","Point Chevalier East","001","Auckland Central","Auckland Central",0.101810466022585,975603.762641242,1.04356368764871e-07
"130300","Westmere South-Western Springs","Westmere South-Western Springs","001","Auckland Central","Auckland Central",1974093.37734804,2023938.87125357,0.975372035878408
"131200","Ponsonby East","Ponsonby East","001","Auckland Central","Auckland Central",703093.339845634,703093.339845587,1.00000000000007
"131801","Freemans Bay","Freemans Bay","001","Auckland Central","Auckland Central",916485.083554227,916485.083554166,1.00000000000007
"131802","College Hill","College Hill","001","Auckland Central","Auckland Central",98856.0196389301,98856.0196387778,1.00000000000154
"134100","Queen Street South West","Queen Street South West","001","Auckland Central","Auckland Central",228782.830820752,228782.830820693,1.00000000000026
"134301","Karangahape West","Karangahape West","001","Auckland Central","Auckland Central",169185.490688828,169185.505531455,0.999999912270102
"137400","Parnell East","Parnell East","001","Auckland Central","Auckland Central",0.0378300628982112,1226793.55749305,3.08365353462704e-08
"139201","Orakei West","Orakei West","001","Auckland Central","Auckland Central",2.95586694530614e-09,1454018.71696431,2.03289470129888e-15
"146900","Oneroa East-Palm Beach","Oneroa East-Palm Beach","001","Auckland Central","Auckland Central",3672605.59265162,3672605.59265162,0.999999999999999
"144600","Oneroa West","Oneroa West","001","Auckland Central","Auckland Central",8420264.19512555,8420264.19512535,1.00000000000002
"151100","Onetangi","Onetangi","001","Auckland Central","Auckland Central",5961507.79611502,5961507.79611265,1.0000000000004
"119301","Inlet Waitemata Harbour","Inlet Waitemata Harbour","001","Auckland Central","Auckland Central",7669911.32988241,79264044.3786701,0.0967640673650307
"110600","Oceanic Auckland Region East","Oceanic Auckland Region East","001","Auckland Central","Auckland Central",5288087186.22967,7823314944.70714,0.675939448124522
"111801","Barrier Islands","Barrier Islands","001","Auckland Central","Auckland Central",321170324.029699,321170324.029701,0.999999999999993
"112001","Inlets other Auckland","Inlets other Auckland","001","Auckland Central","Auckland Central",39084529.1696482,122493635.241782,0.319073959169404
"135700","The Strand","The Strand","001","Auckland Central","Auckland Central",170037.649100105,170037.712398037,0.999999627741802
"136001","Eden Terrace","Eden Terrace","001","Auckland Central","Auckland Central",0.0735916881449097,590846.345549525,1.24553005530507e-07
"135900","Symonds Street East","Symonds Street East","001","Auckland Central","Auckland Central",103429.327873913,103429.374799882,0.999999546299401
"130200","Saint Marys Bay","Saint Marys Bay","001","Auckland Central","Auckland Central",1505845.29307598,1505845.29307565,1.00000000000022
"132100","Grey Lynn West","Grey Lynn West","001","Auckland Central","Auckland Central",434352.534576074,800894.248842508,0.542334440787684
"130400","Ponsonby West","Ponsonby West","001","Auckland Central","Auckland Central",647629.409422211,647629.409422051,1.00000000000025
"131300","Wynyard-Viaduct","Wynyard-Viaduct","001","Auckland Central","Auckland Central",717184.991527724,717184.991527569,1.00000000000022
"131600","Grey Lynn North","Grey Lynn North","001","Auckland Central","Auckland Central",725058.362919051,725058.375911403,0.999999982080957
"132400","Victoria Park","Victoria Park","001","Auckland Central","Auckland Central",448017.108969006,448017.10896895,1.00000000000013
"134500","Anzac Avenue","Anzac Avenue","001","Auckland Central","Auckland Central",102385.524517859,102385.524517769,1.00000000000088
"132700","Hobson Ridge North","Hobson Ridge North","001","Auckland Central","Auckland Central",149226.788587207,149226.78858726,0.999999999999645
"132800","Grey Lynn Central","Grey Lynn Central","001","Auckland Central","Auckland Central",638621.247732021,711925.490536274,0.897033827586318
"135100","Symonds Street North West","Symonds Street North West","001","Auckland Central","Auckland Central",87057.4336396668,87057.4336396135,1.00000000000061
"133200","Queen Street","Queen Street","001","Auckland Central","Auckland Central",168450.19713627,168450.197136296,0.999999999999844
"133301","Quay Street-Customs Street","Quay Street-Customs Street","001","Auckland Central","Auckland Central",1217131.81496108,1217131.85067633,0.999999970656217
"133400","Hobson Ridge Central","Hobson Ridge Central","001","Auckland Central","Auckland Central",63319.4891093024,63319.4891092844,1.00000000000028
"133500","Grey Lynn East","Grey Lynn East","001","Auckland Central","Auckland Central",254358.640660579,579809.302076031,0.438693618315258
"133700","Shortland Street","Shortland Street","001","Auckland Central","Auckland Central",127455.410764677,127455.410764579,1.00000000000077
"133800","Hobson Ridge South","Hobson Ridge South","001","Auckland Central","Auckland Central",156516.308205966,156516.308205796,1.00000000000109
"135300","Symonds Street West","Symonds Street West","001","Auckland Central","Auckland Central",145506.555671272,145506.560833574,0.999999964521858
"134302","Karangahape East","Karangahape East","001","Auckland Central","Auckland Central",116456.006499724,116456.015511165,0.999999922619356
"134800","Auckland-University","Auckland-University","001","Auckland Central","Auckland Central",369412.988288356,369413.003765914,0.999999958102292
"136100","Grafton","Grafton","001","Auckland Central","Auckland Central",15484.5569738729,622686.853974624,0.0248673259681565
"136400","Parnell West","Parnell West","001","Auckland Central","Auckland Central",0.10139908152876,1649247.08688621,6.14820437368194e-08
"147300","Bays Waiheke Island","Bays Waiheke Island","001","Auckland Central","Auckland Central",35907988.1879763,35907988.1879718,1.00000000000013
"147600","Surfdale","Surfdale","001","Auckland Central","Auckland Central",2613137.90507817,2613137.90507829,0.999999999999951
"148700","Ostend","Ostend","001","Auckland Central","Auckland Central",3913602.2210406,3913602.22104012,1.00000000000012
"151700","Waiheke East","Waiheke East","001","Auckland Central","Auckland Central",87585440.5175253,87585440.5175255,0.999999999999998
"258500","Oceanic Waikato Region East","Oceanic Waikato Region East","001","Auckland Central","Auckland Central",5.58528012834943,5879543599.5551,9.49951307236172e-10
"330100","Woolston North","Woolston North","002","Banks Peninsula","Banks Peninsula",1295475.97974665,1295476.08107114,0.999999921785903
"324502","Halswell South West","Halswell South West","002","Banks Peninsula","Banks Peninsula",2769176.17198328,2769176.40905784,0.999999914388062
"330300","Cashmere West","Cashmere West","002","Banks Peninsula","Banks Peninsula",2381178.06280901,2381178.11565209,0.99999997780801
"330700","Bromley North","Bromley North","002","Banks Peninsula","Banks Peninsula",0.0606830966256872,6231909.48578887,9.73748042459021e-09
"326701","Hoon Hay West","Hoon Hay West","002","Banks Peninsula","Banks Peninsula",558078.912916281,1633310.18814191,0.341685808959023
"327301","Halswell North","Halswell North","002","Banks Peninsula","Banks Peninsula",2050499.39691451,2050499.43670815,0.999999980593197
"328700","Sydenham West","Sydenham West","002","Banks Peninsula","Banks Peninsula",0.000466593426891721,487943.441183818,9.56244899531185e-10
"329100","Somerfield East","Somerfield East","002","Banks Peninsula","Banks Peninsula",1229171.54949274,1229171.78698851,0.999999806783907
"329300","Linwood East","Linwood East","002","Banks Peninsula","Banks Peninsula",0.0365604560484285,912060.487871849,4.00855606997477e-08
"329400","Sydenham North","Sydenham North","002","Banks Peninsula","Banks Peninsula",0.0303360042537406,483740.10172629,6.27113694843214e-08
"329600","Charleston (Christchurch City)","Charleston (Christchurch City)","002","Banks Peninsula","Banks Peninsula",0.022094253564193,360940.173636864,6.12130629338634e-08
"331000","Woolston West","Woolston West","002","Banks Peninsula","Banks Peninsula",514958.832851896,514958.832851725,1.00000000000033
"331801","Brookhaven-Ferrymead","Brookhaven-Ferrymead","002","Banks Peninsula","Banks Peninsula",2283289.03987783,2283289.07773868,0.999999983418285
"332100","Redcliffs","Redcliffs","002","Banks Peninsula","Banks Peninsula",1847236.86237316,1847236.86237369,0.999999999999714
"332200","Governors Bay","Governors Bay","002","Banks Peninsula","Banks Peninsula",3237530.40089859,3237530.40089844,1.00000000000005
"332301","Inlets other Christchurch City","Inlets other Christchurch City","002","Banks Peninsula","Banks Peninsula",30664097.4072969,36963569.423395,0.829576198555354
"332501","Lyttelton","Lyttelton","002","Banks Peninsula","Banks Peninsula",4565509.73623998,4565509.7362415,0.999999999999669
"332601","Inlet Port Lyttelton","Inlet Port Lyttelton","002","Banks Peninsula","Banks Peninsula",42520765.1299195,42520765.1299197,0.999999999999994
"332700","Sumner","Sumner","002","Banks Peninsula","Banks Peninsula",2639964.50403344,2639964.5040335,0.999999999999978
"332801","Teddington","Teddington","002","Banks Peninsula","Banks Peninsula",47416831.8592225,47416832.1863424,0.999999993101187
"332901","Diamond Harbour","Diamond Harbour","002","Banks Peninsula","Banks Peninsula",3017963.89872316,3017963.89872253,1.00000000000021
"335400","Southbridge","Southbridge","002","Banks Peninsula","Banks Peninsula",0,361569560.385582,0
"335901","Ladbrooks","Ladbrooks","002","Banks Peninsula","Banks Peninsula",0.387926639999249,49764166.840388,7.79530060743249e-09
"329900","Waltham","Waltham","002","Banks Peninsula","Banks Peninsula",0.0265362428199907,587108.796809359,4.51981693413586e-08
"330400","Bromley South","Bromley South","002","Banks Peninsula","Banks Peninsula",440122.655270857,1239835.84192474,0.354984620050671
"330500","Ensors","Ensors","002","Banks Peninsula","Banks Peninsula",873638.97723452,873639.020307669,0.999999950696858
"324300","Oaklands West","Oaklands West","002","Banks Peninsula","Banks Peninsula",938203.334443151,1700452.03619578,0.551737605338213
"324501","Halswell West","Halswell West","002","Banks Peninsula","Banks Peninsula",0.147383604387612,3822641.8369674,3.85554312105096e-08
"325000","Hillmorton","Hillmorton","002","Banks Peninsula","Banks Peninsula",0.003642111655471,2916633.82190144,1.24873805827864e-09
"325400","Aidanfield","Aidanfield","002","Banks Peninsula","Banks Peninsula",0.179907870468261,1681805.30614867,1.06973066270227e-07
"326301","Oaklands East","Oaklands East","002","Banks Peninsula","Banks Peninsula",1075309.35771002,1075309.39626417,0.999999964146001
"327600","Spreydon North","Spreydon North","002","Banks Peninsula","Banks Peninsula",0.0186366051183892,1213792.89976748,1.53540238387944e-08
"327700","Hoon Hay East","Hoon Hay East","002","Banks Peninsula","Banks Peninsula",469710.775059566,1822877.0601301,0.257675509409309
"328001","Halswell South","Halswell South","002","Banks Peninsula","Banks Peninsula",1484847.04349608,1484847.11008106,0.999999955157009
"328200","Spreydon South","Spreydon South","002","Banks Peninsula","Banks Peninsula",0.0419969596571917,723901.1070362,5.80147747378587e-08
"328800","Lancaster Park","Lancaster Park","002","Banks Peninsula","Banks Peninsula",0.00568024253493964,1115583.69038742,5.09172246231657e-09
"328900","Phillipstown","Phillipstown","002","Banks Peninsula","Banks Peninsula",0.0647813512256389,933435.295142104,6.9401008899901e-08
"329001","Kennedys Bush","Kennedys Bush","002","Banks Peninsula","Banks Peninsula",9879899.63820286,9879899.98101487,0.999999965302077
"329002","Halswell South East","Halswell South East","002","Banks Peninsula","Banks Peninsula",2422019.48072746,2422019.48072665,1.00000000000034
"329700","Sydenham South","Sydenham South","002","Banks Peninsula","Banks Peninsula",0.0166079205551704,554249.925605073,2.9964678005215e-08
"329200","Somerfield West","Somerfield West","002","Banks Peninsula","Banks Peninsula",1181181.15746617,1181181.21067523,0.999999954952672
"329500","Hoon Hay South","Hoon Hay South","002","Banks Peninsula","Banks Peninsula",795648.575425459,795648.650452921,0.999999905702772
"330000","Westmorland","Westmorland","002","Banks Peninsula","Banks Peninsula",5557522.81136267,5557522.81136272,0.999999999999991
"330600","Beckenham","Beckenham","002","Banks Peninsula","Banks Peninsula",0.162287234529448,876594.339371166,1.85133792497298e-07
"330900","Opawa","Opawa","002","Banks Peninsula","Banks Peninsula",0.193831221463545,814024.119231933,2.38114838226702e-07
"330800","St Martins","St Martins","002","Banks Peninsula","Banks Peninsula",1045535.35651392,1045535.51510947,0.999999848311665
"331100","Woolston East","Woolston East","002","Banks Peninsula","Banks Peninsula",1275499.19868213,1275499.19868297,0.999999999999347
"331200","Huntsbury","Huntsbury","002","Banks Peninsula","Banks Peninsula",1365343.39577286,1365343.43855629,0.999999968664712
"331300","Cashmere East","Cashmere East","002","Banks Peninsula","Banks Peninsula",2330909.70161938,2330909.71024167,0.999999996300892
"331400","Hillsborough (Christchurch City)","Hillsborough (Christchurch City)","002","Banks Peninsula","Banks Peninsula",1644042.80147251,1644042.87070846,0.999999957886775
"331500","Woolston South","Woolston South","002","Banks Peninsula","Banks Peninsula",2404015.76755754,2404015.76755751,1.00000000000002
"331600","Port Hills","Port Hills","002","Banks Peninsula","Banks Peninsula",44455661.4339376,44455661.4765079,0.99999999904241
"331900","Heathcote Valley","Heathcote Valley","002","Banks Peninsula","Banks Peninsula",4204616.04377996,4204616.04377975,1.00000000000005
"332000","Mount Pleasant","Mount Pleasant","002","Banks Peninsula","Banks Peninsula",2477499.15428621,2477499.15428666,0.99999999999982
"332400","Clifton Hill","Clifton Hill","002","Banks Peninsula","Banks Peninsula",2561986.59766201,2561986.59766194,1.00000000000003
"333000","Inland water Lake Ellesmere/Te Waihora South","Inland water Lake Ellesmere/Te Waihora South","002","Banks Peninsula","Banks Peninsula",63307833.1622579,63307833.7515765,0.999999990691221
"333100","Banks Peninsula South","Banks Peninsula South","002","Banks Peninsula","Banks Peninsula",377862910.79892,377862911.476893,0.99999999820577
"333201","Banks Peninsula Eastern Bays","Banks Peninsula Eastern Bays","002","Banks Peninsula","Banks Peninsula",368031661.792867,368031661.792871,0.999999999999988
"333300","Akaroa Harbour","Akaroa Harbour","002","Banks Peninsula","Banks Peninsula",162139678.956273,162139678.956271,1.00000000000001
"333400","Inlet Akaroa Harbour","Inlet Akaroa Harbour","002","Banks Peninsula","Banks Peninsula",44362940.8993417,44362940.8993383,1.00000000000008
"333500","Akaroa","Akaroa","002","Banks Peninsula","Banks Peninsula",2029935.64044108,2029935.64044106,1.00000000000001
"336301","Tai Tapu","Tai Tapu","002","Banks Peninsula","Banks Peninsula",1.06117333972542,56801121.2145356,1.86822604384412e-08
"336400","Motukarara","Motukarara","002","Banks Peninsula","Banks Peninsula",0.442763144853523,64666228.0610086,6.84689919498325e-09
"336500","Inland water Lake Ellesmere/Te Waihora North","Inland water Lake Ellesmere/Te Waihora North","002","Banks Peninsula","Banks Peninsula",0.0625643089303839,135007255.532856,4.63414419346953e-10
"363800","Oceanic Canterbury Region","Oceanic Canterbury Region","002","Banks Peninsula","Banks Peninsula",3054797584.66932,11440033258.8297,0.267026984586041
"114300","Gulf Islands","Gulf Islands","003","Botany","Botany",57944.0582002371,66113379.3056355,0.00087643467644223
"162701","Kawakawa Bay-Orere","Kawakawa Bay-Orere","003","Botany","Botany",7453017.85246339,210061768.280927,0.0354801252672313
"150700","Pakuranga Heights East","Pakuranga Heights East","003","Botany","Botany",0.0500456283456239,1790682.92369586,2.79477889040974e-08
"152000","Howick Central","Howick Central","003","Botany","Botany",119340.317266541,856801.513479555,0.139285838539066
"153400","Cockle Bay","Cockle Bay","003","Botany","Botany",0.0181141632996722,1728324.27987748,1.04807665497567e-08
"154300","Shelly Park","Shelly Park","003","Botany","Botany",0.00443175665839457,1231603.20471623,3.59836401969714e-09
"155000","Sunkist Bay","Sunkist Bay","003","Botany","Botany",1527966.94755502,1527966.94755276,1.00000000000148
"156400","Te Puru","Te Puru","003","Botany","Botany",7395056.25090149,7395056.25090165,0.999999999999978
"157101","Turanga","Turanga","003","Botany","Botany",56387620.8449141,84597130.4732969,0.666542949263662
"158200","Mission Heights South","Mission Heights South","003","Botany","Botany",869659.112322258,869659.158108495,0.999999947351516
"110600","Oceanic Auckland Region East","Oceanic Auckland Region East","003","Botany","Botany",47737568.4475978,7823314944.70714,0.00610196173680758
"112001","Inlets other Auckland","Inlets other Auckland","003","Botany","Botany",15107394.358668,122493635.241782,0.123332076224602
"156800","Rongomai West","Rongomai West","003","Botany","Botany",0.00756960804586097,485072.040976956,1.56051213147957e-08
"157500","Chapel Downs","Chapel Downs","003","Botany","Botany",0.0128672116331602,760116.476536461,1.69279472690696e-08
"151301","Highland Park (Auckland)","Highland Park (Auckland)","003","Botany","Botany",432581.315641438,1161448.02873976,0.372449997707442
"153700","Northpark North","Northpark North","003","Botany","Botany",861216.019108667,861216.019109629,0.999999999998882
"152201","Botany Downs West","Botany Downs West","003","Botany","Botany",921127.464822901,1027496.08153128,0.896477837122399
"152300","East Tamaki","East Tamaki","003","Botany","Botany",7776622.91257992,7776622.94670318,0.999999995612072
"152400","Howick East","Howick East","003","Botany","Botany",129541.50268045,1109335.49411643,0.11677396366338
"152500","Burswood","Burswood","003","Botany","Botany",525492.406059417,525492.406059332,1.00000000000016
"152900","Botany Downs East","Botany Downs East","003","Botany","Botany",677370.535666882,677370.535667402,0.999999999999232
"153100","Golflands","Golflands","003","Botany","Botany",1407256.14104827,1407256.14104799,1.0000000000002
"153800","Somerville","Somerville","003","Botany","Botany",1373077.39879313,1556065.99445799,0.882403062391584
"153900","Northpark South","Northpark South","003","Botany","Botany",707996.81533781,707996.815337544,1.00000000000038
"154500","Huntington Park","Huntington Park","003","Botany","Botany",435950.836227727,435950.836228189,0.99999999999894
"154600","Botany Central","Botany Central","003","Botany","Botany",469634.886517655,469634.886517577,1.00000000000017
"154701","Dannemora North-Shamrock Park","Dannemora North-Shamrock Park","003","Botany","Botany",924925.993715741,924925.993715371,1.0000000000004
"155200","Redcastle","Redcastle","003","Botany","Botany",555531.25783544,555531.25783534,1.00000000000018
"155301","Dannemora South","Dannemora South","003","Botany","Botany",781450.412766758,781450.412766658,1.00000000000013
"155401","Armoy","Armoy","003","Botany","Botany",559967.596436104,559967.596436071,1.00000000000006
"156101","Middlefield","Middlefield","003","Botany","Botany",737810.260490721,737810.260490594,1.00000000000017
"155100","Ōtara East","Otara East","003","Botany","Botany",0.0792082702176025,867845.424393046,9.12700211250169e-08
"156000","Botany Junction","Botany Junction","003","Botany","Botany",1671712.77761,2479251.03970566,0.674281365959802
"158101","Ormiston Central","Ormiston Central","003","Botany","Botany",0.0693278195987635,1336635.56874248,5.18674059107883e-08
"156301","Point View","Point View","003","Botany","Botany",1232041.5842086,1232041.58420857,1.00000000000002
"156601","Savonna","Savonna","003","Botany","Botany",638388.545950118,638388.545950133,0.999999999999977
"157800","Mission Heights North","Mission Heights North","003","Botany","Botany",1072640.44320218,1072640.44320235,0.999999999999844
"156901","Baverstock","Baverstock","003","Botany","Botany",1459239.83772133,1459239.83772104,1.00000000000019
"157301","Ormiston North","Ormiston North","003","Botany","Botany",1670998.16993248,1670998.24659591,0.999999954121176
"157400","Maraetai","Maraetai","003","Botany","Botany",6876366.16653305,6876366.16653319,0.99999999999998
"158601","Ormiston East","Ormiston East","003","Botany","Botany",0.0905009873076115,1396391.186792,6.48106262511751e-08
"158602","Bremner Ridge","Bremner Ridge","003","Botany","Botany",0.142824223076878,1459810.44335809,9.78375128953937e-08
"158900","Tuscany Heights","Tuscany Heights","003","Botany","Botany",3985459.41477615,6623467.61218377,0.601717959252184
"318401","Marshland","Marshland","004","Christchurch Central","Christchurch Central",507606.485984077,7992580.58367227,0.0635097113716997
"320501","Northcote (Christchurch City)","Northcote (Christchurch City)","004","Christchurch Central","Christchurch Central",1802136.70797622,1802136.73655764,0.99999998414026
"330100","Woolston North","Woolston North","004","Christchurch Central","Christchurch Central",0.0239313762936927,1295476.08107114,1.84730360084344e-08
"325200","Riccarton East","Riccarton East","004","Christchurch Central","Christchurch Central",0.0563896162763147,208116.595323116,2.70952041036255e-07
"330300","Cashmere West","Cashmere West","004","Christchurch Central","Christchurch Central",0.0528411842742016,2381178.11565209,2.21911934797582e-08
"325700","Christchurch Central-West","Christchurch Central-West","004","Christchurch Central","Christchurch Central",692617.020963248,692617.026874942,0.9999999914647
"325800","Christchurch Central-North","Christchurch Central-North","004","Christchurch Central","Christchurch Central",777838.392667947,777838.422665751,0.999999961434402
"326400","Addington North","Addington North","004","Christchurch Central","Christchurch Central",434313.961712206,434313.981166044,0.999999955207895
"326900","Spreydon West","Spreydon West","004","Christchurch Central","Christchurch Central",188382.385126134,1026987.24722441,0.183432058806246
"327000","Christchurch Central-East","Christchurch Central-East","004","Christchurch Central","Christchurch Central",713470.148235599,713470.21790949,0.99999990234506
"328100","Sydenham Central","Sydenham Central","004","Christchurch Central","Christchurch Central",1212756.94615965,1212756.94615957,1.00000000000006
"328700","Sydenham West","Sydenham West","004","Christchurch Central","Christchurch Central",487943.440717287,487943.441183818,0.999999999043882
"329100","Somerfield East","Somerfield East","004","Christchurch Central","Christchurch Central",0.237495647169431,1229171.78698851,1.93215992820091e-07
"329400","Sydenham North","Sydenham North","004","Christchurch Central","Christchurch Central",483740.071390422,483740.10172629,0.99999993728891
"329600","Charleston (Christchurch City)","Charleston (Christchurch City)","004","Christchurch Central","Christchurch Central",360940.151542454,360940.173636864,0.999999938786502
"331000","Woolston West","Woolston West","004","Christchurch Central","Christchurch Central",0,514958.832851725,0
"322200","Rutland","Rutland","004","Christchurch Central","Christchurch Central",986575.263640856,986575.326248925,0.999999936540001
"324800","St Albans East","St Albans East","004","Christchurch Central","Christchurch Central",675502.847247139,675502.847246965,1.00000000000026
"329900","Waltham","Waltham","004","Christchurch Central","Christchurch Central",587108.770273339,587108.796809359,0.99999995480221
"319400","Papanui North","Papanui North","004","Christchurch Central","Christchurch Central",0.00763201181041567,599423.358840652,1.27322562557068e-08
"319600","Redwood East","Redwood East","004","Christchurch Central","Christchurch Central",1363619.43872137,1363619.43872175,0.999999999999721
"330500","Ensors","Ensors","004","Christchurch Central","Christchurch Central",0.0430729268908233,873639.020307669,4.93028881375449e-08
"321400","Strowan","Strowan","004","Christchurch Central","Christchurch Central",0.0661186271529622,1435068.49084843,4.6073499330943e-08
"317600","Regents Park","Regents Park","004","Christchurch Central","Christchurch Central",0.0149335220163751,1457855.10652254,1.02434884986591e-08
"317301","Belfast East","Belfast East","004","Christchurch Central","Christchurch Central",0.110434019096328,3963621.23550969,2.78619001500346e-08
"317900","Casebrook","Casebrook","004","Christchurch Central","Christchurch Central",0.0458931191979107,1828239.48199783,2.51023564745252e-08
"318402","Burlington-Oakbridge","Burlington-Oakbridge","004","Christchurch Central","Christchurch Central",113824.9640285,966744.42237019,0.117740492103831
"318600","Redwood North","Redwood North","004","Christchurch Central","Christchurch Central",1142536.27000415,1142536.38288988,0.999999901197253
"318800","Redwood West","Redwood West","004","Christchurch Central","Christchurch Central",815814.298138072,815814.409136903,0.999999863941076
"320000","Northlands (Christchurch City)","Northlands (Christchurch City)","004","Christchurch Central","Christchurch Central",354048.200257847,628413.952010317,0.563399649427316
"320100","Papanui West","Papanui West","004","Christchurch Central","Christchurch Central",0.0246545124552847,1001676.52630327,2.46132476981098e-08
"320900","Papanui East","Papanui East","004","Christchurch Central","Christchurch Central",828954.250274622,828954.265116838,0.999999982095254
"322100","Malvern","Malvern","004","Christchurch Central","Christchurch Central",990021.945027327,990021.945028591,0.999999999998723
"321701","Mairehau North","Mairehau North","004","Christchurch Central","Christchurch Central",2093604.00657122,2093604.0850835,0.999999962498987
"322600","Holmwood","Holmwood","004","Christchurch Central","Christchurch Central",0.0157462546127489,1129478.53293789,1.39411721015992e-08
"323000","Merivale","Merivale","004","Christchurch Central","Christchurch Central",0.0737983928276703,1105335.21098902,6.67656219524917e-08
"323100","Mairehau South","Mairehau South","004","Christchurch Central","Christchurch Central",1288965.52001588,1386283.19283147,0.929799572469153
"323200","Mona Vale","Mona Vale","004","Christchurch Central","Christchurch Central",0.0273256960588887,547746.131145018,4.9887519975297e-08
"323400","Shirley West","Shirley West","004","Christchurch Central","Christchurch Central",0.116479698602587,1630801.45755323,7.14248187988173e-08
"323500","Middleton","Middleton","004","Christchurch Central","Christchurch Central",0.0149486953086688,1901271.15998736,7.86247412955457e-09
"323800","St Albans North","St Albans North","004","Christchurch Central","Christchurch Central",637290.042126376,637290.042126263,1.00000000000018
"323900","St Albans West","St Albans West","004","Christchurch Central","Christchurch Central",681311.449575414,681311.522375832,0.999999893146652
"324900","Hagley Park","Hagley Park","004","Christchurch Central","Christchurch Central",2190631.68422219,2190631.81773815,0.999999939051394
"325000","Hillmorton","Hillmorton","004","Christchurch Central","Christchurch Central",0.0100708269401109,2916633.82190144,3.45289383414797e-09
"325301","Edgeware North","Edgeware North","004","Christchurch Central","Christchurch Central",432698.280199751,432698.289618849,0.999999978231719
"325302","Edgeware South","Edgeware South","004","Christchurch Central","Christchurch Central",581571.288653698,581571.330646949,0.999999927793465
"326100","Addington West","Addington West","004","Christchurch Central","Christchurch Central",553377.587706322,553377.60106988,0.999999975850924
"325500","Tower Junction","Tower Junction","004","Christchurch Central","Christchurch Central",495866.510859869,1077624.19100819,0.46014790220694
"325900","Richmond North (Christchurch City)","Richmond North (Christchurch City)","004","Christchurch Central","Christchurch Central",0.104851134431829,1166252.60109099,8.99043091811703e-08
"327100","Christchurch Central-South","Christchurch Central-South","004","Christchurch Central","Christchurch Central",1250472.59860233,1250472.6285461,0.999999976054045
"327600","Spreydon North","Spreydon North","004","Christchurch Central","Christchurch Central",1213792.85759284,1213792.89976748,0.999999965253844
"326600","Christchurch Central","Christchurch Central","004","Christchurch Central","Christchurch Central",713924.164618001,713924.164617996,1.00000000000001
"326800","Richmond South (Christchurch City)","Richmond South (Christchurch City)","004","Christchurch Central","Christchurch Central",0.0406703992546664,802862.439862107,5.06567467045184e-08
"327400","Addington East","Addington East","004","Christchurch Central","Christchurch Central",568035.476538034,568035.476538172,0.999999999999757
"327901","Stanmore","Stanmore","004","Christchurch Central","Christchurch Central",0.00942089887622025,424404.537893979,2.21979221121658e-08
"328200","Spreydon South","Spreydon South","004","Christchurch Central","Christchurch Central",555827.902790646,723901.1070362,0.767822976630495
"328800","Lancaster Park","Lancaster Park","004","Christchurch Central","Christchurch Central",977130.763118709,1115583.69038742,0.875891940280492
"328900","Phillipstown","Phillipstown","004","Christchurch Central","Christchurch Central",535243.646112045,933435.295142104,0.573412692767912
"329700","Sydenham South","Sydenham South","004","Christchurch Central","Christchurch Central",554249.908997488,554249.925605073,0.999999970035927
"329200","Somerfield West","Somerfield West","004","Christchurch Central","Christchurch Central",0.0503418200371594,1181181.21067523,4.26198957299543e-08
"330600","Beckenham","Beckenham","004","Christchurch Central","Christchurch Central",876594.177085237,876594.339371166,0.999999814867697
"330900","Opawa","Opawa","004","Christchurch Central","Christchurch Central",814023.925400818,814024.119231933,0.999999761885293
"330800","St Martins","St Martins","004","Christchurch Central","Christchurch Central",0.158594256972339,1045535.51510947,1.51687106444906e-07
"331200","Huntsbury","Huntsbury","004","Christchurch Central","Christchurch Central",0.0427837766190952,1365343.43855629,3.133554196762e-08
"331300","Cashmere East","Cashmere East","004","Christchurch Central","Christchurch Central",0.00862255112254766,2330909.71024167,3.69922141756991e-09
"331400","Hillsborough (Christchurch City)","Hillsborough (Christchurch City)","004","Christchurch Central","Christchurch Central",0.0692351282305629,1644042.87070846,4.21127267811014e-08
"315601","Pegasus Bay","Pegasus Bay","005","Christchurch East","Christchurch East",0.125698942535633,23527899.3190873,5.34254847111054e-09
"316300","Kaiapoi East","Kaiapoi East","005","Christchurch East","Christchurch East",0.191977798690903,5022088.1242881,3.82266885685357e-08
"317100","Brooklands-Spencerville","Brooklands-Spencerville","005","Christchurch East","Christchurch East",7247239.97617408,7247240.08092688,0.999999985545835
"317201","Styx","Styx","005","Christchurch East","Christchurch East",30481333.0236251,32093175.4774362,0.949776161759239
"318401","Marshland","Marshland","005","Christchurch East","Christchurch East",4376864.83048286,7992580.58367227,0.54761597767612
"330100","Woolston North","Woolston North","005","Christchurch East","Christchurch East",0.0773924137498904,1295476.08107114,5.97405192428561e-08
"330200","New Brighton","New Brighton","005","Christchurch East","Christchurch East",1760957.35671226,1760957.35671221,1.00000000000003
"330700","Bromley North","Bromley North","005","Christchurch East","Christchurch East",6231909.42510541,6231909.48578887,0.999999990262462
"325800","Christchurch Central-North","Christchurch Central-North","005","Christchurch East","Christchurch East",0.0299979816327584,777838.422665751,3.85658264732559e-08
"326200","Ōtakaro-Avon River Corridor","Otakaro-Avon River Corridor","005","Christchurch East","Christchurch East",6141400.86410612,6141400.86410655,0.99999999999993
"327000","Christchurch Central-East","Christchurch Central-East","005","Christchurch East","Christchurch East",0.0696753879434423,713470.21790949,9.76570376652796e-08
"328300","Rawhiti","Rawhiti","005","Christchurch East","Christchurch East",1935838.26584784,1935838.26584802,0.999999999999908
"329300","Linwood East","Linwood East","005","Christchurch East","Christchurch East",912060.451310365,912060.487871849,0.999999959913312
"331801","Brookhaven-Ferrymead","Brookhaven-Ferrymead","005","Christchurch East","Christchurch East",0.0378606989159588,2283289.07773868,1.65816493781222e-08
"332301","Inlets other Christchurch City","Inlets other Christchurch City","005","Christchurch East","Christchurch East",6299471.98696854,36963569.423395,0.170423800656586
"329800","Bexley","Bexley","005","Christchurch East","Christchurch East",898837.273790899,898837.273790791,1.00000000000012
"330400","Bromley South","Bromley South","005","Christchurch East","Christchurch East",799713.186654164,1239835.84192474,0.645015379949558
"321301","Prestons","Prestons","005","Christchurch East","Christchurch East",1451500.95349555,1451500.95349579,0.999999999999834
"321302","Prestons Park","Prestons Park","005","Christchurch East","Christchurch East",2624187.5473377,2624187.54733831,0.999999999999768
"317301","Belfast East","Belfast East","005","Christchurch East","Christchurch East",0.00432145269721588,3963621.23550969,1.09027892435847e-09
"318402","Burlington-Oakbridge","Burlington-Oakbridge","005","Christchurch East","Christchurch East",852919.372372356,966744.42237019,0.882259418969528
"318600","Redwood North","Redwood North","005","Christchurch East","Christchurch East",0.0197571472948301,1142536.38288988,1.72923572419262e-08
"321600","Waitikiri","Waitikiri","005","Christchurch East","Christchurch East",1865238.34362313,1865238.34362289,1.00000000000013
"321701","Mairehau North","Mairehau North","005","Christchurch East","Christchurch East",0.078512743729325,2093604.0850835,3.75012373584444e-08
"323100","Mairehau South","Mairehau South","005","Christchurch East","Christchurch East",97317.6728140888,1386283.19283147,0.070200427529759
"324600","Shirley East","Shirley East","005","Christchurch East","Christchurch East",1696616.58581739,1696616.58581726,1.00000000000008
"323400","Shirley West","Shirley West","005","Christchurch East","Christchurch East",1630801.34107407,1630801.45755323,0.999999928575512
"323700","Queenspark","Queenspark","005","Christchurch East","Christchurch East",1120759.62936156,1120759.62936151,1.00000000000005
"324001","Burwood North","Burwood North","005","Christchurch East","Christchurch East",2442329.77002086,2442329.77002028,1.00000000000023
"325100","Parklands","Parklands","005","Christchurch East","Christchurch East",1803303.40714405,1803303.40714425,0.999999999999888
"325301","Edgeware North","Edgeware North","005","Christchurch East","Christchurch East",0.00941932024970621,432698.289618849,2.17687947368672e-08
"325302","Edgeware South","Edgeware South","005","Christchurch East","Christchurch East",0.0419933912267203,581571.330646949,7.22067767336574e-08
"325601","Burwood South","Burwood South","005","Christchurch East","Christchurch East",1209844.04019399,1209844.0401938,1.00000000000016
"325900","Richmond North (Christchurch City)","Richmond North (Christchurch City)","005","Christchurch East","Christchurch East",1166252.49623965,1166252.60109099,0.999999910095515
"327100","Christchurch Central-South","Christchurch Central-South","005","Christchurch East","Christchurch East",0.029943818474666,1250472.6285461,2.39460007289254e-08
"326000","Waimairi Beach","Waimairi Beach","005","Christchurch East","Christchurch East",581289.351892114,581289.351892158,0.999999999999925
"326500","Dallington","Dallington","005","Christchurch East","Christchurch East",826933.799964469,826933.799964857,0.99999999999953
"326800","Richmond South (Christchurch City)","Richmond South (Christchurch City)","005","Christchurch East","Christchurch East",802862.399192583,802862.439862107,0.999999949344343
"327200","North Beach","North Beach","005","Christchurch East","Christchurch East",1988796.5389524,1988796.53895222,1.00000000000009
"328400","Wainoni","Wainoni","005","Christchurch East","Christchurch East",1520236.79665456,1520236.79665465,0.999999999999941
"327500","Avondale (Christchurch City)","Avondale (Christchurch City)","005","Christchurch East","Christchurch East",1249449.23850935,1249449.23850937,0.999999999999981
"328500","Linwood North","Linwood North","005","Christchurch East","Christchurch East",857582.559667613,857582.559667501,1.00000000000013
"328600","Aranui","Aranui","005","Christchurch East","Christchurch East",1416413.1034971,1416413.1034972,0.999999999999933
"327800","Avonside","Avonside","005","Christchurch East","Christchurch East",810292.940334237,810292.940334418,0.999999999999777
"327901","Stanmore","Stanmore","005","Christchurch East","Christchurch East",424404.528473173,424404.537893979,0.999999977802298
"327902","Linwood Central","Linwood Central","005","Christchurch East","Christchurch East",653187.801361357,653187.801361383,0.999999999999961
"328800","Lancaster Park","Lancaster Park","005","Christchurch East","Christchurch East",138452.921589796,1115583.69038742,0.124108054628975
"328900","Phillipstown","Phillipstown","005","Christchurch East","Christchurch East",398191.584248864,933435.295142104,0.426587237831246
"331700","South New Brighton","South New Brighton","005","Christchurch East","Christchurch East",2767095.11762669,2767095.11762949,0.999999999998987
"363800","Oceanic Canterbury Region","Oceanic Canterbury Region","005","Christchurch East","Christchurch East",274101085.594666,11440033258.8297,0.0239598154474863
"162701","Kawakawa Bay-Orere","Kawakawa Bay-Orere","006","Coromandel","Coromandel",1.73756647563312,210061768.280927,8.27169308271925e-09
"168501","Whangamatā West","Whangamata West","006","Coromandel","Coromandel",2279249.01857647,2279249.01857739,0.999999999999597
"168502","Whangamatā East","Whangamata East","006","Coromandel","Coromandel",6230820.13770235,6230820.13770334,0.999999999999841
"168600","Miranda-Pūkorokoro","Miranda-Pukorokoro","006","Coromandel","Coromandel",81337693.0737569,81337693.107869,0.999999999580611
"168701","Hauraki Plains North","Hauraki Plains North","006","Coromandel","Coromandel",180433978.544103,180433978.900671,0.99999999802383
"168800","Hauraki Plains East","Hauraki Plains East","006","Coromandel","Coromandel",90651449.6114545,90651449.6114562,0.999999999999981
"169000","Hauraki Plains South","Hauraki Plains South","006","Coromandel","Coromandel",251386715.940518,251386717.318801,0.999999994517281
"169100","Paeroa Rural","Paeroa Rural","006","Coromandel","Coromandel",272570250.49054,272570251.287219,0.99999999707716
"169800","Mangatangi","Mangatangi","006","Coromandel","Coromandel",176649434.410159,258185732.253604,0.684195183321147
"170700","Maramarua","Maramarua","006","Coromandel","Coromandel",86504055.0302082,267639791.26162,0.323210740161017
"171300","Waerenga","Waerenga","006","Coromandel","Coromandel",0.766665743357548,261738788.883755,2.92912543313572e-09
"173500","Tahuna-Mangateparu","Tahuna-Mangateparu","006","Coromandel","Coromandel",0.850663014070161,238922715.272871,3.56041079266418e-09
"173600","Mangaiti","Mangaiti","006","Coromandel","Coromandel",2.52438542463449,257276361.891822,9.8119602052517e-09
"191101","Ōmokoroa South","Omokoroa South","006","Coromandel","Coromandel",1417837.97890288,1417837.97890278,1.00000000000007
"191201","Te Puna","Te Puna","006","Coromandel","Coromandel",7589704.65252382,24708391.2170299,0.307171138171583
"110600","Oceanic Auckland Region East","Oceanic Auckland Region East","006","Coromandel","Coromandel",7.89066862653739,7823314944.70714,1.00860935323533e-09
"167700","Thames Central","Thames Central","006","Coromandel","Coromandel",1255099.48362832,1255099.48362913,0.999999999999359
"165200","Hunua","Hunua","006","Coromandel","Coromandel",0.359801356291666,77834872.4311473,4.62262408934949e-09
"166400","Ararimu","Ararimu","006","Coromandel","Coromandel",0.515012789588025,90928246.4554548,5.66394722942696e-09
"166500","Colville","Colville","006","Coromandel","Coromandel",543303326.790513,543303326.790528,0.999999999999972
"166600","Islands Thames-Coromandel District","Islands Thames-Coromandel District","006","Coromandel","Coromandel",35450855.3814202,35450855.3814216,0.999999999999962
"166700","Coromandel","Coromandel","006","Coromandel","Coromandel",10887950.9418223,10887950.9418236,0.999999999999887
"166801","Inlets Thames-Coromandel District","Inlets Thames-Coromandel District","006","Coromandel","Coromandel",91606753.5499013,91606753.5499025,0.999999999999987
"166900","Mercury Bay North","Mercury Bay North","006","Coromandel","Coromandel",305272746.260754,305272746.260748,1.00000000000002
"167000","Whitianga North","Whitianga North","006","Coromandel","Coromandel",12513025.5243048,12513025.5243023,1.0000000000002
"167101","Whitianga South","Whitianga South","006","Coromandel","Coromandel",2668653.7484901,2668653.74849035,0.999999999999907
"167102","Whitianga Waterways","Whitianga Waterways","006","Coromandel","Coromandel",2206568.51503046,2206568.51503043,1.00000000000002
"167200","Thames Coast","Thames Coast","006","Coromandel","Coromandel",116104821.279892,116104821.279893,0.999999999999991
"167300","Cooks Beach-Ferry Landing","Cooks Beach-Ferry Landing","006","Coromandel","Coromandel",2694654.80086898,2694654.80087015,0.999999999999564
"167400","Mercury Bay South","Mercury Bay South","006","Coromandel","Coromandel",359398649.06294,359398649.062949,0.999999999999977
"167501","Kauaeranga","Kauaeranga","006","Coromandel","Coromandel",179005984.202803,179005984.202802,1.00000000000001
"167600","Thames North","Thames North","006","Coromandel","Coromandel",2634745.51528593,2634745.51528713,0.999999999999545
"167800","Thames South","Thames South","006","Coromandel","Coromandel",3281819.0876606,3281819.08766041,1.00000000000006
"167900","Hikuai","Hikuai","006","Coromandel","Coromandel",284147741.947952,284147741.947949,1.00000000000001
"168001","Totora-Kopu","Totora-Kopu","006","Coromandel","Coromandel",9850208.94013072,9850208.94013136,0.999999999999935
"168101","Tairua","Tairua","006","Coromandel","Coromandel",4196658.79689464,4196658.79689215,1.00000000000059
"168200","Pāuanui","Pauanui","006","Coromandel","Coromandel",9910935.42447862,9910935.42447651,1.00000000000021
"168300","Matatoki-Pūriri","Matatoki-Puriri","006","Coromandel","Coromandel",161074647.608161,161074647.608161,1
"168400","Whangamatā Rural","Whangamata Rural","006","Coromandel","Coromandel",153670140.545296,153670140.545294,1.00000000000001
"168901","Ngatea","Ngatea","006","Coromandel","Coromandel",1748488.80025754,1748488.8002574,1.00000000000008
"169200","Paeroa","Paeroa","006","Coromandel","Coromandel",6869596.32020365,6869596.32020342,1.00000000000003
"169301","Waihī Rural","Waihi Rural","006","Coromandel","Coromandel",375613948.59835,375613949.555241,0.999999997452463
"169401","Waihī North","Waihi North","006","Coromandel","Coromandel",2782056.77314366,2782056.77314339,1.0000000000001
"169500","Waihī East","Waihi East","006","Coromandel","Coromandel",4078061.38262305,4078061.38262232,1.00000000000018
"169600","Waihī South","Waihi South","006","Coromandel","Coromandel",2688537.41731989,2688537.41732051,0.999999999999771
"174300","Waihou-Manawaru","Waihou-Manawaru","006","Coromandel","Coromandel",1.14306345522555,140784466.469833,8.11924414594764e-09
"174500","Richmond Downs-Wardville","Richmond Downs-Wardville","006","Coromandel","Coromandel",0.787429647740266,206717037.091139,3.80921504497521e-09
"174701","Okauia","Okauia","006","Coromandel","Coromandel",0.159621220004311,119510853.008938,1.33562112549203e-09
"190100","Waiau","Waiau","006","Coromandel","Coromandel",36081148.041066,36081148.0410669,0.999999999999976
"190200","Waihī Beach-Bowentown","Waihi Beach-Bowentown","006","Coromandel","Coromandel",6314078.83382494,6314078.83382634,0.999999999999778
"190300","Tahawai","Tahawai","006","Coromandel","Coromandel",82083254.0165063,82083254.0165086,0.999999999999971
"190400","Athenree","Athenree","006","Coromandel","Coromandel",1263472.00489184,1263472.00489101,1.00000000000066
"190501","Aongatete","Aongatete","006","Coromandel","Coromandel",164355503.58561,164355504.360749,0.999999995283765
"190601","Katikati North","Katikati North","006","Coromandel","Coromandel",5359499.88648154,5359499.88648158,0.999999999999992
"190602","Katikati South","Katikati South","006","Coromandel","Coromandel",4609338.60920966,4609338.60920934,1.00000000000007
"190700","Inlet Tauranga Harbour North","Inlet Tauranga Harbour North","006","Coromandel","Coromandel",146534157.577284,161219048.203948,0.908913426854583
"190800","Matakana Island","Matakana Island","006","Coromandel","Coromandel",64559064.7109468,64559064.9033345,0.999999997019974
"190901","Pahoia West","Pahoia West","006","Coromandel","Coromandel",40580805.0174302,40580805.0174289,1.00000000000003
"190902","Pahoia East","Pahoia East","006","Coromandel","Coromandel",72207510.6657504,72207511.5037036,0.999999988395207
"191001","Ōmokoroa North","Omokoroa North","006","Coromandel","Coromandel",3826090.36505115,3826090.36505643,0.999999999998619
"191300","Minden","Minden","006","Coromandel","Coromandel",26629548.6525982,85951538.2810139,0.309820501007606
"191400","Kaimai","Kaimai","006","Coromandel","Coromandel",0.501387609608954,327886947.311976,1.52914781670738e-09
"192700","Inlet Tauranga Harbour South","Inlet Tauranga Harbour South","006","Coromandel","Coromandel",0.166348740118961,39533568.2802138,4.20778460825702e-09
"258500","Oceanic Waikato Region East","Oceanic Waikato Region East","006","Coromandel","Coromandel",5879543589.7852,5879543599.5551,0.999999998338324
"258600","Inlets Waikato Region","Inlets Waikato Region","006","Coromandel","Coromandel",9546860.6814126,9546860.68140913,1.00000000000036
"258800","Oceanic Bay of Plenty Region","Oceanic Bay of Plenty Region","006","Coromandel","Coromandel",1616644178.04545,9370163225.91383,0.172531058325058
"258900","Islands Bay of Plenty Region","Islands Bay of Plenty Region","006","Coromandel","Coromandel",13075328.1466043,24881285.9904719,0.525508534872812
"350801","Inlet Otago Harbour","Inlet Otago Harbour","007","Dunedin","Dunedin",47546000.8944521,47546000.9079103,0.999999999716943
"350900","Brockville","Brockville","007","Dunedin","Dunedin",1471237.56645461,1471237.63927551,0.999999950503641
"352701","Port Chalmers","Port Chalmers","007","Dunedin","Dunedin",3295806.48278644,3295806.48278525,1.00000000000036
"352800","Royal Terrace","Royal Terrace","007","Dunedin","Dunedin",276483.491514803,276483.491514851,0.999999999999828
"353500","Maryhill","Maryhill","007","Dunedin","Dunedin",1235100.39947939,1235100.5103182,0.99999991025928
"353701","Harbourside","Harbourside","007","Dunedin","Dunedin",2822746.60654496,2822746.6146331,0.999999997134654
"353900","Otago Peninsula","Otago Peninsula","007","Dunedin","Dunedin",84955852.8288704,84955852.8756323,0.999999999449575
"354200","Caversham","Caversham","007","Dunedin","Dunedin",0.0880818477499918,712070.061925811,1.23698288215871e-07
"349000","Strath Taieri","Strath Taieri","007","Dunedin","Dunedin",1.25946579788463,2115021896.5556,5.95485937963912e-10
"349100","Bucklands Crossing","Bucklands Crossing","007","Dunedin","Dunedin",421956290.905469,421956294.225413,0.99999999213202
"350201","Saddle Hill-Chain Hills","Saddle Hill-Chain Hills","007","Dunedin","Dunedin",2363278.99229477,47612619.0027454,0.0496355596855216
"350401","Halfway Bush","Halfway Bush","007","Dunedin","Dunedin",1458108.67815615,1458108.7343445,0.999999961464914
"351300","Pine Hill-Dalmore","Pine Hill-Dalmore","007","Dunedin","Dunedin",1177202.43074581,1177202.43074606,0.99999999999979
"351801","Roseneath-Sawyers Bay","Roseneath-Sawyers Bay","007","Dunedin","Dunedin",4791797.56121242,4791797.56121231,1.00000000000002
"352000","North East Valley Knox","North East Valley Knox","007","Dunedin","Dunedin",668261.806479072,668261.806478851,1.00000000000033
"354901","Waverley (Dunedin City)","Waverley (Dunedin City)","007","Dunedin","Dunedin",2146766.91233412,2146766.93445604,0.999999989695237
"355000","Macandrew Bay-Company Bay","Macandrew Bay-Company Bay","007","Dunedin","Dunedin",2577206.3237621,2577206.32376282,0.999999999999722
"355100","Broad Bay-Portobello","Broad Bay-Portobello","007","Dunedin","Dunedin",3596991.96891749,3596991.96891768,0.999999999999947
"355600","Andersons Bay","Andersons Bay","007","Dunedin","Dunedin",0.114416701035157,1257667.4092646,9.09753247896119e-08
"351901","Normanby (Dunedin City)","Normanby (Dunedin City)","007","Dunedin","Dunedin",1418696.42830832,1418696.42830848,0.999999999999885
"343600","Waihemo","Waihemo","007","Dunedin","Dunedin",2.0868530567633,1312578321.20747,1.58988840745408e-09
"352400","Campus West","Campus West","007","Dunedin","Dunedin",321659.431043401,321659.431043262,1.00000000000043
"353000","Opoho","Opoho","007","Dunedin","Dunedin",2358720.94103562,2358720.9410356,1.00000000000001
"353100","Campus North","Campus North","007","Dunedin","Dunedin",606848.854540977,606848.854540932,1.00000000000007
"353200","Campus South","Campus South","007","Dunedin","Dunedin",469934.287345672,469934.287345716,0.999999999999906
"353300","Mornington","Mornington","007","Dunedin","Dunedin",1046588.00029489,1087495.82813303,0.962383462281081
"353400","Dunedin Central","Dunedin Central","007","Dunedin","Dunedin",1307074.61062254,1307074.61601669,0.999999995873113
"349200","Waikouaiti","Waikouaiti","007","Dunedin","Dunedin",7328302.62751878,7328302.62751844,1.00000000000005
"349401","Taieri","Taieri","007","Dunedin","Dunedin",536159.375637905,150045127.749997,0.00357332079806847
"349500","Inlets other Dunedin City","Inlets other Dunedin City","007","Dunedin","Dunedin",16567788.1410997,16567788.1410954,1.00000000000026
"349601","Mount Cargill","Mount Cargill","007","Dunedin","Dunedin",129780858.345938,129780859.291944,0.999999992710742
"350500","Helensburgh","Helensburgh","007","Dunedin","Dunedin",1461911.81393944,1461911.87985368,0.999999954912305
"354100","Calton Hill","Calton Hill","007","Dunedin","Dunedin",0.0459120882605838,664092.537776145,6.91350762867027e-08
"350600","Glenleith","Glenleith","007","Dunedin","Dunedin",2123270.58932698,2123270.58932668,1.00000000000014
"351000","Wakari","Wakari","007","Dunedin","Dunedin",2206405.17021786,2206405.17021759,1.00000000000012
"351400","Kaikorai-Bradford","Kaikorai-Bradford","007","Dunedin","Dunedin",1898666.38424772,3438621.05769476,0.552159238366491
"351500","Maori Hill","Maori Hill","007","Dunedin","Dunedin",1010610.67724904,1010610.67724905,0.999999999999994
"351600","Roslyn (Dunedin City)","Roslyn (Dunedin City)","007","Dunedin","Dunedin",1294487.52193143,1294487.52193181,0.999999999999711
"351700","North East Valley Chingford","North East Valley Chingford","007","Dunedin","Dunedin",1082669.18264437,1082669.18264493,0.999999999999482
"352100","Belleknowes","Belleknowes","007","Dunedin","Dunedin",1127186.82529164,1127186.82529153,1.00000000000009
"352200","Gardens (Dunedin City)","Gardens (Dunedin City)","007","Dunedin","Dunedin",1511147.31784877,1511147.31784876,1.00000000000001
"352300","Kenmure","Kenmure","007","Dunedin","Dunedin",1100138.1329255,1100138.14357132,0.999999990323203
"352900","Arthur Street","Arthur Street","007","Dunedin","Dunedin",716986.020365027,716986.020365399,0.999999999999481
"353600","Ravensbourne-St Leonards","Ravensbourne-St Leonards","007","Dunedin","Dunedin",4909264.79544208,4909264.79544144,1.00000000000013
"353800","Fernhill","Fernhill","007","Dunedin","Dunedin",794429.519535781,794429.541791405,0.999999971985403
"354300","Hillside-Portsmouth Drive","Hillside-Portsmouth Drive","007","Dunedin","Dunedin",678098.356656686,1356997.94213232,0.499704778911569
"355300","Musselburgh","Musselburgh","007","Dunedin","Dunedin",0.0318995845181024,575252.602782726,5.54531772021393e-08
"355400","Shiel Hill","Shiel Hill","007","Dunedin","Dunedin",1372148.01760554,1372148.06977952,0.999999961976419
"355700","Tainui","Tainui","007","Dunedin","Dunedin",640375.221692299,1988867.48080812,0.321979834187898
"363900","Oceanic Otago Region","Oceanic Otago Region","007","Dunedin","Dunedin",1435370377.21518,6537893947.41588,0.219546292546166
"189800","Rangataiki","Rangataiki","008","East Cape","East Cape",2.2021922806079,996271436.963284,2.2104340232019e-09
"192000","Rangiuru","Rangiuru","008","East Cape","East Cape",118188689.720338,220472450.298909,0.536070105630438
"192200","Inlets Maketū","Inlets Maketu","008","East Cape","East Cape",5120745.61588821,5120745.61588958,0.999999999999733
"192300","Maketū","Maketu","008","East Cape","East Cape",5154551.22590808,5154551.22591618,0.999999999998427
"192400","Pukehina Beach","Pukehina Beach","008","East Cape","East Cape",1566186.91475612,1566186.91475713,0.999999999999356
"198700","Rotoiti-Rotoehu","Rotoiti-Rotoehu","008","East Cape","East Cape",2.38850868521034,467956850.064754,5.10412164044575e-09
"201700","Kaingaroa-Whakarewarewa","Kaingaroa-Whakarewarewa","008","East Cape","East Cape",1.60723162437378,530655442.750636,3.02876686997262e-09
"201800","Golden Springs","Golden Springs","008","East Cape","East Cape",0.764052712877556,498916052.614181,1.53142539486179e-09
"201900","Manawahe","Manawahe","008","East Cape","East Cape",267003336.775485,267003337.094499,0.999999998805206
"202300","Thornton-Awakeri","Thornton-Awakeri","008","East Cape","East Cape",151817942.708877,151817942.708858,1.00000000000012
"202500","Coastlands","Coastlands","008","East Cape","East Cape",15666348.3869788,15666348.3869789,0.999999999999996
"202600","Whakatāne West","Whakatane West","008","East Cape","East Cape",1832304.0671526,1832304.06714918,1.00000000000187
"202700","Whakatāne Central","Whakatane Central","008","East Cape","East Cape",2594857.42466115,2594857.42465997,1.00000000000046
"203100","Wainui","Wainui","008","East Cape","East Cape",86560548.3363914,86560548.3363937,0.999999999999974
"203200","Ōhope","Ohope","008","East Cape","East Cape",6333527.30307243,6333527.30307555,0.999999999999507
"203901","Kawerau Central","Kawerau Central","008","East Cape","East Cape",2401371.38657219,2401371.38657297,0.999999999999675
"204000","Inlet Ohiwa Harbour East","Inlet Ohiwa Harbour East","008","East Cape","East Cape",10921227.8855052,10921227.8855033,1.00000000000017
"204101","Waiotahe","Waiotahe","008","East Cape","East Cape",143240769.631181,143240769.631184,0.999999999999973
"204200","Cape Runaway","Cape Runaway","008","East Cape","East Cape",1568884123.11537,1568884123.11523,1.00000000000009
"204400","Ōpōtiki","Opotiki","008","East Cape","East Cape",5745442.00288638,5745442.00288544,1.00000000000016
"204500","Ōtara-Tirohanga","Otara-Tirohanga","008","East Cape","East Cape",113521790.619252,113521790.61925,1.00000000000002
"204600","Oponae","Oponae","008","East Cape","East Cape",1255563429.64692,1255563432.28186,0.999999997901389
"205800","Te Hapara North","Te Hapara North","008","East Cape","East Cape",1200517.92881523,1200517.92881512,1.00000000000009
"206300","Mangapapa South","Mangapapa South","008","East Cape","East Cape",844978.710984724,844978.710984591,1.00000000000016
"206400","Te Hapara East","Te Hapara East","008","East Cape","East Cape",948240.610558574,948240.610558025,1.00000000000058
"206500","Centennial Crescent","Centennial Crescent","008","East Cape","East Cape",818882.914333057,818882.914332099,1.00000000000117
"206601","Whataupoko East","Whataupoko East","008","East Cape","East Cape",2688103.76245814,2688103.76245854,0.999999999999853
"206700","Whataupoko West","Whataupoko West","008","East Cape","East Cape",1097362.18831994,1097362.18832018,0.999999999999784
"206801","Gisborne Central","Gisborne Central","008","East Cape","East Cape",1370171.08229146,1370171.08229188,0.999999999999693
"206900","Kaiti North","Kaiti North","008","East Cape","East Cape",1327891.23579214,1327891.23579032,1.00000000000137
"207000","Kaiti South","Kaiti South","008","East Cape","East Cape",3413727.7964254,3413727.79642573,0.999999999999904
"207200","Tamarau","Tamarau","008","East Cape","East Cape",1114075.31067692,1114075.31067717,0.999999999999771
"207301","Wainui-Okitu","Wainui-Okitu","008","East Cape","East Cape",6199918.46221142,6199918.46221092,1.00000000000008
"205900","Mangapapa North","Mangapapa North","008","East Cape","East Cape",619877.317486525,619877.317486333,1.00000000000031
"206000","Elgin","Elgin","008","East Cape","East Cape",1044684.43662796,1044684.43662774,1.00000000000021
"191801","Otawa","Otawa","008","East Cape","East Cape",35333.1772600837,152279189.709593,0.000232028928755574
"192101","Te Puke East","Te Puke East","008","East Cape","East Cape",0.049903066171691,2176622.58658774,2.29268346654085e-08
"192500","Pongakawa","Pongakawa","008","East Cape","East Cape",389029892.580049,389029894.090493,0.999999996117409
"206100","Te Hapara South","Te Hapara South","008","East Cape","East Cape",864435.302239112,864435.302239117,0.999999999999994
"206200","Mangapapa East","Mangapapa East","008","East Cape","East Cape",1657187.80926772,1657187.80926705,1.00000000000041
"197603","Wairakei East-Te Tumu","Wairakei East-Te Tumu","008","East Cape","East Cape",0.283220558143603,9944619.87846827,2.84797771664277e-08
"197700","Tui Ridge","Tui Ridge","008","East Cape","East Cape",0.323203742656962,220921390.176614,1.46298075708549e-09
"202000","Matatā-Otakiri","Matata-Otakiri","008","East Cape","East Cape",87433841.3279327,87433841.3279257,1.00000000000008
"202100","Onepu Spring","Onepu Spring","008","East Cape","East Cape",94579614.00185,94579614.1038923,0.999999998921096
"202200","Edgecumbe","Edgecumbe","008","East Cape","East Cape",2007746.57000378,2007746.57000401,0.999999999999888
"202400","Te Teko Lakes","Te Teko Lakes","008","East Cape","East Cape",71098009.6146118,71098009.6146095,1.00000000000003
"202800","Trident","Trident","008","East Cape","East Cape",1811281.95292159,1811281.95292107,1.00000000000028
"202900","Allandale","Allandale","008","East Cape","East Cape",1525627.88213943,1525627.88214002,0.999999999999613
"203000","Mokorua Bush","Mokorua Bush","008","East Cape","East Cape",1357075.02264521,1357075.02264319,1.00000000000149
"203300","Inlet Ohiwa Harbour West","Inlet Ohiwa Harbour West","008","East Cape","East Cape",14712984.2642837,14712984.2642868,0.999999999999787
"203400","Galatea","Galatea","008","East Cape","East Cape",2198836467.2894,2198836475.34587,0.999999996336029
"203500","Waingarara-Waimana","Waingarara-Waimana","008","East Cape","East Cape",1448131769.30357,1448131769.48618,0.999999999873899
"203600","Murupara","Murupara","008","East Cape","East Cape",6259941.06255311,6259941.06255223,1.00000000000014
"203700","Monika Reserve","Monika Reserve","008","East Cape","East Cape",15045333.493946,15045333.4939463,0.999999999999985
"203800","Kawerau Industrial","Kawerau Industrial","008","East Cape","East Cape",9543742.66518653,9543742.66518757,0.999999999999891
"203902","Tarawera Park","Tarawera Park","008","East Cape","East Cape",1806927.53378879,1806927.53378832,1.00000000000026
"204301","Woodlands","Woodlands","008","East Cape","East Cape",2849250.82853592,2849250.82853628,0.999999999999874
"204700","East Cape","East Cape","008","East Cape","East Cape",991221158.952964,991221158.952969,0.999999999999995
"204800","Waipaoa","Waipaoa","008","East Cape","East Cape",1493572745.29991,2277328443.27107,0.655844241401822
"204900","Ruatōria-Raukumara","Ruatoria-Raukumara","008","East Cape","East Cape",693315120.374313,693315120.374294,1.00000000000003
"205000","Tokomaru","Tokomaru","008","East Cape","East Cape",1144914584.59184,1144914584.59182,1.00000000000002
"205100","Hangaroa","Hangaroa","008","East Cape","East Cape",2.70063549306476,1870116549.40167,1.44410009842906e-09
"205201","Wharekaka","Wharekaka","008","East Cape","East Cape",1197180518.1002,1197180518.10018,1.00000000000002
"205300","Te Arai","Te Arai","008","East Cape","East Cape",54680151.3031108,54680153.1599583,0.999999966041656
"205401","Hexton","Hexton","008","East Cape","East Cape",118871839.637688,118871839.670376,0.999999999725011
"205500","Lytton","Lytton","008","East Cape","East Cape",856590.635059277,856590.635059185,1.00000000000011
"205601","Makaraka-Awapuni","Makaraka-Awapuni","008","East Cape","East Cape",8692741.27435477,8692741.27435427,1.00000000000006
"205700","Riverdale","Riverdale","008","East Cape","East Cape",1243034.51469011,1243034.5146901,1.00000000000001
"206802","Inlet Eastland Port","Inlet Eastland Port","008","East Cape","East Cape",227384.133237456,227384.13323734,1.00000000000051
"207100","Outer Kaiti","Outer Kaiti","008","East Cape","East Cape",1453927.96471156,1453927.96471149,1.00000000000005
"207400","Maungataniwha-Raupunga","Maungataniwha-Raupunga","008","East Cape","East Cape",2.81391739347705,2081733536.18291,1.35171833693791e-09
"207600","Frasertown-Ruakituri","Frasertown-Ruakituri","008","East Cape","East Cape",0.659877855901674,1333729894.71086,4.94761239527235e-10
"258800","Oceanic Bay of Plenty Region","Oceanic Bay of Plenty Region","008","East Cape","East Cape",6318346985.96027,9370163225.91383,0.67430490095268
"258900","Islands Bay of Plenty Region","Islands Bay of Plenty Region","008","East Cape","East Cape",4999106.16880663,24881285.9904719,0.2009183195242
"259200","Oceanic Gisborne Region","Oceanic Gisborne Region","008","East Cape","East Cape",4949654757.74397,5603742371.96842,0.883276644283937
"116300","Pāremoremo West","Paremoremo West","009","East Coast Bays","East Coast Bays",0.0530474742808847,9480436.11344288,5.59546772385983e-09
"116500","Long Bay","Long Bay","009","East Coast Bays","East Coast Bays",2852590.63393816,2852590.63393767,1.00000000000017
"116601","Pāremoremo East","Paremoremo East","009","East Coast Bays","East Coast Bays",14370165.7015124,14370165.9501662,0.999999982696531
"116701","Albany Heights","Albany Heights","009","East Coast Bays","East Coast Bays",3921351.88241933,3921352.01684106,0.999999965720567
"117201","Torbay West","Torbay West","009","East Coast Bays","East Coast Bays",795704.925979213,795704.92597947,0.999999999999677
"117202","Torbay East","Torbay East","009","East Coast Bays","East Coast Bays",871692.166340351,871692.166340253,1.00000000000011
"117300","Albany Central","Albany Central","009","East Coast Bays","East Coast Bays",3209482.97575126,3209482.97575047,1.00000000000025
"117400","Albany West","Albany West","009","East Coast Bays","East Coast Bays",991328.6599252,2057191.94392653,0.481884377805342
"117900","Waiake","Waiake","009","East Coast Bays","East Coast Bays",1249796.43659405,1249796.43659369,1.00000000000029
"118100","Albany South","Albany South","009","East Coast Bays","East Coast Bays",1413282.11880771,1483988.48767233,0.95235382925677
"118300","Browns Bay Central","Browns Bay Central","009","East Coast Bays","East Coast Bays",1182752.50267871,1182752.50267866,1.00000000000004
"119700","Windsor Park","Windsor Park","009","East Coast Bays","East Coast Bays",213609.775460454,835503.549647248,0.255665910157582
"113402","Dairy Flat North","Dairy Flat North","009","East Coast Bays","East Coast Bays",0.0248737278004637,18760977.6731725,1.32582257885378e-09
"118502","Pinehill South","Pinehill South","009","East Coast Bays","East Coast Bays",931633.9967219,931634.003452584,0.9999999927754
"118700","Browns Bay South East","Browns Bay South East","009","East Coast Bays","East Coast Bays",855982.267671979,855982.267671827,1.00000000000018
"119000","Rothesay Bay","Rothesay Bay","009","East Coast Bays","East Coast Bays",864926.881649924,864926.881649926,0.999999999999998
"119301","Inlet Waitemata Harbour","Inlet Waitemata Harbour","009","East Coast Bays","East Coast Bays",2107310.68855261,79264044.3786701,0.0265859596879173
"110600","Oceanic Auckland Region East","Oceanic Auckland Region East","009","East Coast Bays","East Coast Bays",71952578.9356158,7823314944.70714,0.00919719830329665
"114801","Ōkura Bush","Okura Bush","009","East Coast Bays","East Coast Bays",12117113.7123176,28266092.2063269,0.428680187691646
"115501","Coatesville","Coatesville","009","East Coast Bays","East Coast Bays",3416626.98981012,21593613.2186426,0.158223959798466
"115601","Dairy Flat South","Dairy Flat South","009","East Coast Bays","East Coast Bays",0.413733066763688,14400039.3541492,2.87313844489235e-08
"116801","Awaruku","Awaruku","009","East Coast Bays","East Coast Bays",1289134.73189352,1289134.73189366,0.999999999999888
"116900","Fairview Heights","Fairview Heights","009","East Coast Bays","East Coast Bays",1609045.0903737,1609045.09037837,0.999999999997098
"118200","Browns Bay South West","Browns Bay South West","009","East Coast Bays","East Coast Bays",1151269.4364315,1151269.43643161,0.999999999999907
"118501","Pinehill North","Pinehill North","009","East Coast Bays","East Coast Bays",697394.344686894,697394.344686889,1.00000000000001
"117500","Glamorgan","Glamorgan","009","East Coast Bays","East Coast Bays",959188.77531351,959188.775313518,0.999999999999992
"117600","Oteha East","Oteha East","009","East Coast Bays","East Coast Bays",762530.674806382,762530.674806091,1.00000000000038
"117700","Northcross","Northcross","009","East Coast Bays","East Coast Bays",1070776.20645946,1070776.20645914,1.0000000000003
"117800","Oteha West","Oteha West","009","East Coast Bays","East Coast Bays",529511.521433969,529511.521434116,0.999999999999723
"118600","North Harbour","North Harbour","009","East Coast Bays","East Coast Bays",1135361.47182284,5490001.10103914,0.206805326798194
"119500","Murrays Bay West","Murrays Bay West","009","East Coast Bays","East Coast Bays",534211.025621078,957318.736203224,0.558028382208194
"120000","Murrays Bay East","Murrays Bay East","009","East Coast Bays","East Coast Bays",456841.583603195,697955.951565876,0.654542142062494
"139300","Maungawhau","Maungawhau","010","Epsom","Epsom",123193.719861086,734521.760804845,0.167719632602985
"139400","Remuera West","Remuera West","010","Epsom","Epsom",880561.462026034,880561.462026476,0.999999999999498
"140000","Remuera Waitaramoa","Remuera Waitaramoa","010","Epsom","Epsom",1690646.92626681,1690646.92626747,0.999999999999607
"137400","Parnell East","Parnell East","010","Epsom","Epsom",1226793.51908323,1226793.55749305,0.999999968690885
"138400","Mount Eden West","Mount Eden West","010","Epsom","Epsom",791373.823180748,791373.863764369,0.999999948717512
"138502","Newmarket Park","Newmarket Park","010","Epsom","Epsom",277803.592555925,277803.592555469,1.00000000000164
"139201","Orakei West","Orakei West","010","Epsom","Epsom",36617.2571290781,1454018.71696431,0.0251834840238696
"142202","Greenlane Central","Greenlane Central","010","Epsom","Epsom",0.00424406634355036,617032.232988914,6.87819228339504e-09
"142400","Remuera East","Remuera East","010","Epsom","Epsom",427570.239124838,885820.213065107,0.482682865911767
"142600","Royal Oak West (Auckland)","Royal Oak West (Auckland)","010","Epsom","Epsom",0.0453894836163798,811349.334460174,5.59432068143365e-08
"143100","Remuera Abbotts Park","Remuera Abbotts Park","010","Epsom","Epsom",0.055818479825966,1022010.13172923,5.46163664067811e-08
"119301","Inlet Waitemata Harbour","Inlet Waitemata Harbour","010","Epsom","Epsom",1884155.94258934,79264044.3786701,0.0237706258538627
"135700","The Strand","The Strand","010","Epsom","Epsom",0.0632979905750763,170037.712398037,3.7225854007553e-07
"136001","Eden Terrace","Eden Terrace","010","Epsom","Epsom",590846.249942398,590846.345549525,0.999999838186142
"136002","Grafton West","Grafton West","010","Epsom","Epsom",252217.893104052,252217.893104036,1.00000000000006
"139900","Mount Eden South","Mount Eden South","010","Epsom","Epsom",282430.156375755,872831.986210902,0.323579063138862
"135900","Symonds Street East","Symonds Street East","010","Epsom","Epsom",0.0469260609636067,103429.374799882,4.53701485234735e-07
"133301","Quay Street-Customs Street","Quay Street-Customs Street","010","Epsom","Epsom",0.0357153231286749,1217131.85067633,2.93438406930429e-08
"133500","Grey Lynn East","Grey Lynn East","010","Epsom","Epsom",0.00216888590704767,579809.302076031,3.74068835957251e-09
"135300","Symonds Street West","Symonds Street West","010","Epsom","Epsom",0.00516221198864135,145506.560833574,3.54775204572784e-08
"134302","Karangahape East","Karangahape East","010","Epsom","Epsom",0.00901146759538261,116456.015511165,7.73808682688328e-08
"134400","Kingsland","Kingsland","010","Epsom","Epsom",0.0885384265275752,772068.636556854,1.14676885364007e-07
"134800","Auckland-University","Auckland-University","010","Epsom","Epsom",0.015476919825557,369413.003765914,4.1895980021765e-08
"136100","Grafton","Grafton","010","Epsom","Epsom",607202.297000505,622686.853974624,0.975132674031448
"136400","Parnell West","Parnell West","010","Epsom","Epsom",1649246.98548645,1649247.08688621,0.999999938517542
"140200","Epsom Central-North","Epsom Central-North","010","Epsom","Epsom",1105888.008578,1105888.00857775,1.00000000000023
"136900","Eden Valley","Eden Valley","010","Epsom","Epsom",419417.835102062,584026.223710976,0.718148977004882
"139000","Mount Eden East","Mount Eden East","010","Epsom","Epsom",764105.175103022,764105.175102882,1.00000000000018
"137701","Mount Eden North East","Mount Eden North East","010","Epsom","Epsom",409259.463758744,409259.463758878,0.999999999999671
"137800","Mount Eden North","Mount Eden North","010","Epsom","Epsom",874898.154522561,874898.154522241,1.00000000000037
"138100","Balmoral","Balmoral","010","Epsom","Epsom",0.0391229202191987,784839.049867086,4.98483354336462e-08
"138501","Newmarket","Newmarket","010","Epsom","Epsom",851127.292191195,851127.29219137,0.999999999999795
"138700","Epsom North","Epsom North","010","Epsom","Epsom",1077242.84908746,1077242.8490876,0.99999999999987
"140300","Mount St John","Mount St John","010","Epsom","Epsom",1242530.74457186,1242530.74457149,1.0000000000003
"140500","Remuera North","Remuera North","010","Epsom","Epsom",1412704.72759718,1412704.78743137,0.999999957645649
"140800","Epsom Central-South","Epsom Central-South","010","Epsom","Epsom",983465.026542909,983465.071275183,0.999999954515645
"141000","Remuera South","Remuera South","010","Epsom","Epsom",1429436.64785583,1429436.68166967,0.999999976344641
"141201","Three Kings North","Three Kings North","010","Epsom","Epsom",0.0211041996938095,674279.513626207,3.12988890620646e-08
"141500","Epsom East","Epsom East","010","Epsom","Epsom",1268209.88263111,1268210.05532578,0.999999863828021
"141600","Remuera Waiata","Remuera Waiata","010","Epsom","Epsom",943463.394394969,943463.428554972,0.999999963792976
"141700","Epsom South","Epsom South","010","Epsom","Epsom",0.0189099956343918,596275.234881034,3.17135351733409e-08
"141900","Meadowbank West","Meadowbank West","010","Epsom","Epsom",0.00153004250986025,1024500.82074731,1.49345171704614e-09
"142201","Greenlane North","Greenlane North","010","Epsom","Epsom",526272.745904413,526272.826550669,0.999999846759605
"142802","One Tree Hill Amaru","One Tree Hill Amaru","010","Epsom","Epsom",0.0711837444209851,2220843.7197953,3.2052568033714e-08
"143301","Ellerslie Central","Ellerslie Central","010","Epsom","Epsom",0.0501118529976977,1547691.76591401,3.23784451796857e-08
"123200","Te Atatū Peninsula North West","Te Atatu Peninsula North West","011","Glendene","Glendene",1112652.962601,1112652.96260088,1.00000000000011
"125100","Henderson Lincoln East","Henderson Lincoln East","011","Glendene","Glendene",0.000397381686689767,1947801.30838368,2.04015514816304e-10
"125300","Te Atatū Peninsula East","Te Atatu Peninsula East","011","Glendene","Glendene",1807928.83448706,1807928.83448641,1.00000000000036
"125701","Henderson Lincoln South","Henderson Lincoln South","011","Glendene","Glendene",1.95930241616248e-06,1504317.52706476,1.3024526942696e-12
"126401","Te Atatū South-Edmonton","Te Atatu South-Edmonton","011","Glendene","Glendene",920544.10192082,920544.10192109,0.999999999999707
"127500","Henderson Central","Henderson Central","011","Glendene","Glendene",134270.45815581,2015884.93904394,0.0666062112748805
"128901","Glendene North West","Glendene North West","011","Glendene","Glendene",659364.155850712,659364.189748077,0.999999948590831
"128902","Glendene North East","Glendene North East","011","Glendene","Glendene",749725.839940757,749725.839941002,0.999999999999672
"129000","Sunnyvale West-Parrs Park","Sunnyvale West-Parrs Park","011","Glendene","Glendene",0.0561093317166138,841681.943584292,6.66633425420449e-08
"129101","Sunnyvale East","Sunnyvale East","011","Glendene","Glendene",1123996.15716536,1123996.35640878,0.999999822736601
"129501","Glendene South","Glendene South","011","Glendene","Glendene",1107601.19366157,1107601.20974928,0.999999985475173
"130500","Kelston North","Kelston North","011","Glendene","Glendene",966888.363616778,966888.363618029,0.999999999998707
"130601","Avondale Rosebank (Auckland)","Avondale Rosebank (Auckland)","011","Glendene","Glendene",942780.399054939,942780.399056302,0.999999999998553
"131100","Waterview","Waterview","011","Glendene","Glendene",0.0423097873841517,1121617.6411943,3.77221129823708e-08
"131700","Avondale West (Auckland)","Avondale West (Auckland)","011","Glendene","Glendene",739688.424445578,739688.424445486,1.00000000000012
"131900","Mount Albert West","Mount Albert West","011","Glendene","Glendene",0.0720182968655263,1390916.11190541,5.17775991298775e-08
"132900","Fruitvale","Fruitvale","011","Glendene","Glendene",0.0484949725016526,852116.878813147,5.69111746374485e-08
"133900","New Lynn Central","New Lynn Central","011","Glendene","Glendene",379268.326668477,1183002.3731441,0.320598111447979
"135000","Avondale South (Auckland)","Avondale South (Auckland)","011","Glendene","Glendene",209612.685696923,1176735.56426121,0.178130662540589
"119301","Inlet Waitemata Harbour","Inlet Waitemata Harbour","011","Glendene","Glendene",22450799.0941436,79264044.3786701,0.283240645492285
"131000","Kelston South","Kelston South","011","Glendene","Glendene",835557.412284404,835557.50631236,0.999999887466804
"124500","Te Atatū Peninsula Central","Te Atatu Peninsula Central","011","Glendene","Glendene",1113417.63639021,1113417.63639007,1.00000000000012
"124800","Te Atatū Peninsula West","Te Atatu Peninsula West","011","Glendene","Glendene",1429573.1605935,1429573.16336222,0.999999998063253
"127701","Te Atatū South-McLeod North","Te Atatu South-McLeod North","011","Glendene","Glendene",582216.166230847,582216.166230906,0.999999999999899
"127900","Henderson North East","Henderson North East","011","Glendene","Glendene",801478.8854951,801478.938931101,0.999999933328253
"126701","Henderson North","Henderson North","011","Glendene","Glendene",0.00933298806595403,591715.669951687,1.57727579983069e-08
"127001","Te Atatū South-North","Te Atatu South-North","011","Glendene","Glendene",1226461.26717638,1226461.26717476,1.00000000000132
"127002","Te Atatū South-Central","Te Atatu South-Central","011","Glendene","Glendene",931424.088461213,931424.08846115,1.00000000000007
"128401","Henderson East","Henderson East","011","Glendene","Glendene",1183577.78871877,1183577.82183957,0.999999972016373
"128501","Te Atatū South-McLeod South","Te Atatu South-McLeod South","011","Glendene","Glendene",1022892.93743109,1022892.93743105,1.00000000000004
"128700","Rosebank Peninsula","Rosebank Peninsula","011","Glendene","Glendene",2369689.95192836,2369689.96228895,0.999999995627869
"130100","Glen Eden Rosier","Glen Eden Rosier","011","Glendene","Glendene",0.00680600536580586,1244302.61403226,5.4697348450876e-09
"130801","Glen Eden North","Glen Eden North","011","Glendene","Glendene",0.158878229858729,1876595.04784314,8.46630337436599e-08
"132300","New Lynn North","New Lynn North","011","Glendene","Glendene",741276.321512829,741276.321512577,1.00000000000034
"132001","Avondale North West (Auckland)","Avondale North West (Auckland)","011","Glendene","Glendene",823184.539863563,823184.563907962,0.999999970790999
"132002","Avondale North East (Auckland)","Avondale North East (Auckland)","011","Glendene","Glendene",497384.970385733,497385.098564947,0.999999742293821
"132600","New Lynn North West","New Lynn North West","011","Glendene","Glendene",689566.333086782,689566.399651789,0.999999903468314
"133100","Avondale Central (Auckland)","Avondale Central (Auckland)","011","Glendene","Glendene",682903.902780289,1116259.26720052,0.611778932409627
"179901","Greensboro","Greensboro","012","Hamilton East","Hamilton East",446883.15289645,446883.152896559,0.999999999999756
"172700","Horsham Downs","Horsham Downs","012","Hamilton East","Hamilton East",0.0324102702108091,15787957.9132152,2.05284751764383e-09
"173000","Hamilton Park","Hamilton Park","012","Hamilton East","Hamilton East",0.574730201018647,46318430.92515,1.24082398634661e-08
"173201","Tamahere North","Tamahere North","012","Hamilton East","Hamilton East",0.132172783078426,12984151.776668,1.01795469855747e-08
"173202","Tamahere West","Tamahere West","012","Hamilton East","Hamilton East",0.112294339862753,5689810.13103325,1.97360434314458e-08
"175501","Flagstaff South","Flagstaff South","012","Hamilton East","Hamilton East",7320.95014277149,1547382.79629401,0.00473118232948252
"175601","Rototuna North","Rototuna North","012","Hamilton East","Hamilton East",0.160479262921038,2436231.60829878,6.58719238246402e-08
"176201","Rototuna South West","Rototuna South West","012","Hamilton East","Hamilton East",1093712.46625304,1093712.46625446,0.999999999998701
"176202","Rototuna South East","Rototuna South East","012","Hamilton East","Hamilton East",883969.917945313,883969.917945412,0.999999999999888
"176900","Huntington","Huntington","012","Hamilton East","Hamilton East",1263413.12646863,1263413.15526927,0.999999977204102
"177300","Chartwell","Chartwell","012","Hamilton East","Hamilton East",896782.690734864,896782.690734759,1.00000000000012
"177600","Beerescourt","Beerescourt","012","Hamilton East","Hamilton East",0.0637695557701269,1020124.44919869,6.25115453513718e-08
"177700","Miropiko","Miropiko","012","Hamilton East","Hamilton East",2078837.54090221,2078837.69589826,0.999999925441003
"180000","Hamilton East Cook","Hamilton East Cook","012","Hamilton East","Hamilton East",733584.434091696,733584.434091753,0.999999999999921
"180200","Hamilton East","Hamilton East","012","Hamilton East","Hamilton East",2221221.97675112,2221222.13172259,0.99999993023144
"180500","Bader","Bader","012","Hamilton East","Hamilton East",0.0530956285863432,1096005.43448791,4.84446763816928e-08
"180800","Silverdale (Hamilton City)","Silverdale (Hamilton City)","012","Hamilton East","Hamilton East",802217.794216646,802217.794217693,0.999999999998694
"178202","Fairfield South (Hamilton City)","Fairfield South (Hamilton City)","012","Hamilton East","Hamilton East",660561.955765042,660561.955764865,1.00000000000027
"178301","Whitiora","Whitiora","012","Hamilton East","Hamilton East",0.0467113359616257,767552.897815723,6.08574810863919e-08
"179202","Ruakura","Ruakura","012","Hamilton East","Hamilton East",6980677.426528,6980677.61554818,0.999999972922374
"179300","Claudelands","Claudelands","012","Hamilton East","Hamilton East",1383055.06831189,1383055.10668683,0.999999972253498
"178400","Enderley North","Enderley North","012","Hamilton East","Hamilton East",695236.226790934,695236.226790645,1.00000000000042
"176101","Te Manatu","Te Manatu","012","Hamilton East","Hamilton East",1407944.43788887,1407944.61873075,0.999999871556114
"175302","Flagstaff North East","Flagstaff North East","012","Hamilton East","Hamilton East",20465.7180118239,901138.157403278,0.0227109659530987
"175801","Flagstaff East","Flagstaff East","012","Hamilton East","Hamilton East",1805902.69743225,1820478.00240425,0.991993693440544
"175901","Rototuna West","Rototuna West","012","Hamilton East","Hamilton East",838090.075201708,838090.13941246,0.999999923384432
"175902","Rototuna East","Rototuna East","012","Hamilton East","Hamilton East",751562.922614416,751562.949889534,0.999999963708805
"176000","Pukete East","Pukete East","012","Hamilton East","Hamilton East",0.0487656448871817,1091343.93676704,4.4684029703453e-08
"176500","Saint Andrews East","Saint Andrews East","012","Hamilton East","Hamilton East",0.112187811929396,1594183.80070027,7.03731977957092e-08
"176600","Queenwood (Hamilton City)","Queenwood (Hamilton City)","012","Hamilton East","Hamilton East",1489449.34333215,1489449.43708247,0.999999937057067
"177800","Porritt","Porritt","012","Hamilton East","Hamilton East",1233857.08123444,1233857.08123465,0.99999999999983
"176700","St James","St James","012","Hamilton East","Hamilton East",733917.121277751,733917.16965323,0.999999934085914
"177500","Chedworth","Chedworth","012","Hamilton East","Hamilton East",876554.344475864,876554.344475537,1.00000000000037
"178201","Fairfield North (Hamilton City)","Fairfield North (Hamilton City)","012","Hamilton East","Hamilton East",738561.932240409,738561.932240417,0.999999999999988
"178500","Fairview Downs","Fairview Downs","012","Hamilton East","Hamilton East",1122728.95382434,1122728.95382503,0.999999999999386
"179100","Enderley South","Enderley South","012","Hamilton East","Hamilton East",765756.173831234,765756.173831269,0.999999999999954
"179001","Kirikiriroa","Kirikiriroa","012","Hamilton East","Hamilton East",0.0395897024873071,555797.177140483,7.12304849963288e-08
"179201","Greenhill Park","Greenhill Park","012","Hamilton East","Hamilton East",2043965.35085098,2043965.52474117,0.999999914925087
"180700","Hillcrest East (Hamilton City)","Hillcrest East (Hamilton City)","012","Hamilton East","Hamilton East",1017168.04037377,1017168.04037366,1.00000000000011
"179401","Hamilton Central","Hamilton Central","012","Hamilton East","Hamilton East",0.0549471423792869,1022782.98849264,5.37231680595967e-08
"179502","Hamilton Lake South","Hamilton Lake South","012","Hamilton East","Hamilton East",0.0189078856153299,1467243.84432977,1.28866688985612e-08
"179600","Peachgrove","Peachgrove","012","Hamilton East","Hamilton East",1435712.43722569,1435712.43722555,1.0000000000001
"179700","Hamilton East Village","Hamilton East Village","012","Hamilton East","Hamilton East",1321223.6271151,1321223.71280146,0.999999935146217
"179801","Hamilton West","Hamilton West","012","Hamilton East","Hamilton East",0.0428598137209979,399458.824672549,1.07294697410006e-07
"180601","Hillcrest West (Hamilton City)","Hillcrest West (Hamilton City)","012","Hamilton East","Hamilton East",890031.679906365,890031.67990656,0.999999999999781
"181101","Fitzroy (Hamilton City)","Fitzroy (Hamilton City)","012","Hamilton East","Hamilton East",0.0240623248488631,1489441.35854555,1.61552683566946e-08
"181200","Riverlea","Riverlea","012","Hamilton East","Hamilton East",1739465.14778532,1739465.38477827,0.999999863755292
"181301","Peacocke","Peacocke","012","Hamilton East","Hamilton East",0.10081285782363,6932861.65963627,1.45413052752187e-08
"172700","Horsham Downs","Horsham Downs","013","Hamilton West","Hamilton West",0.162693739100187,15787957.9132152,1.03049260705214e-08
"173202","Tamahere West","Tamahere West","013","Hamilton West","Hamilton West",0.132382121340961,5689810.13103325,2.3266527053148e-08
"175201","Te Rapa North","Te Rapa North","013","Hamilton West","Hamilton West",8380652.46551846,8380652.78073761,0.99999996238728
"175501","Flagstaff South","Flagstaff South","013","Hamilton West","Hamilton West",1540061.81354515,1547382.79629401,0.995268796598749
"175601","Rototuna North","Rototuna North","013","Hamilton West","Hamilton West",1.97901750547021e-08,2436231.60829878,8.12327325008378e-15
"176400","Saint Andrews West","Saint Andrews West","013","Hamilton West","Hamilton West",1005952.44566512,1005952.4456653,0.999999999999826
"177600","Beerescourt","Beerescourt","013","Hamilton West","Hamilton West",1020124.38542891,1020124.44919869,0.999999937488242
"177700","Miropiko","Miropiko","013","Hamilton West","Hamilton West",0.154994779603584,2078837.69589826,7.4558384191995e-08
"178000","Maeroa","Maeroa","013","Hamilton West","Hamilton West",1279882.66903466,1279882.66903498,0.999999999999746
"180200","Hamilton East","Hamilton East","013","Hamilton West","Hamilton West",0.154970806048705,2221222.13172259,6.97682612807942e-08
"180300","Melville South","Melville South","013","Hamilton West","Hamilton West",989983.959904135,989983.959903761,1.00000000000038
"180500","Bader","Bader","013","Hamilton West","Hamilton West",1096005.38139525,1096005.43448791,0.999999951558037
"180900","Glenview","Glenview","013","Hamilton West","Hamilton West",894602.638999241,894602.638999065,1.0000000000002
"178301","Whitiora","Whitiora","013","Hamilton West","Hamilton West",767552.851104422,767552.897815723,0.999999939142565
"178901","Frankton Junction","Frankton Junction","013","Hamilton West","Hamilton West",3516514.75723452,3516514.85639434,0.999999971801678
"179300","Claudelands","Claudelands","013","Hamilton West","Hamilton West",0.0383759411201223,1383055.10668683,2.77472249186466e-08
"172401","Te Kōwhai","Te Kowhai","013","Hamilton West","Hamilton West",0.164871209916177,43315425.2783493,3.80629322825985e-09
"172601","Horotiu","Horotiu","013","Hamilton West","Hamilton West",0.0981317813892772,4187582.1773152,2.34339953782574e-08
"172900","Rotokauri","Rotokauri","013","Hamilton West","Hamilton West",0.700142802941463,15644235.8317711,4.4754042988765e-08
"177400","Forest Lake (Hamilton City)","Forest Lake (Hamilton City)","013","Hamilton West","Hamilton West",1228100.25944599,1228100.25944633,0.999999999999722
"175301","Flagstaff North West","Flagstaff North West","013","Hamilton West","Hamilton West",624003.010302539,940642.52314135,0.663379546374995
"175302","Flagstaff North East","Flagstaff North East","013","Hamilton West","Hamilton West",520399.975629934,901138.157403278,0.577491887736194
"175401","Burbush-Baverstock","Burbush-Baverstock","013","Hamilton West","Hamilton West",7100909.53580988,7100909.99320291,0.999999935586702
"175700","Pukete West","Pukete West","013","Hamilton West","Hamilton West",839719.383379547,839719.383379796,0.999999999999703
"175801","Flagstaff East","Flagstaff East","013","Hamilton West","Hamilton West",14575.304969268,1820478.00240425,0.00800630655795834
"175901","Rototuna West","Rototuna West","013","Hamilton West","Hamilton West",0.00694038359711323,838090.13941246,8.28118989919004e-09
"176000","Pukete East","Pukete East","013","Hamilton West","Hamilton West",1091343.88800297,1091343.93676704,0.999999955317411
"176301","Te Rapa South","Te Rapa South","013","Hamilton West","Hamilton West",4778845.85932986,4778845.85932765,1.00000000000046
"176500","Saint Andrews East","Saint Andrews East","013","Hamilton West","Hamilton West",1594183.68851176,1594183.80070027,0.999999929626363
"176600","Queenwood (Hamilton City)","Queenwood (Hamilton City)","013","Hamilton West","Hamilton West",0.0937509071829192,1489449.43708247,6.29433298296843e-08
"176800","Crawshaw","Crawshaw","013","Hamilton West","Hamilton West",863983.316219727,863983.31621962,1.00000000000012
"177000","Western Heights (Hamilton City)","Western Heights (Hamilton City)","013","Hamilton West","Hamilton West",1071521.10369335,1071521.25783234,0.999999856149391
"177100","Nawton West","Nawton West","013","Hamilton West","Hamilton West",1090061.02639597,1090061.0263962,0.999999999999786
"177200","Nawton East","Nawton East","013","Hamilton West","Hamilton West",1318509.30837871,1318509.30837876,0.999999999999962
"177901","Dinsdale North","Dinsdale North","013","Hamilton West","Hamilton West",1286029.01639164,1286029.01639102,1.00000000000049
"178100","Dinsdale South","Dinsdale South","013","Hamilton West","Hamilton West",1561039.91470744,1561039.9994174,0.999999945734919
"178600","Temple View","Temple View","013","Hamilton West","Hamilton West",4373067.17832828,4373067.55618384,0.99999991359485
"178701","Swarbrick","Swarbrick","013","Hamilton West","Hamilton West",730081.57528313,730081.575283957,0.999999999998868
"178800","Kahikatea","Kahikatea","013","Hamilton West","Hamilton West",977553.5835446,977553.63828424,0.999999944003441
"179001","Kirikiriroa","Kirikiriroa","013","Hamilton West","Hamilton West",555797.137550713,555797.177140483,0.999999928769392
"179401","Hamilton Central","Hamilton Central","013","Hamilton West","Hamilton West",1022782.93354549,1022782.98849264,0.999999946276817
"179501","Hamilton Lake North","Hamilton Lake North","013","Hamilton West","Hamilton West",1540968.3337189,1540968.33371913,0.999999999999853
"179502","Hamilton Lake South","Hamilton Lake South","013","Hamilton West","Hamilton West",1467243.82542097,1467243.84432977,0.99999998711271
"179700","Hamilton East Village","Hamilton East Village","013","Hamilton West","Hamilton West",0.0856845785356511,1321223.71280146,6.48524377101661e-08
"179801","Hamilton West","Hamilton West","013","Hamilton West","Hamilton West",399458.781811975,399458.824672549,0.9999998927034
"180100","Melville North","Melville North","013","Hamilton West","Hamilton West",688334.905373457,688334.90537361,0.999999999999776
"180400","Deanwell","Deanwell","013","Hamilton West","Hamilton West",670204.78353297,670204.901856534,0.999999823451659
"181000","Resthill","Resthill","013","Hamilton West","Hamilton West",1121365.92469991,1121366.04617879,0.999999891668845
"181101","Fitzroy (Hamilton City)","Fitzroy (Hamilton City)","013","Hamilton West","Hamilton West",1489441.33448069,1489441.35854555,0.999999983843031
"181200","Riverlea","Riverlea","013","Hamilton West","Hamilton West",0.0671973374069679,1739465.38477827,3.86310288178189e-08
"181301","Peacocke","Peacocke","013","Hamilton West","Hamilton West",6932861.32623423,6932861.65963627,0.999999951909896
"181500","Ngāhinapōuri","Ngahinapouri","013","Hamilton West","Hamilton West",0.191861299838342,73938896.0084482,2.59486292324976e-09
"181600","Lake Cameron","Lake Cameron","013","Hamilton West","Hamilton West",0.864585413687392,51515185.4798387,1.67831175532846e-08
"116401","Taupaki","Taupaki","014","Henderson","Henderson",0.14865010995812,25730185.2749636,5.77726543239321e-09
"119800","West Harbour West","West Harbour West","014","Henderson","Henderson",0.0785938955765488,1927265.83149972,4.07799973890421e-08
"120600","Massey Central","Massey Central","014","Henderson","Henderson",789495.691212705,883781.971838042,0.89331499891399
"121100","Swanson Rural","Swanson Rural","014","Henderson","Henderson",561022.710310206,15146156.8518921,0.0370405982056181
"122001","Swanson","Swanson","014","Henderson","Henderson",2094250.00616119,2094250.10032371,0.999999955037598
"122300","Royal Heights South","Royal Heights South","014","Henderson","Henderson",1131315.41915281,1131315.41915283,0.999999999999988
"122501","Massey Keegan","Massey Keegan","014","Henderson","Henderson",1149542.71763831,1149542.71763803,1.00000000000025
"122901","Massey South","Massey South","014","Henderson","Henderson",1171244.46238875,1171244.46238804,1.00000000000061
"123000","Rānui North","Ranui North","014","Henderson","Henderson",1028676.74990812,1028676.74990825,0.99999999999988
"124301","Henderson Larnoch","Henderson Larnoch","014","Henderson","Henderson",820517.821893852,820517.821895131,0.99999999999844
"124700","Henderson Valley","Henderson Valley","014","Henderson","Henderson",0.0514819580166736,15037895.1638437,3.42348164126414e-09
"125000","Rānui South East","Ranui South East","014","Henderson","Henderson",944712.663816807,944712.67225931,0.999999991063417
"125100","Henderson Lincoln East","Henderson Lincoln East","014","Henderson","Henderson",1947801.30798696,1947801.30838368,0.999999999796322
"125701","Henderson Lincoln South","Henderson Lincoln South","014","Henderson","Henderson",1504317.52706353,1504317.52706476,0.999999999999183
"126702","Henderson West","Henderson West","014","Henderson","Henderson",1086587.278007,1086587.27800693,1.00000000000006
"127500","Henderson Central","Henderson Central","014","Henderson","Henderson",1881614.46298769,2015884.93904394,0.933393779845426
"129000","Sunnyvale West-Parrs Park","Sunnyvale West-Parrs Park","014","Henderson","Henderson",0.0598325201918063,841681.943584292,7.10868525193854e-08
"129101","Sunnyvale East","Sunnyvale East","014","Henderson","Henderson",0.0201628724255585,1123996.35640878,1.79385567494007e-08
"119301","Inlet Waitemata Harbour","Inlet Waitemata Harbour","014","Henderson","Henderson",1232583.79596036,79264044.3786701,0.0155503520621772
"117003","Massey Red Hills","Massey Red Hills","014","Henderson","Henderson",0.113313362383517,3435589.85978273,3.29822147020432e-08
"118001","Waitākere","Waitakere","014","Henderson","Henderson",1862612.16263509,14789608.5426407,0.125940599256897
"119600","Westgate South","Westgate South","014","Henderson","Henderson",477146.191586027,1709432.64693771,0.279125470337068
"120101","Birdwood West","Birdwood West","014","Henderson","Henderson",5736777.39860212,6236614.6309199,0.919854398275678
"120900","Massey Royal Road West","Massey Royal Road West","014","Henderson","Henderson",896415.684699856,896415.717395402,0.999999963526358
"121600","Royal Heights North","Royal Heights North","014","Henderson","Henderson",1494908.88798104,1494908.95982487,0.999999951940997
"121701","Massey West","Massey West","014","Henderson","Henderson",1403813.7843485,1403813.78526415,0.999999999347738
"123800","Rānui Domain","Ranui Domain","014","Henderson","Henderson",870726.81372584,870726.813725652,1.00000000000022
"124200","Rānui South West","Ranui South West","014","Henderson","Henderson",737382.712913377,737382.746425013,0.999999954553267
"124800","Te Atatū Peninsula West","Te Atatu Peninsula West","014","Henderson","Henderson",0.00276958269676031,1429573.16336222,1.93734939053173e-09
"124900","Henderson Lincoln West","Henderson Lincoln West","014","Henderson","Henderson",899785.16746003,899785.167459786,1.00000000000027
"127801","Henderson Valley Park","Henderson Valley Park","014","Henderson","Henderson",969240.316702101,969240.359786557,0.999999955548224
"127900","Henderson North East","Henderson North East","014","Henderson","Henderson",0.0534372268453178,801478.938931101,6.66732764264334e-08
"126000","Summerland South","Summerland South","014","Henderson","Henderson",1334010.62857697,1334010.72144051,0.999999930387713
"126100","Summerland North","Summerland North","014","Henderson","Henderson",850917.084845374,850917.084845158,1.00000000000025
"128301","McLaren Memorial Park","McLaren Memorial Park","014","Henderson","Henderson",793032.971174257,793033.074437812,0.999999869786572
"126701","Henderson North","Henderson North","014","Henderson","Henderson",591715.660618739,591715.669951687,0.999999984227309
"126901","Western Heights (Auckland)","Western Heights (Auckland)","014","Henderson","Henderson",1073607.17432744,1073607.23464334,0.999999943819402
"127601","Waiatarua","Waiatarua","014","Henderson","Henderson",0.0856433040499331,11365019.6747537,7.53569342604675e-09
"128401","Henderson East","Henderson East","014","Henderson","Henderson",0.0331209664393295,1183577.82183957,2.79837673773334e-08
"242300","Mangaroa","Mangaroa","015","Hutt South","Hutt South",0.491518412259073,154570775.860291,3.17989225015815e-09
"239401","Pāuatahanui","Pauatahanui","015","Hutt South","Hutt South",0.357158550428383,75729803.5358457,4.71622180109482e-09
"243100","Belmont Park","Belmont Park","015","Hutt South","Hutt South",23010296.0401484,29456596.3489531,0.781159363001767
"243400","Kelson","Kelson","015","Hutt South","Hutt South",5358510.33221548,5358510.68002366,0.999999935092379
"243600","Belmont (Lower Hutt City)","Belmont (Lower Hutt City)","015","Hutt South","Hutt South",1940113.26954747,2361888.42717446,0.821424605508752
"243700","Petone Central","Petone Central","015","Hutt South","Hutt South",1301731.27240222,1301731.27240256,0.999999999999731
"243900","Manor Park","Manor Park","015","Hutt South","Hutt South",0.0120690118220744,1592363.88071412,7.57930518787064e-09
"244600","Taita South","Taita South","015","Hutt South","Hutt South",0.0494625789153664,3399556.1356282,1.45497167694883e-08
"244800","Hutt Central South","Hutt Central South","015","Hutt South","Hutt South",1294817.84889876,1294817.84889932,0.999999999999565
"249800","Woodridge","Woodridge","015","Hutt South","Hutt South",989983.64708681,989983.666831202,0.999999980055841
"245100","Epuni West","Epuni West","015","Hutt South","Hutt South",887187.595773229,986811.122818433,0.899044989723394
"245300","Woburn","Woburn","015","Hutt South","Hutt South",618531.373993317,618531.373993437,0.999999999999806
"245500","Waterloo West","Waterloo West","015","Hutt South","Hutt South",726997.785056129,726997.785056052,1.00000000000011
"245700","Gracefield","Gracefield","015","Hutt South","Hutt South",3874841.99098662,3874841.99098914,0.999999999999351
"246600","Arakura","Arakura","015","Hutt South","Hutt South",1961770.11355023,1961770.113549,1.00000000000063
"246700","Eastern Bays","Eastern Bays","015","Hutt South","Hutt South",1926169.1534205,1926169.15342119,0.99999999999964
"246800","Pencarrow","Pencarrow","015","Hutt South","Hutt South",259596452.037559,268400088.362049,0.967199577398743
"247000","Glendale","Glendale","015","Hutt South","Hutt South",3209127.83795182,3209127.8379515,1.0000000000001
"247200","Eastbourne","Eastbourne","015","Hutt South","Hutt South",1927541.26926072,1927541.26926086,0.999999999999926
"247400","Homedale West","Homedale West","015","Hutt South","Hutt South",1311029.89437703,1311029.89437654,1.00000000000038
"248500","Grenada Village","Grenada Village","015","Hutt South","Hutt South",0.046849494441238,1452012.04003875,3.2265224494962e-08
"248701","Paparangi","Paparangi","015","Hutt South","Hutt South",35571.0911622739,1259171.07420324,0.0282496095177394
"249200","Johnsonville South","Johnsonville South","015","Hutt South","Hutt South",2.80360620408895e-05,710807.241473596,3.94425667115702e-11
"257400","Kahutara","Kahutara","015","Hutt South","Hutt South",1.75315816520461,464592047.931469,3.77354320421604e-09
"259600","Oceanic Wellington Region","Oceanic Wellington Region","015","Hutt South","Hutt South",598767636.153543,7732527662.51709,0.0774349167939004
"259700","Inlet Wellington Harbour","Inlet Wellington Harbour","015","Hutt South","Hutt South",53341481.1986035,85372362.6920957,0.624809710268709
"247100","Wainuiomata Central","Wainuiomata Central","015","Hutt South","Hutt South",1262887.71582128,1262887.71582162,0.999999999999728
"244100","Taita North","Taita North","015","Hutt South","Hutt South",0.0347799420018738,1145039.33950983,3.03744516033506e-08
"244200","Boulcott","Boulcott","015","Hutt South","Hutt South",773609.491133419,1582129.50278259,0.488967236735567
"244300","Hutt Central North","Hutt Central North","015","Hutt South","Hutt South",1070971.13091455,1070971.13091444,1.0000000000001
"244400","Avalon West","Avalon West","015","Hutt South","Hutt South",2.11225630363313e-08,1211439.2531507,1.74359242375513e-14
"243200","Maungaraki","Maungaraki","015","Hutt South","Hutt South",2122889.27719963,2122889.27719947,1.00000000000008
"243300","Korokoro","Korokoro","015","Hutt South","Hutt South",1845456.02391461,1845456.02391513,0.999999999999719
"243500","Normandale","Normandale","015","Hutt South","Hutt South",1446592.13905023,1446592.13905085,0.999999999999573
"243800","Tirohanga","Tirohanga","015","Hutt South","Hutt South",1180999.75959617,1180999.75959655,0.999999999999675
"244000","Alicetown-Melling","Alicetown-Melling","015","Hutt South","Hutt South",1255412.11635918,1255412.11635895,1.00000000000019
"244700","Petone East","Petone East","015","Hutt South","Hutt South",1628630.52335655,1628630.52335622,1.0000000000002
"245000","Petone Esplanade","Petone Esplanade","015","Hutt South","Hutt South",974371.124956236,974371.124955879,1.00000000000037
"246001","Waiwhetu North","Waiwhetu North","015","Hutt South","Hutt South",641548.839110453,641548.839110199,1.0000000000004
"245600","Epuni East","Epuni East","015","Hutt South","Hutt South",130902.32712736,1003818.76639809,0.13040434340261
"245800","Moera","Moera","015","Hutt South","Hutt South",629714.640673905,629714.640673769,1.00000000000021
"246002","Waiwhetu South","Waiwhetu South","015","Hutt South","Hutt South",1038193.92479879,1038193.92479884,0.999999999999954
"246100","Waterloo East","Waterloo East","015","Hutt South","Hutt South",1081460.90611256,1081460.91137505,0.999999995133911
"246500","Towai","Towai","015","Hutt South","Hutt South",4551657.33937163,5007263.62309503,0.909010925324162
"246900","Wainuiomata West","Wainuiomata West","015","Hutt South","Hutt South",2105833.65581158,2105833.65581064,1.00000000000045
"247300","Homedale East","Homedale East","015","Hutt South","Hutt South",2929122.88856703,2929122.8885659,1.00000000000039
"248000","Grenada North","Grenada North","015","Hutt South","Hutt South",0.120258487259347,5789085.99046225,2.07733116173222e-08
"248200","Takapu-Horokiwi","Takapu-Horokiwi","015","Hutt South","Hutt South",8092857.41153843,19101815.617971,0.42366953871781
"249702","Newlands East","Newlands East","015","Hutt South","Hutt South",1986513.81749298,1986513.84684831,0.999999985222691
"249501","Newlands North","Newlands North","015","Hutt South","Hutt South",194737.861979395,889835.6570298,0.218846997691028
"249701","Newlands South","Newlands South","015","Hutt South","Hutt South",2934813.77665916,3995658.93910632,0.734500572092263
"316401","McLeans Island","McLeans Island","016","Ilam","Ilam",60847271.3458926,74915804.4780135,0.812208742465687
"316600","Yaldhurst","Yaldhurst","016","Ilam","Ilam",7943189.30079138,12106443.5708453,0.656112528366313
"319200","Burnside","Burnside","016","Ilam","Ilam",1361967.87803666,1361967.8780366,1.00000000000005
"319500","Avonhead East","Avonhead East","016","Ilam","Ilam",835191.834215787,835191.834216246,0.99999999999945
"320501","Northcote (Christchurch City)","Northcote (Christchurch City)","016","Ilam","Ilam",0.028581280255974,1802136.73655764,1.58596624086187e-08
"322400","Deans Bush","Deans Bush","016","Ilam","Ilam",1251767.60066665,1251767.62558854,0.999999980090643
"323300","Riccarton West","Riccarton West","016","Ilam","Ilam",0.0724199217887364,623190.425826364,1.16208335024894e-07
"325200","Riccarton East","Riccarton East","016","Ilam","Ilam",0.0264356463421063,208116.595323116,1.27023250121227e-07
"325700","Christchurch Central-West","Christchurch Central-West","016","Ilam","Ilam",0.00591178581123073,692617.026874942,8.53543239891814e-09
"334400","Halkett","Halkett","016","Ilam","Ilam",0.792031532239825,86012085.0832401,9.20837497978708e-09
"317800","Bishopdale North","Bishopdale North","016","Ilam","Ilam",1368460.6660949,1368460.74381449,0.999999943206566
"322200","Rutland","Rutland","016","Ilam","Ilam",0.0626078601139932,986575.326248925,6.34597870514719e-08
"318901","Avonhead West","Avonhead West","016","Ilam","Ilam",1039840.27208159,1039840.27208198,0.999999999999625
"319000","Bishopdale South","Bishopdale South","016","Ilam","Ilam",704515.965367215,704515.965366967,1.00000000000035
"319400","Papanui North","Papanui North","016","Ilam","Ilam",599423.335764573,599423.358840652,0.99999996150287
"319700","Avonhead South","Avonhead South","016","Ilam","Ilam",1025403.78976397,1025403.87244514,0.999999919367215
"319800","Riccarton Racecourse","Riccarton Racecourse","016","Ilam","Ilam",0.0980844437207128,1694915.26936071,5.78698212788588e-08
"313500","Eyrewell","Eyrewell","016","Ilam","Ilam",0.151515801431111,272107617.825276,5.56823078464498e-10
"317501","Burnside West","Burnside West","016","Ilam","Ilam",1867776.90077334,1867776.9007729,1.00000000000023
"321400","Strowan","Strowan","016","Ilam","Ilam",1435068.42472869,1435068.49084843,0.99999995392573
"321500","Fendalton","Fendalton","016","Ilam","Ilam",921875.759085956,921875.75908589,1.00000000000007
"315100","Swannanoa-Eyreton","Swannanoa-Eyreton","016","Ilam","Ilam",0.337652112678226,61772130.5868603,5.46609141485641e-09
"316500","Paparua","Paparua","016","Ilam","Ilam",0.122041586245814,23341630.7125747,5.2284944333417e-09
"316700","Christchurch Airport","Christchurch Airport","016","Ilam","Ilam",9993564.53429807,11449435.0244415,0.872843464587069
"317000","Harewood","Harewood","016","Ilam","Ilam",2430052.05787049,3792366.69227787,0.640774549259341
"317701","Russley","Russley","016","Ilam","Ilam",750742.749687386,750742.792842737,0.999999942516463
"317900","Casebrook","Casebrook","016","Ilam","Ilam",0.163211552069998,1828239.48199783,8.92725234724977e-08
"318000","Bishopdale West","Bishopdale West","016","Ilam","Ilam",1130606.32514669,1130606.32514668,1.00000000000001
"318300","Burnside Park","Burnside Park","016","Ilam","Ilam",1338830.7052967,1338830.70529683,0.9999999999999
"318501","Avonhead North","Avonhead North","016","Ilam","Ilam",1350488.48996007,1350488.48995993,1.0000000000001
"318700","Broomfield","Broomfield","016","Ilam","Ilam",0.0336740639225077,998646.870409888,3.37196910342155e-08
"319900","Bryndwr North","Bryndwr North","016","Ilam","Ilam",1090701.41054906,1090701.41054919,0.999999999999886
"320000","Northlands (Christchurch City)","Northlands (Christchurch City)","016","Ilam","Ilam",274365.751752165,628413.952010317,0.436600350572198
"320100","Papanui West","Papanui West","016","Ilam","Ilam",1001676.50164873,1001676.52630327,0.999999975386726
"320200","Ilam North","Ilam North","016","Ilam","Ilam",1231781.79599506,1231781.79599546,0.999999999999677
"320600","Jellie Park","Jellie Park","016","Ilam","Ilam",1311253.21883801,1311253.21883782,1.00000000000014
"320700","Ilam South","Ilam South","016","Ilam","Ilam",911774.683150456,911774.705018322,0.999999976016151
"320800","Bryndwr South","Bryndwr South","016","Ilam","Ilam",905746.736307643,905746.736308114,0.999999999999479
"320900","Papanui East","Papanui East","016","Ilam","Ilam",0.0148421123098024,828954.265116838,1.79046214421859e-08
"321000","Sockburn North","Sockburn North","016","Ilam","Ilam",0.0532133214951709,1239718.06234968,4.29237284760649e-08
"321200","Ilam University","Ilam University","016","Ilam","Ilam",1227166.53598221,1227166.53598203,1.00000000000015
"321800","Bush Inn","Bush Inn","016","Ilam","Ilam",839238.368406608,839238.477119818,0.999999870462077
"322000","Upper Riccarton","Upper Riccarton","016","Ilam","Ilam",0.0206631191586868,520848.401976102,3.96720410013561e-08
"322600","Holmwood","Holmwood","016","Ilam","Ilam",1129478.51719187,1129478.53293789,0.999999986059035
"322700","Wharenui","Wharenui","016","Ilam","Ilam",0.0390939843825024,838955.614597662,4.65983941251179e-08
"323000","Merivale","Merivale","016","Ilam","Ilam",1105335.13719007,1105335.21098902,0.999999933233879
"323200","Mona Vale","Mona Vale","016","Ilam","Ilam",547746.10330781,547746.131145018,0.999999949178632
"323900","St Albans West","St Albans West","016","Ilam","Ilam",0.072800713454116,681311.522375832,1.06853782833805e-07
"324200","Riccarton Central","Riccarton Central","016","Ilam","Ilam",61769.4297274723,398348.045121008,0.155063971027417
"324900","Hagley Park","Hagley Park","016","Ilam","Ilam",0.102027839433904,2190631.81773815,4.65746177005904e-08
"356000","Clinton","Clinton","017","Invercargill","Invercargill",0.683901562709924,839699899.564993,8.14459502810731e-10
"356300","Catlins","Catlins","017","Invercargill","Invercargill",1.74037859667967,1072985196.04619,1.62199683937182e-09
"360500","West Plains-Makarewa","West Plains-Makarewa","017","Invercargill","Invercargill",88448352.9772021,88448352.9772092,0.999999999999919
"360900","Otatara","Otatara","017","Invercargill","Invercargill",20183405.5413594,20183405.541356,1.00000000000017
"361000","Invercargill Central","Invercargill Central","017","Invercargill","Invercargill",10227846.2815412,10227846.2815394,1.00000000000017
"361201","Rosedale-Hargest","Rosedale-Hargest","017","Invercargill","Invercargill",1315665.24654351,1315665.24654347,1.00000000000003
"361800","Inlet New River Estuary","Inlet New River Estuary","017","Invercargill","Invercargill",45875974.448908,45875974.4489072,1.00000000000002
"361502","Waverley (Invercargill City)","Waverley (Invercargill City)","017","Invercargill","Invercargill",979664.221040652,979664.22104056,1.00000000000009
"361601","Richmond (Invercargill City)","Richmond (Invercargill City)","017","Invercargill","Invercargill",1006333.12280743,1006333.12280714,1.00000000000029
"361701","Glengarry","Glengarry","017","Invercargill","Invercargill",2328438.81747588,2328438.8174765,0.999999999999733
"361900","Turnbull Thompson Park","Turnbull Thompson Park","017","Invercargill","Invercargill",1489876.344842,1489876.34484202,0.999999999999988
"362001","Appleby North (Invercargill City)","Appleby North (Invercargill City)","017","Invercargill","Invercargill",823892.04678155,823892.046781366,1.00000000000022
"362100","Georgetown","Georgetown","017","Invercargill","Invercargill",1123559.83916215,1123559.83916197,1.00000000000016
"358300","Oreti River","Oreti River","017","Invercargill","Invercargill",2.37019161270058,629893466.242743,3.76284521069658e-09
"358400","Ōtautau","Otautau","017","Invercargill","Invercargill",704547921.645744,704547922.364847,0.999999998979341
"358500","Hedgehope","Hedgehope","017","Invercargill","Invercargill",186899386.559684,729256258.922448,0.25628766880362
"358700","Waianiwa","Waianiwa","017","Invercargill","Invercargill",228651997.753716,228651999.016977,0.999999994475182
"358801","Riverton","Riverton","017","Invercargill","Invercargill",9295822.49431328,9295822.49431429,0.999999999999891
"358900","Wallacetown","Wallacetown","017","Invercargill","Invercargill",90021292.6975082,90021292.6975066,1.00000000000002
"359000","Grove Bush","Grove Bush","017","Invercargill","Invercargill",145557916.430434,145557916.430435,0.999999999999992
"359100","Edendale-Woodlands","Edendale-Woodlands","017","Invercargill","Invercargill",385396410.214838,385396410.399492,0.999999999520871
"359201","Inlets other Southland District","Inlets other Southland District","017","Invercargill","Invercargill",27372206.5551282,27372206.5551288,0.99999999999998
"359300","Stewart Island","Stewart Island","017","Invercargill","Invercargill",1747721652.39099,1747721652.39099,1
"359400","Awarua Plains","Awarua Plains","017","Invercargill","Invercargill",413555921.576972,413555921.57697,1.00000000000001
"359500","Wyndham-Catlins","Wyndham-Catlins","017","Invercargill","Invercargill",1382628475.49381,1382628480.63973,0.999999996278164
"359700","Waimumu-Kaiwera","Waimumu-Kaiwera","017","Invercargill","Invercargill",2.74096578130392,648016207.151921,4.22977967379962e-09
"362401","Newfield","Newfield","017","Invercargill","Invercargill",1429051.3511103,1429051.35111037,0.999999999999951
"357000","Fiordland","Fiordland","017","Invercargill","Invercargill",2595947138.94839,12119462100.5936,0.214196563956517
"357100","Inlets Fiordland","Inlets Fiordland","017","Invercargill","Invercargill",203169814.172732,826253972.245827,0.245892692800616
"357300","Mararoa","Mararoa","017","Invercargill","Invercargill",1.23517249727309,2727732217.94349,4.52820291210373e-10
"357700","Mossburn","Mossburn","017","Invercargill","Invercargill",2.58256315412971,2740568900.8737,9.42345639734282e-10
"357800","Inland water Lake Hauroko","Inland water Lake Hauroko","017","Invercargill","Invercargill",71107938.1806414,71107938.180636,1.00000000000008
"357900","Longwood Forest","Longwood Forest","017","Invercargill","Invercargill",2233663561.84082,2233663564.45872,0.999999998827977
"358000","Ōhai-Nightcaps","Ohai-Nightcaps","017","Invercargill","Invercargill",948798952.579945,948798957.685147,0.9999999946193
"360601","Prestonville-Grasmere","Prestonville-Grasmere","017","Invercargill","Invercargill",2351370.19516178,2351370.19516189,0.999999999999954
"360701","Waikiwi","Waikiwi","017","Invercargill","Invercargill",5296935.46281035,5296935.46281062,0.99999999999995
"360801","Myross Bush","Myross Bush","017","Invercargill","Invercargill",19112750.3384798,19112750.33848,0.999999999999989
"361100","Gladstone (Invercargill City)","Gladstone (Invercargill City)","017","Invercargill","Invercargill",1269458.22458184,1269458.22458185,0.999999999999993
"361300","Avenal","Avenal","017","Invercargill","Invercargill",1427733.03554288,1427733.0355431,0.999999999999852
"361501","Windsor","Windsor","017","Invercargill","Invercargill",1427315.41238768,1427315.41238792,0.999999999999835
"362201","Appleby South (Invercargill City)","Appleby South (Invercargill City)","017","Invercargill","Invercargill",1117474.39342883,1117474.39342848,1.00000000000031
"362301","Kennington-Tisbury","Kennington-Tisbury","017","Invercargill","Invercargill",36248493.4818551,36248493.4818549,1.00000000000001
"362402","Rockdale","Rockdale","017","Invercargill","Invercargill",1626768.16467453,1626768.16467396,1.00000000000035
"362501","Strathern","Strathern","017","Invercargill","Invercargill",1765974.91923659,1765974.91923654,1.00000000000003
"362601","Heidelberg","Heidelberg","017","Invercargill","Invercargill",1308968.35970403,1308968.35970383,1.00000000000015
"362901","Kingswell","Kingswell","017","Invercargill","Invercargill",1951915.52201483,1951915.52201485,0.999999999999993
"363001","Clifton-Kew","Clifton-Kew","017","Invercargill","Invercargill",4294818.74643251,4294818.74643306,0.999999999999872
"363100","Woodend-Greenhills","Woodend-Greenhills","017","Invercargill","Invercargill",175158312.243069,175158312.243038,1.00000000000018
"363201","Inlet Bluff Harbour","Inlet Bluff Harbour","017","Invercargill","Invercargill",56255995.5818618,56255995.581861,1.00000000000002
"363301","Bluff","Bluff","017","Invercargill","Invercargill",10264808.4508972,10264808.4508973,0.999999999999991
"363700","Oceanic Southland Region","Oceanic Southland Region","017","Invercargill","Invercargill",16451304702.8034,22397238057.3074,0.734523813191153
"363900","Oceanic Otago Region","Oceanic Otago Region","017","Invercargill","Invercargill",4.77266201829915,6537893947.41588,7.29999913838547e-10
"314701","Waikuku","Waikuku","018","Kaikōura","Kaikoura",0.480580755538286,25474057.8993705,1.88654967118592e-08
"306701","Waikawa (Marlborough District)","Waikawa (Marlborough District)","018","Kaikōura","Kaikoura",4416994.18139854,4416994.18139969,0.99999999999974
"306801","Waitohi (Marlborough District)","Waitohi (Marlborough District)","018","Kaikōura","Kaikoura",5392400.24557264,5392400.24557121,1.00000000000026
"306900","Tuamarina","Tuamarina","018","Kaikōura","Kaikoura",167836687.238626,167836687.238624,1.00000000000002
"307000","Awatere","Awatere","018","Kaikōura","Kaikoura",3286563392.70177,3286563392.70178,0.999999999999997
"307200","Lower Wairau","Lower Wairau","018","Kaikōura","Kaikoura",116665277.404476,116665277.404478,0.99999999999998
"307301","Woodbourne","Woodbourne","018","Kaikōura","Kaikoura",76129328.1061266,76129328.1061265,1
"307400","Spring Creek-Grovetown","Spring Creek-Grovetown","018","Kaikōura","Kaikoura",9692178.29823383,9692178.29823322,1.00000000000006
"302500","Wakefield Rural","Wakefield Rural","018","Kaikōura","Kaikoura",1.80840264301271,375794275.9901,4.812214444321e-09
"259600","Oceanic Wellington Region","Oceanic Wellington Region","018","Kaikōura","Kaikoura",6.06641151989565,7732527662.51709,7.84531499227888e-10
"301500","Golden Downs","Golden Downs","018","Kaikōura","Kaikoura",1.2637764591489,1819607816.21259,6.94532331576472e-10
"301800","Murchison-Nelson Lakes","Murchison-Nelson Lakes","018","Kaikōura","Kaikoura",4.46597358641238,3739513080.62017,1.19426606890535e-09
"303500","Aniseed Valley","Aniseed Valley","018","Kaikōura","Kaikoura",0.155806007042861,57201948.785733,2.72378844340565e-09
"303600","Nelson Rural","Nelson Rural","018","Kaikōura","Kaikoura",3.03669422004274,366041415.150609,8.29603999534665e-09
"306301","Marlborough Sounds West","Marlborough Sounds West","018","Kaikōura","Kaikoura",1554389631.97227,1554389635.18058,0.999999997935967
"306401","Marlborough Sounds Coastal Marine","Marlborough Sounds Coastal Marine","018","Kaikōura","Kaikoura",1998940110.9934,1998940110.99345,0.999999999999977
"306501","Marlborough Sounds East","Marlborough Sounds East","018","Kaikōura","Kaikoura",1043132841.74372,1043132841.74371,1.00000000000001
"306600","Upper Wairau","Upper Wairau","018","Kaikōura","Kaikoura",4177497152.77193,4177497157.4171,0.999999998888048
"307501","Springlands","Springlands","018","Kaikōura","Kaikoura",2754204.90763073,2754204.90763069,1.00000000000001
"308000","Riversdale-Islington","Riversdale-Islington","018","Kaikōura","Kaikoura",1095554.87489787,1095554.87489735,1.00000000000047
"308200","Redwoodtown West","Redwoodtown West","018","Kaikōura","Kaikoura",1062786.86674434,1062786.86674418,1.00000000000014
"308500","Riverlands","Riverlands","018","Kaikōura","Kaikoura",6277128.36310032,6277128.3631004,0.999999999999986
"308700","Inlet Wairau River","Inlet Wairau River","018","Kaikōura","Kaikoura",14425795.4716444,14425795.4716419,1.00000000000017
"308800","Kaikōura Ranges","Kaikoura Ranges","018","Kaikōura","Kaikoura",2039433193.37834,2039433193.37834,1
"312001","Hokitika Valley-Otira","Hokitika Valley-Otira","018","Kaikōura","Kaikoura",0.124565178703365,1634958321.55442,7.61885957954792e-11
"312100","Hanmer Range","Hanmer Range","018","Kaikōura","Kaikoura",3622674648.36067,3622674657.39318,0.999999997506672
"312200","Amuri","Amuri","018","Kaikōura","Kaikoura",1835621182.86192,1835621182.86192,1
"312500","Parnassus","Parnassus","018","Kaikōura","Kaikoura",994559872.6912,994559872.69119,1.00000000000001
"312600","Ashley Forest","Ashley Forest","018","Kaikōura","Kaikoura",340574254.140999,340574254.141001,0.999999999999994
"312700","Omihi","Omihi","018","Kaikōura","Kaikoura",717895188.320607,717895188.320609,0.999999999999997
"312801","Balcairn","Balcairn","018","Kaikōura","Kaikoura",130508270.966499,130508270.966498,1
"312901","Amberley","Amberley","018","Kaikōura","Kaikoura",3695176.06740528,3695176.06740478,1.00000000000014
"313000","Okuku","Okuku","018","Kaikōura","Kaikoura",329243756.41539,834793132.301034,0.394401611220565
"308400","Redwoodtown East","Redwoodtown East","018","Kaikōura","Kaikoura",1074128.49354843,1074128.4935491,0.999999999999371
"308600","Witherlea East","Witherlea East","018","Kaikōura","Kaikoura",1373886.41310526,1373886.41310537,0.999999999999918
"308900","Kaikōura","Kaikoura","018","Kaikōura","Kaikoura",9304322.97200366,9304322.97200516,0.999999999999839
"307100","Renwick","Renwick","018","Kaikōura","Kaikoura",2319655.6416245,2319655.64162461,0.999999999999953
"309700","Inangahua","Inangahua","018","Kaikōura","Kaikoura",1.9339530299053,3195935683.04363,6.05128895479997e-10
"307601","Yelverton","Yelverton","018","Kaikōura","Kaikoura",2547853.33415071,2547853.33415086,0.999999999999944
"307700","Mayfield","Mayfield","018","Kaikōura","Kaikoura",1458652.93735394,1458652.93735493,0.999999999999321
"307801","Whitney West","Whitney West","018","Kaikōura","Kaikoura",1139633.74087158,1139633.7408728,0.999999999998923
"313100","Ashley Gorge","Ashley Gorge","018","Kaikōura","Kaikoura",0.846205394373098,336414272.285992,2.51536710563137e-09
"313300","Starvation Hill-Cust","Starvation Hill-Cust","018","Kaikōura","Kaikoura",1.28694676539489,181648420.343151,7.08482222396277e-09
"313400","Loburn","Loburn","018","Kaikōura","Kaikoura",89316940.154501,89316940.5520185,0.99999999554936
"313700","Ashley-Sefton","Ashley-Sefton","018","Kaikōura","Kaikoura",86905740.1817202,86905740.7357454,0.999999993624987
"313801","Fernside","Fernside","018","Kaikōura","Kaikoura",0.270209970253597,39031264.7883103,6.92291094636842e-09
"307802","Burleigh","Burleigh","018","Kaikōura","Kaikoura",3624876.62362278,3624876.62362241,1.0000000000001
"307900","Blenheim Central","Blenheim Central","018","Kaikōura","Kaikoura",1553369.26850667,1553369.26850716,0.999999999999686
"308100","Whitney East","Whitney East","018","Kaikōura","Kaikoura",1057416.45640129,1057416.45640151,0.999999999999789
"308300","Witherlea West","Witherlea West","018","Kaikōura","Kaikoura",2436850.7292135,2436850.72921322,1.00000000000011
"311101","Lake Brunner","Lake Brunner","018","Kaikōura","Kaikoura",2.14876966604647,1342472736.98707,1.60060581257612e-09
"312300","Hanmer Springs","Hanmer Springs","018","Kaikōura","Kaikoura",4006065.546233,4006065.54623312,0.999999999999969
"312400","Upper Hurunui","Upper Hurunui","018","Kaikōura","Kaikoura",1004959577.07933,1004959578.34112,0.99999999874444
"314000","Kingsbury","Kingsbury","018","Kaikōura","Kaikoura",0.0214901736713993,2581058.45626847,8.32610885631335e-09
"333600","Craigieburn","Craigieburn","018","Kaikōura","Kaikoura",2.5482322951983,3444256221.98554,7.39849805288091e-10
"363500","Oceanic Nelson Region","Oceanic Nelson Region","018","Kaikōura","Kaikoura",1.62340008895858,787574670.686745,2.06126498144363e-09
"363600","Oceanic Marlborough Region","Oceanic Marlborough Region","018","Kaikōura","Kaikoura",5203964716.56119,5203964726.65553,0.999999998060259
"363800","Oceanic Canterbury Region","Oceanic Canterbury Region","018","Kaikōura","Kaikoura",4283430492.69146,11440033258.8297,0.374424653825669
"364000","Motunau Island","Motunau Island","018","Kaikōura","Kaikoura",81474.1984891529,81474.1984891671,0.999999999999827
"109700","Kaiwaka","Kaiwaka","019","Kaipara ki Mahurangi","Kaipara ki Mahurangi",0.407745564662605,258989449.309356,1.57437133346526e-09
"109800","Mangawhai Rural","Mangawhai Rural","019","Kaipara ki Mahurangi","Kaipara ki Mahurangi",0.761157667442914,91555406.4766877,8.31362883672768e-09
"112102","Ara Hill","Ara Hill","019","Kaipara ki Mahurangi","Kaipara ki Mahurangi",361047.936066698,361047.944452588,0.999999976773473
"112301","Helensville Rural","Helensville Rural","019","Kaipara ki Mahurangi","Kaipara ki Mahurangi",56407615.5882476,56407615.5882528,0.999999999999908
"112401","Helensville","Helensville","019","Kaipara ki Mahurangi","Kaipara ki Mahurangi",4052592.5341293,4052592.53413102,0.999999999999574
"112600","Waikoukou Valley","Waikoukou Valley","019","Kaipara ki Mahurangi","Kaipara ki Mahurangi",52860378.342886,52860378.3428857,1
"114201","Waimauku","Waimauku","019","Kaipara ki Mahurangi","Kaipara ki Mahurangi",1444928.03325713,1444928.03325556,1.00000000000108
"114300","Gulf Islands","Gulf Islands","019","Kaipara ki Mahurangi","Kaipara ki Mahurangi",21646087.1374048,66113379.3056355,0.327408572436407
"114500","Muriwai","Muriwai","019","Kaipara ki Mahurangi","Kaipara ki Mahurangi",3015087.96737589,3015087.96737696,0.999999999999647
"115002","Kumeū-Huapai South","Kumeu-Huapai South","019","Kaipara ki Mahurangi","Kaipara ki Mahurangi",2562120.26557472,2562120.26557509,0.999999999999857
"115901","Riverhead","Riverhead","019","Kaipara ki Mahurangi","Kaipara ki Mahurangi",2157989.07767392,2157989.07767391,1
"116101","Kumeū Rural East","Kumeu Rural East","019","Kaipara ki Mahurangi","Kaipara ki Mahurangi",16357028.2129358,16357028.3722842,0.99999999025811
"116300","Pāremoremo West","Paremoremo West","019","Kaipara ki Mahurangi","Kaipara ki Mahurangi",9480436.06039535,9480436.11344288,0.999999994404527
"116401","Taupaki","Taupaki","019","Kaipara ki Mahurangi","Kaipara ki Mahurangi",25730184.7000191,25730185.2749636,0.999999977654863
"116601","Pāremoremo East","Paremoremo East","019","Kaipara ki Mahurangi","Kaipara ki Mahurangi",0.217771070094242,14370165.9501662,1.51543879764119e-08
"117002","Whenuapai West","Whenuapai West","019","Kaipara ki Mahurangi","Kaipara ki Mahurangi",0.242992553878821,4272561.88522102,5.68727991323759e-08
"117100","Waitākere Ranges North","Waitakere Ranges North","019","Kaipara ki Mahurangi","Kaipara ki Mahurangi",0.482368141101572,86805216.8054636,5.55690267075298e-09
"110201","Okahukura Peninsula","Okahukura Peninsula","019","Kaipara ki Mahurangi","Kaipara ki Mahurangi",210901726.445035,210901726.445033,1.00000000000001
"110300","Inlet Kaipara Harbour South","Inlet Kaipara Harbour South","019","Kaipara ki Mahurangi","Kaipara ki Mahurangi",392331172.453217,392331174.535342,0.99999999469294
"110400","Cape Rodney","Cape Rodney","019","Kaipara ki Mahurangi","Kaipara ki Mahurangi",370675030.935961,370675032.210647,0.999999996561178
"112902","Millwater North","Millwater North","019","Kaipara ki Mahurangi","Kaipara ki Mahurangi",0.0740196001132889,926934.249007585,7.98542077742164e-08
"113101","Millwater Central","Millwater Central","019","Kaipara ki Mahurangi","Kaipara ki Mahurangi",0.0164908922177328,1752422.61484014,9.41033976512406e-09
"113201","Waipatukahu","Waipatukahu","019","Kaipara ki Mahurangi","Kaipara ki Mahurangi",56119637.4601393,56119637.4601373,1.00000000000003
"113300","Millwater South","Millwater South","019","Kaipara ki Mahurangi","Kaipara ki Mahurangi",0.189674543245904,2419553.46081597,7.83923754187014e-08
"113401","Milldale","Milldale","019","Kaipara ki Mahurangi","Kaipara ki Mahurangi",5215548.68543765,5215548.7406832,0.999999989407527
"113402","Dairy Flat North","Dairy Flat North","019","Kaipara ki Mahurangi","Kaipara ki Mahurangi",1949043.86668098,18760977.6731725,0.103888182195752
"119301","Inlet Waitemata Harbour","Inlet Waitemata Harbour","019","Kaipara ki Mahurangi","Kaipara ki Mahurangi",1730749.88453689,79264044.3786701,0.0218352457044525
"110501","Wellsford","Wellsford","019","Kaipara ki Mahurangi","Kaipara ki Mahurangi",4720682.37813799,4720682.37813847,0.999999999999897
"110600","Oceanic Auckland Region East","Oceanic Auckland Region East","019","Kaipara ki Mahurangi","Kaipara ki Mahurangi",1993495631.18608,7823314944.70714,0.254814697513205
"110700","South Head","South Head","019","Kaipara ki Mahurangi","Kaipara ki Mahurangi",339110866.583704,339110866.583695,1.00000000000003
"110800","Kaipara Hills","Kaipara Hills","019","Kaipara ki Mahurangi","Kaipara ki Mahurangi",282616863.930386,282616863.930403,0.999999999999939
"110900","Dome Valley-Matakana","Dome Valley-Matakana","019","Kaipara ki Mahurangi","Kaipara ki Mahurangi",84766493.6005004,84766493.6004992,1.00000000000001
"111000","Oceanic Auckland Region West","Oceanic Auckland Region West","019","Kaipara ki Mahurangi","Kaipara ki Mahurangi",1132963248.5244,2384034572.61827,0.475229370218452
"111100","Warkworth West","Warkworth West","019","Kaipara ki Mahurangi","Kaipara ki Mahurangi",11362296.9302752,11362296.9302737,1.00000000000013
"111200","Puhoi Valley","Puhoi Valley","019","Kaipara ki Mahurangi","Kaipara ki Mahurangi",236492257.936886,236492258.084902,0.999999999374117
"111300","Warkworth East","Warkworth East","019","Kaipara ki Mahurangi","Kaipara ki Mahurangi",4218744.98159011,4218744.98159162,0.999999999999642
"111400","Sandspit","Sandspit","019","Kaipara ki Mahurangi","Kaipara ki Mahurangi",22250304.5556123,22250304.5556125,0.999999999999994
"111500","Tawharanui Peninsula","Tawharanui Peninsula","019","Kaipara ki Mahurangi","Kaipara ki Mahurangi",46704252.6498015,46704252.6497869,1.00000000000031
"111601","Kaukapakapa","Kaukapakapa","019","Kaipara ki Mahurangi","Kaipara ki Mahurangi",5259419.10797959,5259419.1079801,0.999999999999901
"111602","Kaukapakapa Rural","Kaukapakapa Rural","019","Kaipara ki Mahurangi","Kaipara ki Mahurangi",90828476.0245523,90828476.0245478,1.00000000000005
"111700","Snells Beach","Snells Beach","019","Kaipara ki Mahurangi","Kaipara ki Mahurangi",3827850.36358986,3827850.36359079,0.999999999999758
"111901","Mahurangi Peninsula","Mahurangi Peninsula","019","Kaipara ki Mahurangi","Kaipara ki Mahurangi",15345155.3141598,15345155.3141583,1.0000000000001
"112001","Inlets other Auckland","Inlets other Auckland","019","Kaipara ki Mahurangi","Kaipara ki Mahurangi",36364454.9490728,122493635.241782,0.296868117900946
"112101","Wainui-Waiwera","Wainui-Waiwera","019","Kaipara ki Mahurangi","Kaipara ki Mahurangi",54245380.7163835,62243663.6399463,0.871500447502103
"112200","Parakai","Parakai","019","Kaipara ki Mahurangi","Kaipara ki Mahurangi",1454876.44645991,1454876.44645953,1.00000000000026
"112500","Waitoki","Waitoki","019","Kaipara ki Mahurangi","Kaipara ki Mahurangi",36595462.9922721,40749078.2903546,0.89806848467869
"112702","Orewa West","Orewa West","019","Kaipara ki Mahurangi","Kaipara ki Mahurangi",0.143393674826642,1502167.62083692,9.545783895059e-08
"113500","Dairy Flat West","Dairy Flat West","019","Kaipara ki Mahurangi","Kaipara ki Mahurangi",0.223938179748287,30981918.8727668,7.228028085282e-09
"113700","Riverhead Forest","Riverhead Forest","019","Kaipara ki Mahurangi","Kaipara ki Mahurangi",40676518.099263,48427921.0586956,0.839939382282428
"114701","Kumeū Rural West","Kumeu Rural West","019","Kaipara ki Mahurangi","Kaipara ki Mahurangi",24364056.4452541,24364056.4452528,1.00000000000006
"115001","Kumeū-Huapai North","Kumeu-Huapai North","019","Kaipara ki Mahurangi","Kaipara ki Mahurangi",4272459.97779295,4272459.97779321,0.999999999999939
"115300","Muriwai Valley-Bethells Beach","Muriwai Valley-Bethells Beach","019","Kaipara ki Mahurangi","Kaipara ki Mahurangi",27029115.4697013,35357400.1796905,0.76445426791382
"115501","Coatesville","Coatesville","019","Kaipara ki Mahurangi","Kaipara ki Mahurangi",11965842.3579336,21593613.2186426,0.554138033166354
"117003","Massey Red Hills","Massey Red Hills","019","Kaipara ki Mahurangi","Kaipara ki Mahurangi",1468504.23298057,3435589.85978273,0.427438749360332
"118001","Waitākere","Waitakere","019","Kaipara ki Mahurangi","Kaipara ki Mahurangi",0.274524138344855,14789608.5426407,1.85619610927063e-08
"120101","Birdwood West","Birdwood West","019","Kaipara ki Mahurangi","Kaipara ki Mahurangi",0.0617133796263252,6236614.6309199,9.89533317007636e-09
"258200","Oceanic Northland Region","Oceanic Northland Region","019","Kaipara ki Mahurangi","Kaipara ki Mahurangi",2.92367733567338,16289039084.9518,1.79487403795007e-10
"258400","Inlet Kaipara Harbour North","Inlet Kaipara Harbour North","019","Kaipara ki Mahurangi","Kaipara ki Mahurangi",2.75047044648166,330743190.812903,8.31603045166716e-09
"236000","Makahika","Makahika","020","Kapiti","Kapiti",0.202575493170194,170322845.861562,1.1893618389564e-09
"236100","Kimberley","Kimberley","020","Kapiti","Kapiti",1.39935910864707,129369151.811058,1.08167912447228e-08
"236200","Kapiti Island","Kapiti Island","020","Kapiti","Kapiti",19259111.5514091,19259111.5514104,0.999999999999934
"236300","Ōtaki Beach","Otaki Beach","020","Kapiti","Kapiti",3360548.6698406,3360548.66984095,0.999999999999896
"236401","Forest Lakes (Kapiti Coast District)","Forest Lakes (Kapiti Coast District)","020","Kapiti","Kapiti",34635546.2088522,34635546.9290222,0.999999979207201
"236500","Ōtaki","Otaki","020","Kapiti","Kapiti",8459017.07299967,8459017.07299985,0.999999999999979
"236600","Te Horo","Te Horo","020","Kapiti","Kapiti",31862771.5110136,31862771.5110188,0.999999999999837
"236800","Waikanae Beach","Waikanae Beach","020","Kapiti","Kapiti",4365158.09815312,4365158.09815307,1.00000000000001
"236900","Peka Peka","Peka Peka","020","Kapiti","Kapiti",10020046.5823032,10020046.5823018,1.00000000000015
"237001","Paraparaumu Beach North","Paraparaumu Beach North","020","Kapiti","Kapiti",2458339.67708114,2458339.67708366,0.999999999998974
"237100","Paraparaumu Beach West","Paraparaumu Beach West","020","Kapiti","Kapiti",1594362.34280022,1594362.34280071,0.999999999999695
"237200","Waikanae Park","Waikanae Park","020","Kapiti","Kapiti",7359809.46650644,7359809.46650604,1.00000000000006
"237401","Otaihanga","Otaihanga","020","Kapiti","Kapiti",4159779.68734366,4159779.68734356,1.00000000000003
"237500","Paraparaumu North","Paraparaumu North","020","Kapiti","Kapiti",3533676.417578,3533676.41757833,0.999999999999907
"237700","Ōtaki Forks","Otaki Forks","020","Kapiti","Kapiti",87317880.2058922,87317880.2058935,0.999999999999985
"237900","Maungakotukutuku","Maungakotukutuku","020","Kapiti","Kapiti",112694905.164709,112694905.164706,1.00000000000003
"238000","Raumati Beach West","Raumati Beach West","020","Kapiti","Kapiti",1750012.37741208,1750012.37741372,0.99999999999906
"238200","Tararua Forest Park","Tararua Forest Park","020","Kapiti","Kapiti",365625241.312024,365625245.420424,0.99999998876336
"238500","Raumati South","Raumati South","020","Kapiti","Kapiti",5419014.58291636,5419014.58291635,1
"238600","Paekākāriki","Paekakariki","020","Kapiti","Kapiti",6150734.58686411,6150734.58686281,1.00000000000021
"238700","Mana Island","Mana Island","020","Kapiti","Kapiti",2113475.98909555,2113475.98909507,1.00000000000023
"238800","Pukerua Bay","Pukerua Bay","020","Kapiti","Kapiti",8171761.42247955,8171761.42247938,1.00000000000002
"238900","Paekākāriki Hill","Paekakariki Hill","020","Kapiti","Kapiti",35769975.2665019,35769975.2665009,1.00000000000003
"239000","Plimmerton","Plimmerton","020","Kapiti","Kapiti",5155856.24339042,5155856.24339119,0.999999999999851
"239401","Pāuatahanui","Pauatahanui","020","Kapiti","Kapiti",73808519.8689423,75729803.5358457,0.974629755034371
"239600","Camborne","Camborne","020","Kapiti","Kapiti",837653.472762067,837653.472761786,1.00000000000034
"240300","Ascot Park","Ascot Park","020","Kapiti","Kapiti",0.097669996274567,1119602.62380071,8.72363052732108e-08
"240601","Endeavour West","Endeavour West","020","Kapiti","Kapiti",1433920.52976738,1433920.52976682,1.00000000000039
"240801","Waitangirua Tairangi","Waitangirua Tairangi","020","Kapiti","Kapiti",0.0403595251935736,514418.770630233,7.84565562102793e-08
"241200","Akatarawa","Akatarawa","020","Kapiti","Kapiti",70099253.3100243,334148522.965056,0.209784716951614
"241300","Riverstone Terraces","Riverstone Terraces","020","Kapiti","Kapiti",0.0272914661832011,2236270.99110251,1.22040067110767e-08
"243100","Belmont Park","Belmont Park","020","Kapiti","Kapiti",7266.42352000217,29456596.3489531,0.000246682387670374
"256800","Mount Holdsworth","Mount Holdsworth","020","Kapiti","Kapiti",1.48496865929601,432874682.136558,3.43048166265255e-09
"257300","Tauherenikau","Tauherenikau","020","Kapiti","Kapiti",0.204064796113067,337662734.585962,6.04345031924501e-10
"259600","Oceanic Wellington Region","Oceanic Wellington Region","020","Kapiti","Kapiti",1551435794.4256,7732527662.51709,0.200637600295448
"234500","Waikawa (Horowhenua District)","Waikawa (Horowhenua District)","020","Kapiti","Kapiti",0.205812892029971,62171347.7452473,3.3104138722118e-09
"234801","Ōhau-Manakau","Ohau-Manakau","020","Kapiti","Kapiti",0.162100311524884,41733832.2049791,3.88414633788517e-09
"236701","Waitohu","Waitohu","020","Kapiti","Kapiti",4160175.74862909,4160175.7486283,1.00000000000019
"237300","Paraparaumu Beach East","Paraparaumu Beach East","020","Kapiti","Kapiti",1067179.80750048,1067179.80750052,0.999999999999962
"237600","Waikanae West","Waikanae West","020","Kapiti","Kapiti",4681433.74331618,4681433.7433152,1.00000000000021
"238100","Waikanae East","Waikanae East","020","Kapiti","Kapiti",3187440.96278933,3187440.96278992,0.999999999999816
"237800","Paraparaumu Central","Paraparaumu Central","020","Kapiti","Kapiti",4464207.16387503,4464207.16387498,1.00000000000001
"238300","Raumati Beach East","Raumati Beach East","020","Kapiti","Kapiti",1424292.69468951,1424292.69468885,1.00000000000047
"238400","Paraparaumu East","Paraparaumu East","020","Kapiti","Kapiti",2511851.75829939,2511851.75830018,0.999999999999683
"239701","Inlet Porirua Harbour","Inlet Porirua Harbour","020","Kapiti","Kapiti",5005418.52819298,7606699.29392013,0.658027658881389
"239801","Paremata","Paremata","020","Kapiti","Kapiti",1677947.91882701,1678074.22566236,0.999924731079579
"240000","Papakōwhai","Papakowhai","020","Kapiti","Kapiti",152.012330610856,1430219.33718716,0.000106286026666247
"240201","Postgate","Postgate","020","Kapiti","Kapiti",1588533.31139036,1588533.41002325,0.999999937909462
"240401","Whitby","Whitby","020","Kapiti","Kapiti",1738958.8283758,1738958.82838109,0.999999999996961
"240602","Endeavour East","Endeavour East","020","Kapiti","Kapiti",1904060.67033211,1904060.67033169,1.00000000000022
"248200","Takapu-Horokiwi","Takapu-Horokiwi","020","Kapiti","Kapiti",0.0362521235555298,19101815.617971,1.89783653452417e-09
"259300","Oceanic Manawatū-Whanganui Region West","Oceanic Manawatu-Whanganui Region West","020","Kapiti","Kapiti",2.81307302850736,2088905238.4651,1.3466733563148e-09
"239100","Titahi Bay North","Titahi Bay North","021","Kenepuru","Kenepuru",2009353.7164455,2009353.71644561,0.999999999999943
"239200","Titahi Bay South","Titahi Bay South","021","Kenepuru","Kenepuru",3533331.48884699,3533331.48884702,0.99999999999999
"239300","Elsdon-Takapuwahia","Elsdon-Takapuwahia","021","Kenepuru","Kenepuru",10294851.4481356,10294851.4481318,1.00000000000037
"239401","Pāuatahanui","Pauatahanui","021","Kenepuru","Kenepuru",1921235.49420587,75729803.5358457,0.0253696088528274
"239500","Onepoto","Onepoto","021","Kenepuru","Kenepuru",2241481.84252337,2241481.84252352,0.999999999999934
"240300","Ascot Park","Ascot Park","021","Kenepuru","Kenepuru",1119602.52613144,1119602.62380071,0.999999912764344
"240700","Cannons Creek North","Cannons Creek North","021","Kenepuru","Kenepuru",1057013.32854809,1057013.32854794,1.00000000000014
"240801","Waitangirua Tairangi","Waitangirua Tairangi","021","Kenepuru","Kenepuru",514418.73027109,514418.770630233,0.999999921544187
"241000","Cannons Creek East","Cannons Creek East","021","Kenepuru","Kenepuru",1456072.58037552,1456072.58037516,1.00000000000024
"243100","Belmont Park","Belmont Park","021","Kenepuru","Kenepuru",0.288932390707586,29456596.3489531,9.80875004310724e-09
"249800","Woodridge","Woodridge","021","Kenepuru","Kenepuru",0.019744447847781,989983.666831202,1.99442157575996e-08
"247501","Mākara-Ohariu","Makara-Ohariu","021","Kenepuru","Kenepuru",53242431.6361985,177199001.437398,0.300466883020265
"247900","Tawa Central","Tawa Central","021","Kenepuru","Kenepuru",1531747.4369075,1531747.43690823,0.99999999999952
"248500","Grenada Village","Grenada Village","021","Kenepuru","Kenepuru",1452011.99318914,1452012.04003875,0.999999967734696
"248701","Paparangi","Paparangi","021","Kenepuru","Kenepuru",1223599.98304137,1259171.07420324,0.97175039048258
"249200","Johnsonville South","Johnsonville South","021","Kenepuru","Kenepuru",710807.116284058,710807.241473596,0.999999823876952
"259600","Oceanic Wellington Region","Oceanic Wellington Region","021","Kenepuru","Kenepuru",189331970.000493,7732527662.51709,0.0244851332272974
"239701","Inlet Porirua Harbour","Inlet Porirua Harbour","021","Kenepuru","Kenepuru",2601280.76571785,7606699.29392013,0.341972341117388
"239801","Paremata","Paremata","021","Kenepuru","Kenepuru",126.306832761303,1678074.22566236,7.52689188772016e-05
"239900","Porirua Central","Porirua Central","021","Kenepuru","Kenepuru",6725248.81976428,6725248.81976424,1.00000000000001
"240000","Papakōwhai","Papakowhai","021","Kenepuru","Kenepuru",1430067.32485752,1430219.33718716,0.999893713974014
"240100","Aotea","Aotea","021","Kenepuru","Kenepuru",2679033.1203557,2679033.12035573,0.999999999999991
"240201","Postgate","Postgate","021","Kenepuru","Kenepuru",0.0986332654038762,1588533.41002325,6.20907717656581e-08
"240401","Whitby","Whitby","021","Kenepuru","Kenepuru",5.14540041611153e-06,1738958.82838109,2.95889720454263e-12
"240500","Porirua East","Porirua East","021","Kenepuru","Kenepuru",1209764.56371226,1209764.56371239,0.999999999999893
"240802","Waitangirua Corinna","Waitangirua Corinna","021","Kenepuru","Kenepuru",709594.189171515,709594.189171434,1.00000000000011
"240900","Rānui Heights","Ranui Heights","021","Kenepuru","Kenepuru",2354157.22203932,2354157.22203883,1.00000000000021
"241100","Cannons Creek South","Cannons Creek South","021","Kenepuru","Kenepuru",1407936.5140526,1407936.51405288,0.999999999999803
"247600","Tawa North","Tawa North","021","Kenepuru","Kenepuru",1444074.54019225,1444074.54019234,0.99999999999994
"247700","Linden","Linden","021","Kenepuru","Kenepuru",1118865.22872886,1118865.22872909,0.999999999999798
"247800","Tawa South","Tawa South","021","Kenepuru","Kenepuru",2548089.00319143,2548089.00319094,1.00000000000019
"248000","Grenada North","Grenada North","021","Kenepuru","Kenepuru",5789085.87020208,5789085.99046225,0.999999979226398
"248101","Churton Park North","Churton Park North","021","Kenepuru","Kenepuru",2305863.80036943,2305863.80036931,1.00000000000005
"248102","Glenside-Churton Park East","Glenside-Churton Park East","021","Kenepuru","Kenepuru",2483768.54140974,2483768.5414096,1.00000000000006
"248200","Takapu-Horokiwi","Takapu-Horokiwi","021","Kenepuru","Kenepuru",11008958.1701688,19101815.617971,0.576330459383745
"248301","Churton Park South","Churton Park South","021","Kenepuru","Kenepuru",1265943.88742867,1265943.88742849,1.00000000000014
"248400","Johnsonville West","Johnsonville West","021","Kenepuru","Kenepuru",1176920.85943086,1176920.89236023,0.999999972020749
"249702","Newlands East","Newlands East","021","Kenepuru","Kenepuru",0.0293553808155372,1986513.84684831,1.47773351100022e-08
"248600","Johnsonville North","Johnsonville North","021","Kenepuru","Kenepuru",894729.15473302,894729.154733213,0.999999999999784
"248900","Johnsonville Central","Johnsonville Central","021","Kenepuru","Kenepuru",951713.720179205,951713.72017871,1.00000000000052
"249000","Broadmeadows","Broadmeadows","021","Kenepuru","Kenepuru",0.0804004984910895,642136.562920934,1.25207787772379e-07
"249501","Newlands North","Newlands North","021","Kenepuru","Kenepuru",695097.795049779,889835.6570298,0.781153002308268
"249701","Newlands South","Newlands South","021","Kenepuru","Kenepuru",0.127782299186108,3995658.93910632,3.19802818842911e-08
"149600","Ōtāhuhu Industrial","Otahuhu Industrial","022","Māngere","Mangere",392226.542673098,1836008.70771958,0.213630001330585
"141400","Inlet Manukau Harbour","Inlet Manukau Harbour","022","Māngere","Mangere",98791514.3321049,374553577.649694,0.263758031499838
"146100","Māngere Bridge Ambury","Mangere Bridge Ambury","022","Māngere","Mangere",3140070.72594306,3140070.72594229,1.00000000000024
"146800","Māngere Bridge","Mangere Bridge","022","Māngere","Mangere",1610026.54505782,1610026.54505762,1.00000000000013
"147900","Auckland Airport","Auckland Airport","022","Māngere","Mangere",23018251.627505,23018251.6275019,1.00000000000014
"148200","Favona North","Favona North","022","Māngere","Mangere",1126414.81203003,1126414.81203054,0.999999999999546
"149400","Favona East","Favona East","022","Māngere","Mangere",635639.736833934,635639.736833999,0.999999999999898
"150800","Sutton Park","Sutton Park","022","Māngere","Mangere",730710.44549278,730710.452932324,0.999999989818753
"152101","Massey Road North","Massey Road North","022","Māngere","Mangere",840280.971247434,840281.001905272,0.99999996351478
"152600","Massey Road South","Massey Road South","022","Māngere","Mangere",324716.133812495,324716.133812554,0.999999999999818
"152700","Middlemore","Middlemore","022","Māngere","Mangere",0.0201942361730746,724271.356566438,2.78821411201593e-08
"154802","Papatoetoe West","Papatoetoe West","022","Māngere","Mangere",260944.655939007,764051.465963923,0.341527590173262
"155500","Manukau Central","Manukau Central","022","Māngere","Mangere",7643377.89858427,11413422.8500629,0.669683231664563
"157600","Wiri West","Wiri West","022","Māngere","Mangere",0.272841547225171,8030033.00700775,3.39776370765928e-08
"147500","Māngere Mountain View","Mangere Mountain View","022","Māngere","Mangere",1704533.11258251,1704533.11258263,0.999999999999929
"148501","Māngere North","Mangere North","022","Māngere","Mangere",928557.18543205,928557.185431765,1.00000000000031
"148600","Favona West","Favona West","022","Māngere","Mangere",860550.059469222,860550.05946895,1.00000000000032
"148901","Māngere West","Mangere West","022","Māngere","Mangere",728884.568108397,728884.568108382,1.00000000000002
"151200","Harania South","Harania South","022","Māngere","Mangere",776462.668451542,776462.668451246,1.00000000000038
"151400","Ōtāhuhu South West","Otahuhu South West","022","Māngere","Mangere",0.0695755999455928,1242041.30150043,5.60171387711046e-08
"150000","Harania North","Harania North","022","Māngere","Mangere",944339.39989869,944339.399898976,0.999999999999698
"150200","Māngere Central","Mangere Central","022","Māngere","Mangere",1445065.20435648,1445065.20435616,1.00000000000022
"152800","Māngere South East","Mangere South East","022","Māngere","Mangere",4327098.70803297,4327098.7080321,1.0000000000002
"151000","Māngere South","Mangere South","022","Māngere","Mangere",833162.811530091,833162.81153023,0.999999999999833
"151600","Māngere Mascot","Mangere Mascot","022","Māngere","Mangere",784569.1871278,784569.187128083,0.99999999999964
"151800","Massey Road West","Massey Road West","022","Māngere","Mangere",693519.15680225,693519.156801973,1.0000000000004
"153600","Aorere Central","Aorere Central","022","Māngere","Mangere",619875.21449817,619875.214498337,0.999999999999731
"153200","Aorere North","Aorere North","022","Māngere","Mangere",330004.059302953,330004.059302896,1.00000000000017
"153301","Māngere East","Mangere East","022","Māngere","Mangere",642439.530944156,642439.566644069,0.999999944430706
"154801","Papatoetoe North West","Papatoetoe North West","022","Māngere","Mangere",771642.863997837,771642.921859917,0.999999925014435
"154001","Papatoetoe North","Papatoetoe North","022","Māngere","Mangere",0.0792197113271674,734207.961871193,1.0789819157677e-07
"154901","Papatoetoe Central West","Papatoetoe Central West","022","Māngere","Mangere",0.0116493282434497,829583.759517035,1.40423774089209e-08
"154201","Aorere South West","Aorere South West","022","Māngere","Mangere",688307.952263137,688307.95728787,0.999999992699877
"154202","Aorere South East","Aorere South East","022","Māngere","Mangere",318234.020531387,609477.912023779,0.522142007533443
"155901","Papatoetoe South West","Papatoetoe South West","022","Māngere","Mangere",0.0375064956818011,704784.024930012,5.32170059977248e-08
"141400","Inlet Manukau Harbour","Inlet Manukau Harbour","023","Manurewa","Manurewa",3113513.77510477,374553577.649694,0.0083125992138212
"154802","Papatoetoe West","Papatoetoe West","023","Manurewa","Manurewa",503106.798090381,764051.465963923,0.65847239420667
"155500","Manukau Central","Manukau Central","023","Manurewa","Manurewa",3770044.90606916,11413422.8500629,0.330316764356838
"158700","Clendon Park North","Clendon Park North","023","Manurewa","Manurewa",749202.550301007,749202.550300394,1.00000000000082
"155602","Papatoetoe East","Papatoetoe East","023","Manurewa","Manurewa",0.00851212650933062,780623.014608693,1.0904273061431e-08
"156201","Papatoetoe South","Papatoetoe South","023","Manurewa","Manurewa",419690.856228778,650180.264555576,0.645499223996985
"158800","Burbank","Burbank","023","Manurewa","Manurewa",648508.081172865,648508.081172789,1.00000000000012
"159101","Homai East","Homai East","023","Manurewa","Manurewa",600887.055224032,600887.055223963,1.00000000000011
"159500","Clendon Park West","Clendon Park West","023","Manurewa","Manurewa",594086.045066523,594086.045065966,1.00000000000094
"159900","Rowandale West","Rowandale West","023","Manurewa","Manurewa",687669.883883955,687669.883883948,1.00000000000001
"160501","Weymouth East","Weymouth East","023","Manurewa","Manurewa",674357.235248123,674357.235248333,0.999999999999689
"160700","Weymouth South","Weymouth South","023","Manurewa","Manurewa",1058061.06150963,1058061.06150978,0.999999999999855
"160800","Manurewa East","Manurewa East","023","Manurewa","Manurewa",0.0487675998282508,828303.616776991,5.88764781904613e-08
"160901","Manurewa West","Manurewa West","023","Manurewa","Manurewa",605087.491056818,605087.501416155,0.999999982879606
"161201","Wattle Downs North","Wattle Downs North","023","Manurewa","Manurewa",536657.262486642,790753.003264514,0.678666107205571
"161500","Wattle Downs East","Wattle Downs East","023","Manurewa","Manurewa",0.0461625685940029,1016559.16127607,4.54106070285725e-08
"157901","Clover Park South","Clover Park South","023","Manurewa","Manurewa",0.0861337850594516,742453.455720012,1.16012370062877e-07
"156700","Puhinui South","Puhinui South","023","Manurewa","Manurewa",526109.915126631,526109.915126942,0.999999999999408
"158402","Wiri East","Wiri East","023","Manurewa","Manurewa",710759.984561403,710760.052038562,0.999999905063377
"158501","Goodwood Heights West","Goodwood Heights West","023","Manurewa","Manurewa",0.0381877087914796,534266.778542185,7.1476854495201e-08
"158401","Wiri North","Wiri North","023","Manurewa","Manurewa",657718.900746539,657718.900746382,1.00000000000024
"157600","Wiri West","Wiri West","023","Manurewa","Manurewa",8030032.73416732,8030033.00700775,0.999999966022502
"157701","Clover Park North","Clover Park North","023","Manurewa","Manurewa",0.0414240919517146,842556.274835398,4.91647776996346e-08
"152800","Māngere South East","Mangere South East","023","Manurewa","Manurewa",3.06246746351047e-07,4327098.7080321,7.07741530791941e-14
"154901","Papatoetoe Central West","Papatoetoe Central West","023","Manurewa","Manurewa",248376.529501889,829583.759517035,0.299398977683082
"154201","Aorere South West","Aorere South West","023","Manurewa","Manurewa",0.00502730555026848,688307.95728787,7.30386086204422e-09
"154202","Aorere South East","Aorere South East","023","Manurewa","Manurewa",291243.891492484,609477.912023779,0.477857992466708
"155901","Papatoetoe South West","Papatoetoe South West","023","Manurewa","Manurewa",704783.9874235,704784.024930012,0.99999994678297
"156500","Puhinui North","Puhinui North","023","Manurewa","Manurewa",703615.47175187,703615.488331166,0.999999976436994
"157000","Puhinui East","Puhinui East","023","Manurewa","Manurewa",468438.049959089,603799.65785069,0.775817017893915
"159000","Totara Heights","Totara Heights","023","Manurewa","Manurewa",0.0333921386621947,854430.892155806,3.90811462562447e-08
"159201","Homai West","Homai West","023","Manurewa","Manurewa",479016.706667625,479016.706667906,0.999999999999412
"159202","Homai Central","Homai Central","023","Manurewa","Manurewa",543408.910573988,543408.910574147,0.999999999999708
"160300","Hillpark South","Hillpark South","023","Manurewa","Manurewa",1081465.08622803,1081465.15536929,0.999999936067049
"159301","The Gardens (Auckland)","The Gardens (Auckland)","023","Manurewa","Manurewa",0.0564240494718019,4189501.53144799,1.34679624886783e-08
"159600","Hillpark North","Hillpark North","023","Manurewa","Manurewa",659707.7597802,659707.800109424,0.99999993886805
"159700","Clendon Park East","Clendon Park East","023","Manurewa","Manurewa",462559.251537499,462559.251537689,0.99999999999959
"160000","Rowandale East","Rowandale East","023","Manurewa","Manurewa",831099.32910003,831099.329100054,0.999999999999972
"160100","Manurewa Central","Manurewa Central","023","Manurewa","Manurewa",1081093.20967967,1081093.2247967,0.99999998601691
"160201","Weymouth West","Weymouth West","023","Manurewa","Manurewa",495846.08517375,495846.085173922,0.999999999999653
"160202","Weymouth Central","Weymouth Central","023","Manurewa","Manurewa",605752.16859052,605752.16859102,0.999999999999174
"160401","Alfriston","Alfriston","023","Manurewa","Manurewa",0.016111259037335,1851821.34398492,8.70022320979693e-09
"160601","Leabank","Leabank","023","Manurewa","Manurewa",1216598.11431817,1216598.11431839,0.999999999999817
"160902","Manurewa South","Manurewa South","023","Manurewa","Manurewa",592738.384009835,885072.268200144,0.669706198359609
"149500","Mount Wellington South East","Mount Wellington South East","024","Maungakiekie","Maungakiekie",0.070488916212667,673995.886599212,1.04583600010281e-07
"149600","Ōtāhuhu Industrial","Otahuhu Industrial","024","Maungakiekie","Maungakiekie",0.0144586747242243,1836008.70771958,7.87505781613792e-09
"141400","Inlet Manukau Harbour","Inlet Manukau Harbour","024","Maungakiekie","Maungakiekie",2804229.2171226,374553577.649694,0.00748685738024185
"147202","Mount Wellington Hamlin","Mount Wellington Hamlin","024","Maungakiekie","Maungakiekie",569650.053667232,569650.053667226,1.00000000000001
"145500","Onehunga-Te Papapa Industrial","Onehunga-Te Papapa Industrial","024","Maungakiekie","Maungakiekie",3024468.11338376,3024468.13622489,0.999999992447885
"142202","Greenlane Central","Greenlane Central","024","Maungakiekie","Maungakiekie",617032.228744573,617032.232988914,0.999999993121363
"142600","Royal Oak West (Auckland)","Royal Oak West (Auckland)","024","Maungakiekie","Maungakiekie",811349.287446399,811349.334460174,0.99999994205483
"145900","Penrose","Penrose","024","Maungakiekie","Maungakiekie",6421026.8282665,6421026.82826696,0.999999999999929
"147002","Tamaki East","Tamaki East","024","Maungakiekie","Maungakiekie",662484.107166655,662484.114301075,0.999999989230805
"147100","Panmure East","Panmure East","024","Maungakiekie","Maungakiekie",1015696.99720456,1015696.99720408,1.00000000000048
"147201","Mount Wellington Central","Mount Wellington Central","024","Maungakiekie","Maungakiekie",754593.470419549,754593.470418939,1.00000000000081
"149100","Mount Wellington South West","Mount Wellington South West","024","Maungakiekie","Maungakiekie",0.0653649312442766,697606.056824108,9.36989158922362e-08
"143100","Remuera Abbotts Park","Remuera Abbotts Park","024","Maungakiekie","Maungakiekie",132943.554539045,1022010.13172923,0.130080466339513
"143600","Hillsborough South (Auckland)","Hillsborough South (Auckland)","024","Maungakiekie","Maungakiekie",0.0417199358769982,1159923.71189901,3.59678274088345e-08
"143800","Greenlane South","Greenlane South","024","Maungakiekie","Maungakiekie",852645.16077337,852645.160773411,0.999999999999952
"144101","Onehunga West","Onehunga West","024","Maungakiekie","Maungakiekie",974681.704495,974681.739017485,0.999999964580761
"112001","Inlets other Auckland","Inlets other Auckland","024","Maungakiekie","Maungakiekie",1562038.39912459,122493635.241782,0.0127519964285604
"140800","Epsom Central-South","Epsom Central-South","024","Maungakiekie","Maungakiekie",0.04439607856593,983465.071275183,4.51425066966182e-08
"141000","Remuera South","Remuera South","024","Maungakiekie","Maungakiekie",0.0147734134029388,1429436.68166967,1.0335129630004e-08
"141201","Three Kings North","Three Kings North","024","Maungakiekie","Maungakiekie",0.0844476414145838,674279.513626207,1.25241297871313e-07
"141500","Epsom East","Epsom East","024","Maungakiekie","Maungakiekie",0.172693825025791,1268210.05532578,1.36171310344506e-07
"141700","Epsom South","Epsom South","024","Maungakiekie","Maungakiekie",596275.19325594,596275.234881034,0.999999930191476
"144900","Stonefields West","Stonefields West","024","Maungakiekie","Maungakiekie",0.0592648799232295,542207.645920567,1.09302921803341e-07
"142001","Three Kings South","Three Kings South","024","Maungakiekie","Maungakiekie",0.0416601235853217,713182.706673863,5.8414377123102e-08
"145000","Onehunga Central","Onehunga Central","024","Maungakiekie","Maungakiekie",864471.114597149,864471.114597279,0.99999999999985
"142002","Hillsborough North (Auckland)","Hillsborough North (Auckland)","024","Maungakiekie","Maungakiekie",655185.889069889,723695.721255404,0.905333373994984
"142201","Greenlane North","Greenlane North","024","Maungakiekie","Maungakiekie",0.0806462341975215,526272.826550669,1.53240353916994e-07
"142801","One Tree Hill Oranga","One Tree Hill Oranga","024","Maungakiekie","Maungakiekie",528244.591684374,528244.591683946,1.00000000000081
"142802","One Tree Hill Amaru","One Tree Hill Amaru","024","Maungakiekie","Maungakiekie",2220843.64861088,2220843.7197953,0.999999967947129
"142901","Hillsborough Central (Auckland)","Hillsborough Central (Auckland)","024","Maungakiekie","Maungakiekie",0.026179858593033,630887.608975605,4.14968660353659e-08
"143301","Ellerslie Central","Ellerslie Central","024","Maungakiekie","Maungakiekie",1547691.6528034,1547691.76591401,0.99999992691658
"143400","Royal Oak East (Auckland)","Royal Oak East (Auckland)","024","Maungakiekie","Maungakiekie",640971.354535078,640971.354534739,1.00000000000053
"144201","Ellerslie West","Ellerslie West","024","Maungakiekie","Maungakiekie",346797.753804657,346797.753804566,1.00000000000026
"144300","Onehunga North","Onehunga North","024","Maungakiekie","Maungakiekie",772556.896552962,772556.89655271,1.00000000000033
"143900","Remuera Waiatarua","Remuera Waiatarua","024","Maungakiekie","Maungakiekie",103466.747032267,1570297.36624469,0.0658899067504038
"144400","Ellerslie East","Ellerslie East","024","Maungakiekie","Maungakiekie",752571.950068464,752571.950068239,1.0000000000003
"144800","Ellerslie South","Ellerslie South","024","Maungakiekie","Maungakiekie",829834.963999407,829834.963999445,0.999999999999955
"145200","Oranga","Oranga","024","Maungakiekie","Maungakiekie",668915.067284807,668915.067284842,0.999999999999948
"145300","Mount Wellington North West","Mount Wellington North West","024","Maungakiekie","Maungakiekie",924726.143855926,924726.190578714,0.999999949473921
"145400","Panmure Glen Innes Industrial","Panmure Glen Innes Industrial","024","Maungakiekie","Maungakiekie",425915.467999159,2013535.37637018,0.211526190697956
"145600","Te Papapa","Te Papapa","024","Maungakiekie","Maungakiekie",710876.412798349,710876.412798313,1.00000000000005
"145700","Stonefields East","Stonefields East","024","Maungakiekie","Maungakiekie",0.0736650320765182,445666.298098022,1.65291906502466e-07
"146000","Mount Wellington North East","Mount Wellington North East","024","Maungakiekie","Maungakiekie",727030.693884792,727030.752492446,0.999999919387655
"146201","Mount Wellington Ferndale","Mount Wellington Ferndale","024","Maungakiekie","Maungakiekie",647337.785370003,647337.785369856,1.00000000000023
"146302","Point England South","Point England South","024","Maungakiekie","Maungakiekie",0.0952719538544228,555203.236487047,1.71598340199239e-07
"146501","Mount Wellington East","Mount Wellington East","024","Maungakiekie","Maungakiekie",694610.13302505,694610.133024741,1.00000000000044
"146600","Mount Wellington West","Mount Wellington West","024","Maungakiekie","Maungakiekie",779101.405219274,779101.405219279,0.999999999999993
"146700","Panmure West","Panmure West","024","Maungakiekie","Maungakiekie",643537.793907298,643537.793907235,1.0000000000001
"147001","Tamaki West","Tamaki West","024","Maungakiekie","Maungakiekie",633065.586519425,633065.620718655,0.999999945978381
"147400","Sylvia Park","Sylvia Park","024","Maungakiekie","Maungakiekie",557101.374366623,557101.37436633,1.00000000000053
"147700","Mount Wellington Industrial","Mount Wellington Industrial","024","Maungakiekie","Maungakiekie",3332208.49405385,3332208.77443371,0.999999915857655
"150101","Ōtāhuhu Central","Otahuhu Central","024","Maungakiekie","Maungakiekie",0.013124218090064,1254613.82911044,1.04607631332818e-08
"129201","Point Chevalier West","Point Chevalier West","025","Mt Albert","Mt Albert",1054433.07955371,1054433.07955396,0.999999999999767
"129901","Point Chevalier North","Point Chevalier North","025","Mt Albert","Mt Albert",722830.864806332,722830.865523137,0.999999999008337
"129902","Point Chevalier East","Point Chevalier East","025","Mt Albert","Mt Albert",975603.660832862,975603.762641242,0.999999895645769
"130300","Westmere South-Western Springs","Westmere South-Western Springs","025","Mt Albert","Mt Albert",49845.4939032828,2023938.87125357,0.0246279641204825
"131100","Waterview","Waterview","025","Mt Albert","Mt Albert",1121617.59888398,1121617.6411943,0.99999996227741
"131900","Mount Albert West","Mount Albert West","025","Mt Albert","Mt Albert",1390916.03988561,1390916.11190541,0.999999948221318
"132200","Mount Albert North","Mount Albert North","025","Mt Albert","Mt Albert",1513868.5476101,1513868.5476099,1.00000000000013
"139300","Maungawhau","Maungawhau","025","Mt Albert","Mt Albert",611328.0409439,734521.760804845,0.832280367397207
"134301","Karangahape West","Karangahape West","025","Mt Albert","Mt Albert",0.0148423826085011,169185.505531455,8.77284526347414e-08
"135500","Ōwairaka West","Owairaka West","025","Mt Albert","Mt Albert",829361.628772717,918442.749244448,0.903008521168017
"136200","Eden Park","Eden Park","025","Mt Albert","Mt Albert",506176.650431051,506176.650431088,0.999999999999927
"136601","New Windsor North","New Windsor North","025","Mt Albert","Mt Albert",0.0437147831234909,870099.017368532,5.02411590530224e-08
"138400","Mount Eden West","Mount Eden West","025","Mt Albert","Mt Albert",0.040584175355178,791373.863764369,5.12831889116595e-08
"140700","Mount Roskill Central South","Mount Roskill Central South","025","Mt Albert","Mt Albert",0.0194096969584501,1201988.40674738,1.61479901548912e-08
"119301","Inlet Waitemata Harbour","Inlet Waitemata Harbour","025","Mt Albert","Mt Albert",4651733.51560966,79264044.3786701,0.0586865526743352
"136001","Eden Terrace","Eden Terrace","025","Mt Albert","Mt Albert",0.0220152297738848,590846.345549525,3.72604991800521e-08
"139900","Mount Eden South","Mount Eden South","025","Mt Albert","Mt Albert",590401.718607311,872831.986210902,0.676420809427867
"135800","St Lukes","St Lukes","025","Mt Albert","Mt Albert",461636.582807624,461636.582807854,0.999999999999502
"128700","Rosebank Peninsula","Rosebank Peninsula","025","Mt Albert","Mt Albert",0.0103612837649144,2369689.96228895,4.37242167954587e-09
"132100","Grey Lynn West","Grey Lynn West","025","Mt Albert","Mt Albert",366541.714266624,800894.248842508,0.457665559212552
"131600","Grey Lynn North","Grey Lynn North","025","Mt Albert","Mt Albert",0.0129922859693937,725058.375911403,1.79189516334631e-08
"132001","Avondale North West (Auckland)","Avondale North West (Auckland)","025","Mt Albert","Mt Albert",0.0240439475457226,823184.563907962,2.92084528791175e-08
"132002","Avondale North East (Auckland)","Avondale North East (Auckland)","025","Mt Albert","Mt Albert",0.109253184465145,497385.098564947,2.19655121917328e-07
"132800","Grey Lynn Central","Grey Lynn Central","025","Mt Albert","Mt Albert",73304.2428052016,711925.490536274,0.102966172415014
"135200","Mount Albert South","Mount Albert South","025","Mt Albert","Mt Albert",831114.60026102,831114.600261045,0.99999999999997
"133100","Avondale Central (Auckland)","Avondale Central (Auckland)","025","Mt Albert","Mt Albert",0.0207218499988266,1116259.26720052,1.85636532727698e-08
"133500","Grey Lynn East","Grey Lynn East","025","Mt Albert","Mt Albert",325450.659246531,579809.302076031,0.561306377943992
"133600","Morningside (Auckland)","Morningside (Auckland)","025","Mt Albert","Mt Albert",1093915.2732676,1093915.27326738,1.0000000000002
"134200","Mount Albert Central","Mount Albert Central","025","Mt Albert","Mt Albert",1313508.18387756,1313508.18387718,1.0000000000003
"134400","Kingsland","Kingsland","025","Mt Albert","Mt Albert",772068.548018697,772068.636556854,0.999999885323464
"136300","Sandringham North","Sandringham North","025","Mt Albert","Mt Albert",857003.131280997,857003.131280754,1.00000000000028
"136801","Ōwairaka East","Owairaka East","025","Mt Albert","Mt Albert",475046.532079017,475046.532078684,1.0000000000007
"136900","Eden Valley","Eden Valley","025","Mt Albert","Mt Albert",164608.388609331,584026.223710976,0.281851022995832
"137000","Sandringham Central","Sandringham Central","025","Mt Albert","Mt Albert",472852.3166742,472852.31667372,1.00000000000102
"139000","Mount Eden East","Mount Eden East","025","Mt Albert","Mt Albert",0,764105.175102882,0
"137600","Sandringham West","Sandringham West","025","Mt Albert","Mt Albert",476762.24600795,476762.246008133,0.999999999999615
"137901","Wesley West","Wesley West","025","Mt Albert","Mt Albert",684222.741998744,684222.741998874,0.99999999999981
"138100","Balmoral","Balmoral","025","Mt Albert","Mt Albert",784839.010743608,784839.049867086,0.999999950150954
"139100","Wesley East","Wesley East","025","Mt Albert","Mt Albert",607039.523183007,607039.523183448,0.999999999999274
"138200","Sandringham East","Sandringham East","025","Mt Albert","Mt Albert",715147.710051324,715147.710051097,1.00000000000032
"138302","New Windsor East","New Windsor East","025","Mt Albert","Mt Albert",0.047655528814307,575546.960160022,8.28004178860699e-08
"138800","Wesley South","Wesley South","025","Mt Albert","Mt Albert",383242.763769333,682798.029320097,0.561282761977141
"139700","Mount Roskill North","Mount Roskill North","025","Mt Albert","Mt Albert",371599.827982659,958156.187475316,0.387828031421268
"140400","Mount Roskill Central North","Mount Roskill Central North","025","Mt Albert","Mt Albert",282005.096008224,901018.695553471,0.312984733169156
"140601","Mount Roskill North East","Mount Roskill North East","025","Mt Albert","Mt Albert",0.0176214015924147,647097.200603655,2.72314600897304e-08
"194300","Omanu Beach","Omanu Beach","026","Mt Maunganui","Mt Maunganui",1024248.28936306,1024248.28936472,0.99999999999838
"192000","Rangiuru","Rangiuru","026","Mt Maunganui","Mt Maunganui",0.304877052212902,220472450.298909,1.38283514243871e-09
"193700","Mount Maunganui South","Mount Maunganui South","026","Mt Maunganui","Mt Maunganui",941873.608809021,941873.608809972,0.99999999999899
"193800","Tauranga Central","Tauranga Central","026","Mt Maunganui","Mt Maunganui",181807.453834032,3698781.58203539,0.0491533359842204
"193900","Mount Maunganui Central","Mount Maunganui Central","026","Mt Maunganui","Mt Maunganui",6912766.68644236,6912766.68644494,0.999999999999628
"194700","Greerton South","Greerton South","026","Mt Maunganui","Mt Maunganui",0.0133620733114551,2807622.75736193,4.75921249620095e-09
"194801","Tauranga South","Tauranga South","026","Mt Maunganui","Mt Maunganui",0.00362983776513716,1679260.44830076,2.16156926033135e-09
"194900","Arataki North","Arataki North","026","Mt Maunganui","Mt Maunganui",2160504.9431401,2160504.94314049,0.999999999999818
"195200","Greerton North","Greerton North","026","Mt Maunganui","Mt Maunganui",0.0762074659276236,1395404.78739108,5.4613160723137e-08
"195401","Pyes Pa North","Pyes Pa North","026","Mt Maunganui","Mt Maunganui",0.0487959785503043,1460490.75501633,3.34106726678724e-08
"196700","Welcome Bay East","Welcome Bay East","026","Mt Maunganui","Mt Maunganui",3690024.50762809,3690024.64377448,0.999999963104207
"196800","Pacific View","Pacific View","026","Mt Maunganui","Mt Maunganui",1162757.98469646,1162757.98469693,0.9999999999996
"197000","Palm Beach North","Palm Beach North","026","Mt Maunganui","Mt Maunganui",1094541.3399649,1094541.33996438,1.00000000000048
"197100","Palm Beach South-Gravatt","Palm Beach South-Gravatt","026","Mt Maunganui","Mt Maunganui",2388103.02343683,2388103.02343715,0.999999999999869
"197200","Papamoa Beach North","Papamoa Beach North","026","Mt Maunganui","Mt Maunganui",1398200.73319296,1398200.73319271,1.00000000000017
"197400","Papamoa Beach South","Papamoa Beach South","026","Mt Maunganui","Mt Maunganui",1378830.9469441,1378830.94694432,0.999999999999844
"197500","Motiti","Motiti","026","Mt Maunganui","Mt Maunganui",1247567.24705343,1247567.24705422,0.999999999999367
"192800","Mount Maunganui North","Mount Maunganui North","026","Mt Maunganui","Mt Maunganui",2028973.03969953,2028973.03969934,1.0000000000001
"196000","Hairini","Hairini","026","Mt Maunganui","Mt Maunganui",1847143.75852418,1847143.75852479,0.99999999999967
"196100","Pyes Pa East","Pyes Pa East","026","Mt Maunganui","Mt Maunganui",2430103.79117887,2430103.98468557,0.999999920371021
"196201","Te Maunga South","Te Maunga South","026","Mt Maunganui","Mt Maunganui",980001.032813791,980001.032813612,1.00000000000018
"190800","Matakana Island","Matakana Island","026","Mt Maunganui","Mt Maunganui",0.0925151992351424,64559064.9033345,1.43303189681677e-09
"191601","Waitao","Waitao","026","Mt Maunganui","Mt Maunganui",2593993.53669249,75762155.7356622,0.0342386447627369
"191700","Waiorohi","Waiorohi","026","Mt Maunganui","Mt Maunganui",0.22712104890599,152656822.826263,1.48778839164283e-09
"191801","Otawa","Otawa","026","Mt Maunganui","Mt Maunganui",0.830568469011341,152279189.709593,5.45424802033222e-09
"192700","Inlet Tauranga Harbour South","Inlet Tauranga Harbour South","026","Mt Maunganui","Mt Maunganui",21137949.0702245,39533568.2802138,0.534683561079001
"197300","Doncaster","Doncaster","026","Mt Maunganui","Mt Maunganui",2891341.71625866,2891341.7968537,0.999999972125386
"196202","Pacific Lakes","Pacific Lakes","026","Mt Maunganui","Mt Maunganui",1336655.47664289,1336655.47664257,1.00000000000024
"196301","Kaitemako","Kaitemako","026","Mt Maunganui","Mt Maunganui",3743296.82246611,3743296.98796987,0.999999955786634
"196400","Ohauiti","Ohauiti","026","Mt Maunganui","Mt Maunganui",3405576.95881738,3405577.08647897,0.99999996251396
"196500","Baypark-Kairua","Baypark-Kairua","026","Mt Maunganui","Mt Maunganui",12932215.5942412,12932215.8812182,0.99999997780914
"195000","Matapihi","Matapihi","026","Mt Maunganui","Mt Maunganui",3939987.08230919,3939987.08230973,0.999999999999861
"196600","Welcome Bay West","Welcome Bay West","026","Mt Maunganui","Mt Maunganui",1109301.50269962,1109301.50269958,1.00000000000003
"195500","Arataki South","Arataki South","026","Mt Maunganui","Mt Maunganui",987245.630382596,987245.63038298,0.999999999999611
"195601","Pyes Pa South","Pyes Pa South","026","Mt Maunganui","Mt Maunganui",0.112248753574511,2343074.68567595,4.79066050522109e-08
"195700","Poike","Poike","026","Mt Maunganui","Mt Maunganui",1291754.09996673,1291754.19725792,0.99999992468289
"195800","Te Maunga North","Te Maunga North","026","Mt Maunganui","Mt Maunganui",1170682.57270304,1170682.57270236,1.00000000000058
"195900","Maungatapu","Maungatapu","026","Mt Maunganui","Mt Maunganui",1682802.85693305,1682802.85693846,0.999999999996789
"196900","Welcome Bay South","Welcome Bay South","026","Mt Maunganui","Mt Maunganui",3108467.27131079,3108467.516378,0.999999921161406
"197601","Wairakei West","Wairakei West","026","Mt Maunganui","Mt Maunganui",1590329.98768449,1590330.06614459,0.999999950664268
"197602","Wairakei Central","Wairakei Central","026","Mt Maunganui","Mt Maunganui",1371985.38108207,1371985.38698177,0.999999995699881
"197603","Wairakei East-Te Tumu","Wairakei East-Te Tumu","026","Mt Maunganui","Mt Maunganui",9944619.55210755,9944619.87846827,0.999999967182183
"258800","Oceanic Bay of Plenty Region","Oceanic Bay of Plenty Region","026","Mt Maunganui","Mt Maunganui",1435172047.31996,9370163225.91383,0.15316403916539
"258900","Islands Bay of Plenty Region","Islands Bay of Plenty Region","026","Mt Maunganui","Mt Maunganui",6806851.67506314,24881285.9904719,0.273573145603075
"131900","Mount Albert West","Mount Albert West","027","Mt Roskill","Mt Roskill",3.67853475154514e-09,1390916.11190541,2.64468483761104e-15
"139601","Mount Roskill West","Mount Roskill West","027","Mt Roskill","Mt Roskill",940662.902817761,940662.902818252,0.999999999999478
"133900","New Lynn Central","New Lynn Central","027","Mt Roskill","Mt Roskill",0.0304325534844651,1183002.3731441,2.57248456768379e-08
"135000","Avondale South (Auckland)","Avondale South (Auckland)","027","Mt Roskill","Mt Roskill",967122.878563697,1176735.56426121,0.82186933745891
"135500","Ōwairaka West","Owairaka West","027","Mt Roskill","Mt Roskill",89081.1204725421,918442.749244448,0.096991478832866
"140902","Lynfield Harbour View","Lynfield Harbour View","027","Mt Roskill","Mt Roskill",851723.043763228,851723.043763525,0.999999999999651
"141400","Inlet Manukau Harbour","Inlet Manukau Harbour","027","Mt Roskill","Mt Roskill",16315118.807924,374553577.649694,0.0435588385253201
"136601","New Windsor North","New Windsor North","027","Mt Roskill","Mt Roskill",870098.973656172,870099.017368532,0.999999949761626
"137201","Blockhouse Bay North","Blockhouse Bay North","027","Mt Roskill","Mt Roskill",593654.135296104,593654.159640126,0.999999958992923
"138000","Green Bay South","Green Bay South","027","Mt Roskill","Mt Roskill",101949.069283111,1257866.37782863,0.081049204494279
"138901","Blockhouse Bay South","Blockhouse Bay South","027","Mt Roskill","Mt Roskill",1264730.49796658,1264730.49796808,0.999999999998812
"145500","Onehunga-Te Papapa Industrial","Onehunga-Te Papapa Industrial","027","Mt Roskill","Mt Roskill",0.022840348733122,3024468.13622489,7.55185629484962e-09
"142600","Royal Oak West (Auckland)","Royal Oak West (Auckland)","027","Mt Roskill","Mt Roskill",0.00162358898663392,811349.334460174,2.00109732968989e-09
"143600","Hillsborough South (Auckland)","Hillsborough South (Auckland)","027","Mt Roskill","Mt Roskill",1159923.6701795,1159923.71189901,0.999999964032536
"144101","Onehunga West","Onehunga West","027","Mt Roskill","Mt Roskill",0.0345226540040427,974681.739017485,3.54194119188513e-08
"140700","Mount Roskill Central South","Mount Roskill Central South","027","Mt Roskill","Mt Roskill",1201988.38733867,1201988.40674738,0.999999983852828
"119301","Inlet Waitemata Harbour","Inlet Waitemata Harbour","027","Mt Roskill","Mt Roskill",19450.6259614076,79264044.3786701,0.00024539027895783
"139900","Mount Eden South","Mount Eden South","027","Mt Roskill","Mt Roskill",0.111227452097989,872831.986210902,1.2743283226918e-07
"132002","Avondale North East (Auckland)","Avondale North East (Auckland)","027","Mt Roskill","Mt Roskill",0.0189247161357911,497385.098564947,3.80484179972272e-08
"133100","Avondale Central (Auckland)","Avondale Central (Auckland)","027","Mt Roskill","Mt Roskill",433355.343700102,1116259.26720052,0.388221049028258
"136502","New Lynn South East","New Lynn South East","027","Mt Roskill","Mt Roskill",90775.3669621863,792251.546861914,0.114578970936371
"137100","Glenavon","Glenavon","027","Mt Roskill","Mt Roskill",640495.773977926,640495.773978311,0.9999999999994
"137202","Blockhouse Bay Central","Blockhouse Bay Central","027","Mt Roskill","Mt Roskill",963485.0292226,963485.0622506,0.999999965720278
"137300","Green Bay North","Green Bay North","027","Mt Roskill","Mt Roskill",0.0280180453308869,1035406.72279375,2.70599414839497e-08
"138301","New Windsor South","New Windsor South","027","Mt Roskill","Mt Roskill",539652.142584383,539652.142584166,1.0000000000004
"138302","New Windsor East","New Windsor East","027","Mt Roskill","Mt Roskill",575546.912504137,575546.960160022,0.999999917198964
"138600","Blockhouse Bay North East","Blockhouse Bay North East","027","Mt Roskill","Mt Roskill",528463.521395716,528463.521395775,0.999999999999889
"138800","Wesley South","Wesley South","027","Mt Roskill","Mt Roskill",299555.265549798,682798.029320097,0.438717238021444
"139501","Blockhouse Bay East","Blockhouse Bay East","027","Mt Roskill","Mt Roskill",561426.804390521,561426.804390732,0.999999999999623
"139700","Mount Roskill North","Mount Roskill North","027","Mt Roskill","Mt Roskill",586556.359492525,958156.187475316,0.612171968578594
"139801","Mount Roskill White Swan","Mount Roskill White Swan","027","Mt Roskill","Mt Roskill",559174.262986986,559174.262986667,1.00000000000057
"139802","Mount Roskill Nirvana","Mount Roskill Nirvana","027","Mt Roskill","Mt Roskill",483448.638963173,483448.638963081,1.00000000000019
"140400","Mount Roskill Central North","Mount Roskill Central North","027","Mt Roskill","Mt Roskill",619013.599544887,901018.695553471,0.687015266830445
"140601","Mount Roskill North East","Mount Roskill North East","027","Mt Roskill","Mt Roskill",647097.182982541,647097.200603655,0.999999972768985
"140800","Epsom Central-South","Epsom Central-South","027","Mt Roskill","Mt Roskill",0.000336241501677321,983465.071275183,3.41894706277004e-10
"140901","Lynfield Central","Lynfield Central","027","Mt Roskill","Mt Roskill",723860.093586965,723860.093587168,0.999999999999719
"141201","Three Kings North","Three Kings North","027","Mt Roskill","Mt Roskill",674279.408073956,674279.513626207,0.999999843459206
"141300","Mount Roskill South","Mount Roskill South","027","Mt Roskill","Mt Roskill",1129659.87379025,1129659.87379056,0.999999999999725
"141700","Epsom South","Epsom South","027","Mt Roskill","Mt Roskill",0.0227147247612896,596275.234881034,3.80943621879946e-08
"142001","Three Kings South","Three Kings South","027","Mt Roskill","Mt Roskill",713182.66501368,713182.706673863,0.999999941585539
"142002","Hillsborough North (Auckland)","Hillsborough North (Auckland)","027","Mt Roskill","Mt Roskill",68509.8321856101,723695.721255404,0.0946666260051465
"142101","Mount Roskill Central East","Mount Roskill Central East","027","Mt Roskill","Mt Roskill",841587.528459957,841587.528459604,1.00000000000042
"142301","Mount Roskill South East","Mount Roskill South East","027","Mt Roskill","Mt Roskill",698041.320055025,698041.320055304,0.999999999999601
"142501","Waikowhai Bay","Waikowhai Bay","027","Mt Roskill","Mt Roskill",1356919.09129403,1356919.0912949,0.999999999999358
"142901","Hillsborough Central (Auckland)","Hillsborough Central (Auckland)","027","Mt Roskill","Mt Roskill",630887.582795633,630887.608975605,0.999999958502954
"189800","Rangataiki","Rangataiki","028","Napier","Napier",0.0462581190198764,996271436.963284,4.64312408281772e-11
"189900","Taharua","Taharua","028","Napier","Napier",3.70315126030899,784238848.205505,4.72196865633798e-09
"204600","Oponae","Oponae","028","Napier","Napier",2.63497172135724,1255563432.28186,2.09863687776288e-09
"208601","Twyford","Twyford","028","Napier","Napier",0.473516283814592,24574670.9938468,1.92684689017059e-08
"214100","Onekawa Central","Onekawa Central","028","Napier","Napier",677020.484378442,677020.484378694,0.999999999999628
"214200","Pirimai West","Pirimai West","028","Napier","Napier",616241.360021583,616241.360022289,0.999999999998856
"212301","Bay View (Napier City)","Bay View (Napier City)","028","Napier","Napier",29215748.538795,29215748.5387936,1.00000000000005
"212400","Poraiti Hills","Poraiti Hills","028","Napier","Napier",10578715.7360141,10578715.7360121,1.00000000000019
"212500","Poraiti Flat","Poraiti Flat","028","Napier","Napier",7026166.1271543,7026166.12715332,1.00000000000014
"212600","Westshore","Westshore","028","Napier","Napier",932398.756658132,932398.756658143,0.999999999999988
"212700","Inlet Napier City","Inlet Napier City","028","Napier","Napier",723284.246843664,723284.246843352,1.00000000000043
"212800","Onekawa West","Onekawa West","028","Napier","Napier",3172450.8730168,3172450.87301661,1.00000000000006
"213200","Taradale South","Taradale South","028","Napier","Napier",5123889.45496357,5123889.45496373,0.999999999999969
"213300","Bluff Hill","Bluff Hill","028","Napier","Napier",1891281.20256772,1891281.20256793,0.999999999999887
"215000","Marewa East","Marewa East","028","Napier","Napier",1403961.4969137,1403961.49691412,0.9999999999997
"215101","Onekawa South","Onekawa South","028","Napier","Napier",1225713.20793226,1225713.20793179,1.00000000000039
"215401","Meeanee-Awatoto","Meeanee-Awatoto","028","Napier","Napier",24171456.2772642,24171456.2772643,0.999999999999995
"259400","Oceanic Hawke's Bay Region","Oceanic Hawke's Bay Region","028","Napier","Napier",4272716732.61859,7251956904.70561,0.589181208433014
"214800","Onekawa East","Onekawa East","028","Napier","Napier",636173.787441261,636173.78744156,0.999999999999531
"214900","Tareha Reserve","Tareha Reserve","028","Napier","Napier",1761183.76697827,1761183.76697849,0.999999999999877
"203400","Galatea","Galatea","028","Napier","Napier",4.06000807848223,2198836475.34587,1.84643475038024e-09
"203500","Waingarara-Waimana","Waingarara-Waimana","028","Napier","Napier",0.182627358184967,1448131769.48618,1.2611238979293e-10
"204800","Waipaoa","Waipaoa","028","Napier","Napier",783755697.971628,2277328443.27107,0.344155758598382
"205100","Hangaroa","Hangaroa","028","Napier","Napier",1870116546.70131,1870116549.40167,0.999999998556049
"205300","Te Arai","Te Arai","028","Napier","Napier",1.8568598532809,54680153.1599583,3.39585708154281e-08
"205401","Hexton","Hexton","028","Napier","Napier",0.032711959600908,118871839.670376,2.75186786808516e-10
"207400","Maungataniwha-Raupunga","Maungataniwha-Raupunga","028","Napier","Napier",2081733533.36879,2081733536.18291,0.999999998648185
"207500","Inland water Lake Waikaremoana","Inland water Lake Waikaremoana","028","Napier","Napier",51797301.3902387,51797301.3902351,1.00000000000007
"207600","Frasertown-Ruakituri","Frasertown-Ruakituri","028","Napier","Napier",1333729894.05087,1333729894.71086,0.999999999505153
"207700","Whakaki","Whakaki","028","Napier","Napier",183470116.827687,183470116.82769,0.999999999999983
"207800","Wairoa","Wairoa","028","Napier","Napier",7567646.08239057,7567646.08239001,1.00000000000007
"207900","Mahia","Mahia","028","Napier","Napier",472188668.467321,472188668.467325,0.99999999999999
"208001","Puketitiri-Tutira","Puketitiri-Tutira","028","Napier","Napier",2415348322.67161,2415348328.33348,0.999999997655881
"208100","Sherenden-Crownthorpe","Sherenden-Crownthorpe","028","Napier","Napier",765795884.052224,765795889.322843,0.999999993117462
"208200","Maraekakaho","Maraekakaho","028","Napier","Napier",2.22099956393068,820550693.256433,2.70671828344503e-09
"208301","Puketapu-Eskdale","Puketapu-Eskdale","028","Napier","Napier",259582838.737824,259582838.737826,0.999999999999993
"208401","Omahu-Pakowhai","Omahu-Pakowhai","028","Napier","Napier",41381278.3189096,57132118.0540134,0.724308492812873
"213000","Taradale West","Taradale West","028","Napier","Napier",1686479.14146434,1686479.14146442,0.999999999999951
"215300","Maraenui","Maraenui","028","Napier","Napier",1052065.84680403,1052065.84680358,1.00000000000043
"214000","Greenmeadows Central","Greenmeadows Central","028","Napier","Napier",952786.907988356,952786.9079882,1.00000000000016
"214500","Nelson Park","Nelson Park","028","Napier","Napier",781008.93338194,781008.933381808,1.00000000000017
"214600","Bledisloe Park","Bledisloe Park","028","Napier","Napier",883397.113215868,883397.113216446,0.999999999999346
"214700","Pirimai East","Pirimai East","028","Napier","Napier",762398.734582286,762398.734582339,0.999999999999931
"212900","Ahuriri","Ahuriri","028","Napier","Napier",1142828.04329299,1142828.04329292,1.00000000000006
"213100","Greenmeadows West","Greenmeadows West","028","Napier","Napier",1104082.20057986,1104082.20057985,1
"213400","Hospital Hill","Hospital Hill","028","Napier","Napier",1495788.21067573,1495788.21067605,0.999999999999792
"213500","Tamatea West","Tamatea West","028","Napier","Napier",632295.127088828,632295.127091242,0.999999999996182
"213600","Tamatea North","Tamatea North","028","Napier","Napier",660555.543190802,660555.543190768,1.00000000000005
"213700","Taradale Central","Taradale Central","028","Napier","Napier",1176787.52969139,1176787.52969107,1.00000000000028
"213800","Tamatea East","Tamatea East","028","Napier","Napier",632019.108659617,632019.108660278,0.999999999998954
"213900","Marewa West","Marewa West","028","Napier","Napier",792261.80527944,792261.805278977,1.00000000000058
"214300","Napier Central","Napier Central","028","Napier","Napier",837633.400663781,837633.400663599,1.00000000000022
"214400","Greenmeadows South","Greenmeadows South","028","Napier","Napier",851256.776473738,851256.776473558,1.00000000000021
"215200","McLean Park","McLean Park","028","Napier","Napier",1341700.3239312,1341700.32393103,1.00000000000013
"226200","Ngamatea","Ngamatea","028","Napier","Napier",4.07697901743199,611572137.933402,6.66639103476614e-09
"259200","Oceanic Gisborne Region","Oceanic Gisborne Region","028","Napier","Napier",654087600.676391,5603742371.96842,0.116723353298384
"259500","Inlet Port Napier","Inlet Port Napier","028","Napier","Napier",230052.717666868,230052.717667112,0.999999999998941
"302800","Richmond Central (Tasman District)","Richmond Central (Tasman District)","029","Nelson","Nelson",1152925.0315864,1152925.03158673,0.999999999999708
"301900","Inlet Waimea West","Inlet Waimea West","029","Nelson","Nelson",10244185.7772292,23160660.3381112,0.442309745390644
"302000","Islands Tasman District","Islands Tasman District","029","Nelson","Nelson",2934991.22727514,15942232.592841,0.184101643868445
"302101","Waimea West","Waimea West","029","Nelson","Nelson",0.495557747418062,60068357.9329892,8.24989669221346e-09
"302201","Appleby (Tasman District)","Appleby (Tasman District)","029","Nelson","Nelson",20499453.9546182,20499454.4247358,0.999999977066822
"302500","Wakefield Rural","Wakefield Rural","029","Nelson","Nelson",0.915876631233805,375794275.9901,2.43717557650594e-09
"300200","Oceanic Tasman Region","Oceanic Tasman Region","029","Nelson","Nelson",1.19442148807193,5002731908.82147,2.38753846866303e-10
"303100","Wilkes Park","Wilkes Park","029","Nelson","Nelson",881522.379080913,881522.379080772,1.00000000000016
"303500","Aniseed Valley","Aniseed Valley","029","Nelson","Nelson",57201947.8000521,57201948.785733,0.999999982768405
"303600","Nelson Rural","Nelson Rural","029","Nelson","Nelson",366041412.113842,366041415.150609,0.999999991703762
"303701","Inlets Nelson City","Inlets Nelson City","029","Nelson","Nelson",24868005.8423599,24868005.8423587,1.00000000000005
"303800","Marybank","Marybank","029","Nelson","Nelson",1009000.77908661,1009000.77908664,0.999999999999968
"304000","Nelson Airport","Nelson Airport","029","Nelson","Nelson",2956119.86429901,2956119.86429942,0.999999999999861
"304200","Britannia","Britannia","029","Nelson","Nelson",840286.666711769,840286.666711629,1.00000000000017
"304400","Broadgreen-Monaco","Broadgreen-Monaco","029","Nelson","Nelson",1135174.12323923,1135174.1232396,0.999999999999667
"304500","Washington","Washington","029","Nelson","Nelson",1124698.92769592,1124698.92769547,1.0000000000004
"305000","Nayland","Nayland","029","Nelson","Nelson",840104.592526589,840104.592528398,0.999999999997846
"305100","Aldinga","Aldinga","029","Nelson","Nelson",1111101.57803653,1111101.57803653,1
"305200","Victory","Victory","029","Nelson","Nelson",630071.82389155,630071.82389155,1
"305900","Omaio","Omaio","029","Nelson","Nelson",5356221.29819791,5356221.29819816,0.999999999999954
"306301","Marlborough Sounds West","Marlborough Sounds West","029","Nelson","Nelson",2.47046489686357,1554389635.18058,1.58934725306282e-09
"306401","Marlborough Sounds Coastal Marine","Marlborough Sounds Coastal Marine","029","Nelson","Nelson",1.83685772018119e-09,1998940110.99345,9.18915834486053e-19
"302701","Hope","Hope","029","Nelson","Nelson",6809088.55285686,6809088.66809892,0.99999998307526
"302900","Ben Cooper Park","Ben Cooper Park","029","Nelson","Nelson",915431.562453008,915431.562453103,0.999999999999896
"303001","Richmond South (Tasman District)","Richmond South (Tasman District)","029","Nelson","Nelson",2690618.69942832,2690618.69942839,0.999999999999973
"303400","Fairose","Fairose","029","Nelson","Nelson",1421135.51664064,1421135.51664034,1.00000000000022
"302600","Brightwater","Brightwater","029","Nelson","Nelson",0.142177001355354,4667082.77071259,3.04637839824825e-08
"302400","Richmond West (Tasman District)","Richmond West (Tasman District)","029","Nelson","Nelson",6461478.68974466,6461478.68974494,0.999999999999956
"303200","Templemore","Templemore","029","Nelson","Nelson",1426766.17415736,1426766.17415757,0.999999999999854
"303300","Easby Park","Easby Park","029","Nelson","Nelson",1128718.24522672,1128718.24522642,1.00000000000026
"303901","Port Nelson","Port Nelson","029","Nelson","Nelson",1126737.01208039,1126737.01208166,0.999999999998873
"304100","Tāhunanui","Tahunanui","029","Nelson","Nelson",1613965.35006821,1613965.35006856,0.999999999999779
"304300","Atawhai","Atawhai","029","Nelson","Nelson",4536240.33522326,4536240.33522333,0.999999999999986
"304600","Tahuna Hills","Tahuna Hills","029","Nelson","Nelson",2676860.84734577,2676860.84734445,1.0000000000005
"304700","Nelson Central-Trafalgar","Nelson Central-Trafalgar","029","Nelson","Nelson",1245603.01415771,1245603.01415931,0.999999999998712
"304800","The Wood","The Wood","029","Nelson","Nelson",1161497.99754962,1161497.99754967,0.99999999999995
"304900","Toi Toi","Toi Toi","029","Nelson","Nelson",1307969.11517036,1307969.11517036,1
"305300","Rutherford","Rutherford","029","Nelson","Nelson",1213024.76224964,1213024.76224986,0.999999999999821
"305400","Maitlands","Maitlands","029","Nelson","Nelson",762220.615846503,762220.615845835,1.00000000000088
"305500","Maitai","Maitai","029","Nelson","Nelson",935270.929927812,935270.929927815,0.999999999999998
"305600","Grampians","Grampians","029","Nelson","Nelson",2951651.94986075,2951651.94986091,0.999999999999943
"305700","Saxton","Saxton","029","Nelson","Nelson",3994449.60954942,3994449.60954955,0.999999999999965
"305800","Suffolk","Suffolk","029","Nelson","Nelson",2001261.43028774,2001261.4302873,1.00000000000022
"306000","Enner Glynn","Enner Glynn","029","Nelson","Nelson",7398577.33433315,7398577.33433274,1.00000000000005
"306100","Daelyn","Daelyn","029","Nelson","Nelson",1472812.91187985,1472812.91187987,0.999999999999984
"306200","The Brook","The Brook","029","Nelson","Nelson",6906955.41555168,6906955.41555101,1.0000000000001
"363500","Oceanic Nelson Region","Oceanic Nelson Region","029","Nelson","Nelson",787574665.688881,787574670.686745,0.999999993654107
"363600","Oceanic Marlborough Region","Oceanic Marlborough Region","029","Nelson","Nelson",0.136777341704812,5203964726.65553,2.62832953121718e-11
"219301","Mangaoraka","Mangaoraka","030","New Plymouth","New Plymouth",57892194.1934603,85452547.8812763,0.677477683566474
"219401","Tikorangi","Tikorangi","030","New Plymouth","New Plymouth",0.610670834626544,167272207.066776,3.65076090843209e-09
"219501","Everett Park","Everett Park","030","New Plymouth","New Plymouth",1727906.27777646,236324637.495998,0.00731157908919134
"216200","Port Taranaki","Port Taranaki","030","New Plymouth","New Plymouth",1568778.96759396,1568778.96759452,0.999999999999645
"216300","Spotswood","Spotswood","030","New Plymouth","New Plymouth",3463100.5266679,3463100.52666493,1.00000000000086
"216401","Omata","Omata","030","New Plymouth","New Plymouth",16245543.6889563,16245543.6889597,0.999999999999796
"216500","Ōakura","Oakura","030","New Plymouth","New Plymouth",1683652.20059579,1683652.20059455,1.00000000000074
"216700","Kaitake","Kaitake","030","New Plymouth","New Plymouth",170284360.81114,170284360.811147,0.999999999999961
"216900","Kawaroa","Kawaroa","030","New Plymouth","New Plymouth",1132872.18459098,1132872.18459083,1.00000000000014
"217000","New Plymouth Central","New Plymouth Central","030","New Plymouth","New Plymouth",1259672.04597807,1259672.04597769,1.00000000000031
"216600","Moturoa","Moturoa","030","New Plymouth","New Plymouth",1017242.6263102,1017242.6263106,0.99999999999961
"216800","Blagdon-Lynmouth","Blagdon-Lynmouth","030","New Plymouth","New Plymouth",1158050.19748729,1158050.19748813,0.999999999999271
"217100","Marfell","Marfell","030","New Plymouth","New Plymouth",733333.58363007,733333.583630139,0.999999999999907
"217201","Whalers Gate","Whalers Gate","030","New Plymouth","New Plymouth",3118841.48899619,3118841.48899547,1.00000000000023
"217300","Strandon","Strandon","030","New Plymouth","New Plymouth",1764732.25525061,1764732.25525069,0.999999999999955
"217400","Westown","Westown","030","New Plymouth","New Plymouth",2373858.11569179,2373858.11569089,1.00000000000038
"217501","Bell Block West","Bell Block West","030","New Plymouth","New Plymouth",3886893.00224745,3886893.00224694,1.00000000000013
"217502","Bell Block Central","Bell Block Central","030","New Plymouth","New Plymouth",1105097.71084815,1105097.71084826,0.999999999999899
"217601","Bell Block East-Puketapu","Bell Block East-Puketapu","030","New Plymouth","New Plymouth",6934968.07954236,6934968.0795433,0.999999999999865
"217701","Waiwhakaiho-Bell Block South","Waiwhakaiho-Bell Block South","030","New Plymouth","New Plymouth",7468558.43071668,7468558.43071629,1.00000000000005
"217800","Lower Vogeltown","Lower Vogeltown","030","New Plymouth","New Plymouth",1500598.90449884,1500598.90449919,0.999999999999769
"217901","Hurdon","Hurdon","030","New Plymouth","New Plymouth",5197540.6528541,5197540.65285573,0.999999999999686
"218001","Frankleigh Park","Frankleigh Park","030","New Plymouth","New Plymouth",3732966.03591521,3732966.0359142,1.00000000000027
"218100","Merrilands","Merrilands","030","New Plymouth","New Plymouth",1728689.24520529,1728689.24520527,1.00000000000001
"218201","Ferndale","Ferndale","030","New Plymouth","New Plymouth",3037700.99694784,3037700.99694782,1
"218301","Welbourn","Welbourn","030","New Plymouth","New Plymouth",6866166.67998611,6866166.67998678,0.999999999999903
"218401","Fitzroy (New Plymouth District)","Fitzroy (New Plymouth District)","030","New Plymouth","New Plymouth",1649689.77936154,1649689.77936165,0.999999999999938
"218402","Glen Avon","Glen Avon","030","New Plymouth","New Plymouth",8713222.88913657,8713222.88913556,1.00000000000012
"218500","Waitara West","Waitara West","030","New Plymouth","New Plymouth",3388437.11256708,3388437.11256627,1.00000000000024
"218600","Upper Vogeltown","Upper Vogeltown","030","New Plymouth","New Plymouth",2462776.22280108,2462776.22280055,1.00000000000021
"218700","Highlands Park (New Plymouth District)","Highlands Park (New Plymouth District)","030","New Plymouth","New Plymouth",2918880.42189677,2918880.42189695,0.999999999999937
"218801","Paraite","Paraite","030","New Plymouth","New Plymouth",15938662.9528608,15938662.9528605,1.00000000000002
"218901","Waitara East","Waitara East","030","New Plymouth","New Plymouth",2671188.38654857,2705291.8470118,0.987393796162547
"219000","Lepperton-Brixton","Lepperton-Brixton","030","New Plymouth","New Plymouth",46522636.6262626,46522637.3059055,0.999999985391136
"219100","Mangorei","Mangorei","030","New Plymouth","New Plymouth",188563991.916863,188563992.954252,0.999999994498475
"220501","Parihaka","Parihaka","030","New Plymouth","New Plymouth",434164679.818056,434164681.436091,0.999999996273222
"220600","Taungatara","Taungatara","030","New Plymouth","New Plymouth",1.10016001667207,313037231.802897,3.51447018086585e-09
"220700","Ōpunake","Opunake","030","New Plymouth","New Plymouth",3779833.16413096,3779833.34329845,0.999999952599102
"259000","Oceanic Taranaki Region","Oceanic Taranaki Region","030","New Plymouth","New Plymouth",2328081655.69256,5440585562.24681,0.427910126411306
"259100","Inlet Port Taranaki","Inlet Port Taranaki","030","New Plymouth","New Plymouth",1850484.12459333,1850484.12459348,0.999999999999916
"119700","Windsor Park","Windsor Park","031","North Shore","North Shore",621893.774186014,835503.549647248,0.744334089841484
"121300","Sunnynook North","Sunnynook North","031","North Shore","North Shore",744465.001864817,744465.001864795,1.00000000000003
"122200","Campbells Bay","Campbells Bay","031","North Shore","North Shore",1743414.41038639,1743414.41038736,0.999999999999442
"123400","Forrest Hill West","Forrest Hill West","031","North Shore","North Shore",1235231.28844604,1235231.47653869,0.999999847726794
"123701","Castor Bay North","Castor Bay North","031","North Shore","North Shore",886995.747987142,886995.747987045,1.00000000000011
"123702","Castor Bay South","Castor Bay South","031","North Shore","North Shore",556755.214089006,556755.214088912,1.00000000000017
"125400","Milford West","Milford West","031","North Shore","North Shore",833979.96139182,833979.961391886,0.999999999999921
"125900","Milford Central","Milford Central","031","North Shore","North Shore",743382.43765976,743382.437659975,0.999999999999711
"126601","Takapuna West","Takapuna West","031","North Shore","North Shore",2011222.70886888,2011222.88652914,0.999999911665554
"126801","Takapuna Central","Takapuna Central","031","North Shore","North Shore",2201663.08262021,2201663.08262021,1
"129300","Belmont (Auckland)","Belmont (Auckland)","031","North Shore","North Shore",1154348.24501967,1154348.24501963,1.00000000000003
"129400","Bayswater","Bayswater","031","North Shore","North Shore",1204891.76814456,1204891.77447393,0.999999994746935
"130700","Narrow Neck","Narrow Neck","031","North Shore","North Shore",1822628.87907392,1822628.87907411,0.999999999999896
"131400","Stanley Point","Stanley Point","031","North Shore","North Shore",991632.994775999,991632.994776062,0.999999999999937
"118502","Pinehill South","Pinehill South","031","North Shore","North Shore",0.00673077083409576,931634.003452584,7.22469425670585e-09
"119301","Inlet Waitemata Harbour","Inlet Waitemata Harbour","031","North Shore","North Shore",7765363.69767246,79264044.3786701,0.0979683002367983
"110600","Oceanic Auckland Region East","Oceanic Auckland Region East","031","North Shore","North Shore",39312891.180649,7823314944.70714,0.00502509376888197
"112001","Inlets other Auckland","Inlets other Auckland","031","North Shore","North Shore",244724.24042191,122493635.241782,0.00199785270425573
"118600","North Harbour","North Harbour","031","North Shore","North Shore",1069606.88404416,5490001.10103914,0.194828172956415
"119500","Murrays Bay West","Murrays Bay West","031","North Shore","North Shore",423107.710582718,957318.736203224,0.441971617792403
"120000","Murrays Bay East","Murrays Bay East","031","North Shore","North Shore",241114.367962565,697955.951565876,0.345457857937339
"120400","Unsworth Heights East","Unsworth Heights East","031","North Shore","North Shore",0.00710367029539637,1108318.56075278,6.40941201108415e-09
"120500","Mairangi Bay North","Mairangi Bay North","031","North Shore","North Shore",924520.120340639,924520.120340735,0.999999999999897
"122600","Forrest Hill North","Forrest Hill North","031","North Shore","North Shore",737370.874043433,737370.874043223,1.00000000000029
"120800","Mairangi Bay South","Mairangi Bay South","031","North Shore","North Shore",801075.761835604,801075.761836747,0.999999999998573
"121200","Sunnynook South","Sunnynook South","031","North Shore","North Shore",798856.821515509,798856.879333176,0.999999927624498
"121500","Totara Vale North","Totara Vale North","031","North Shore","North Shore",0.0261973683354775,865772.525477158,3.02589508959518e-08
"123600","Forrest Hill East","Forrest Hill East","031","North Shore","North Shore",924603.962161526,924603.962161343,1.0000000000002
"123500","Wairau Valley","Wairau Valley","031","North Shore","North Shore",0.065013667096258,2563635.1714314,2.53599528594226e-08
"125500","Westlake","Westlake","031","North Shore","North Shore",687026.000723085,687026.000723257,0.99999999999975
"127200","Akoranga","Akoranga","031","North Shore","North Shore",0.0695220768879428,1162831.91135715,5.97868670518363e-08
"128601","Takapuna South","Takapuna South","031","North Shore","North Shore",716603.527941634,716603.527941386,1.00000000000035
"128800","Hauraki","Hauraki","031","North Shore","North Shore",1094516.95866636,1094516.95866702,0.999999999999397
"133000","Devonport","Devonport","031","North Shore","North Shore",1079030.67321388,1079030.67321411,0.999999999999785
"134000","Cheltenham","Cheltenham","031","North Shore","North Shore",815437.771642842,815437.771642886,0.999999999999946
"121800","Beach Haven West","Beach Haven West","032","Northcote","Northcote",1207540.37136081,1207540.37136002,1.00000000000066
"122101","Bayview South (Auckland)","Bayview South (Auckland)","032","Northcote","Northcote",22422.6354179323,933621.05556602,0.0240168484678597
"122400","Beach Haven East","Beach Haven East","032","Northcote","Northcote",1121033.31315825,1121033.31315883,0.999999999999476
"122801","Birkdale North","Birkdale North","032","Northcote","Northcote",753389.019046178,753389.019045237,1.00000000000125
"123300","Glenfield South West","Glenfield South West","032","Northcote","Northcote",1190229.56369977,1190229.57628385,0.999999989427179
"123400","Forrest Hill West","Forrest Hill West","032","Northcote","Northcote",0.107618100584493,1235231.47653869,8.71238327621437e-08
"123900","Beach Haven South","Beach Haven South","032","Northcote","Northcote",1342691.36540346,1342691.36540344,1.00000000000001
"124000","Glenfield Central","Glenfield Central","032","Northcote","Northcote",1128062.05379304,1128062.05379343,0.999999999999655
"124401","Birkdale South","Birkdale South","032","Northcote","Northcote",1158209.0995063,1158209.09950663,0.99999999999972
"126300","Chatswood","Chatswood","032","Northcote","Northcote",3066868.45240209,3066868.45240313,0.999999999999659
"126601","Takapuna West","Takapuna West","032","Northcote","Northcote",0.177658879650995,2011222.88652914,8.83337599432301e-08
"127400","Birkenhead South","Birkenhead South","032","Northcote","Northcote",1361686.13914817,1361686.13914836,0.999999999999857
"129400","Bayswater","Bayswater","032","Northcote","Northcote",0.00632966060137928,1204891.77447393,5.25330219317238e-09
"119301","Inlet Waitemata Harbour","Inlet Waitemata Harbour","032","Northcote","Northcote",14879518.489928,79264044.3786701,0.187720909355114
"121001","Bayview East (Auckland)","Bayview East (Auckland)","032","Northcote","Northcote",0.017683124248703,1372338.20072682,1.28853982490159e-08
"121901","Totara Vale South","Totara Vale South","032","Northcote","Northcote",0.045941285717059,824820.437076366,5.56985298277781e-08
"122700","Glenfield North","Glenfield North","032","Northcote","Northcote",806287.431749349,806287.511774815,0.999999900748226
"122802","Birkdale Central","Birkdale Central","032","Northcote","Northcote",992313.904511525,992313.904510997,1.00000000000053
"123100","Glenfield West","Glenfield West","032","Northcote","Northcote",970733.597026252,970733.659937293,0.999999935192274
"123500","Wairau Valley","Wairau Valley","032","Northcote","Northcote",1948370.27087776,2563635.1714314,0.760002941366221
"124600","Glenfield East","Glenfield East","032","Northcote","Northcote",618509.712518845,618509.712518962,0.999999999999811
"125201","Birkenhead West","Birkenhead West","032","Northcote","Northcote",1041989.2967898,1041989.29678963,1.00000000000017
"125202","Birkenhead North West","Birkenhead North West","032","Northcote","Northcote",1107439.47125939,1107439.47125966,0.999999999999757
"125800","Hillcrest West (Auckland)","Hillcrest West (Auckland)","032","Northcote","Northcote",885679.026017177,885679.026017223,0.999999999999948
"125600","Hillcrest North (Auckland)","Hillcrest North (Auckland)","032","Northcote","Northcote",980712.128865147,980712.12886512,1.00000000000003
"128101","Northcote Tuff Crater","Northcote Tuff Crater","032","Northcote","Northcote",1114061.32051522,1114061.32051508,1.00000000000012
"128200","Northcote Point (Auckland)","Northcote Point (Auckland)","032","Northcote","Northcote",1184525.5979541,1184525.59795409,1.00000000000001
"126200","Hillcrest East (Auckland)","Hillcrest East (Auckland)","032","Northcote","Northcote",1063908.29414308,1063908.29414318,0.999999999999905
"126500","Birkenhead North","Birkenhead North","032","Northcote","Northcote",1011824.56930312,1011824.56930287,1.00000000000025
"127100","Northcote Central (Auckland)","Northcote Central (Auckland)","032","Northcote","Northcote",686745.392973369,686745.392973425,0.999999999999919
"127200","Akoranga","Akoranga","032","Northcote","Northcote",1162831.84183511,1162831.91135715,0.999999940213162
"127300","Northcote South (Auckland)","Northcote South (Auckland)","032","Northcote","Northcote",1139597.61703192,1139597.61703209,0.999999999999844
"100100","North Cape","North Cape","033","Northland","Northland",829188671.472558,829188671.47255,1.00000000000001
"100200","Rangaunu Harbour","Rangaunu Harbour","033","Northland","Northland",274032637.127004,274032637.126998,1.00000000000002
"100301","Inlets Far North District","Inlets Far North District","033","Northland","Northland",623334418.550731,623334418.550823,0.999999999999853
"100400","Karikari Peninsula","Karikari Peninsula","033","Northland","Northland",174442185.065869,174442185.06589,0.999999999999877
"100500","Tangonge","Tangonge","033","Northland","Northland",177160929.357827,177160929.357821,1.00000000000003
"100600","Ahipara","Ahipara","033","Northland","Northland",4528271.06267387,4528271.06267276,1.00000000000024
"103900","Paihia","Paihia","033","Northland","Northland",2241601.03720623,2241601.03720708,0.999999999999618
"104000","Mataraua Forest","Mataraua Forest","033","Northland","Northland",272808144.684998,272808144.684997,1
"104101","Matawaia-Taumarere","Matawaia-Taumarere","033","Northland","Northland",408226440.270587,408226440.270595,0.999999999999981
"104200","Russell Peninsula","Russell Peninsula","033","Northland","Northland",26173322.3065254,26173322.3065267,0.999999999999952
"104301","Ōpua (Far North District)","Opua (Far North District)","033","Northland","Northland",5827312.41086357,5827312.41086448,0.999999999999843
"104400","Russell Forest-Rawhiti","Russell Forest-Rawhiti","033","Northland","Northland",191374176.043661,191374177.095394,0.999999994504309
"104501","Moerewa","Moerewa","033","Northland","Northland",4264523.9796985,4264523.97969785,1.00000000000015
"105101","Matarau","Matarau","033","Northland","Northland",1.1622773619418,104416517.58722,1.11311638119988e-08
"105300","Kauri","Kauri","033","Northland","Northland",0.473383987621124,56008418.9790319,8.45201482652718e-09
"105400","Maungatāpere","Maungatapere","033","Northland","Northland",123680195.296415,174487178.449403,0.708821108780088
"107700","Otaika-Portland","Otaika-Portland","033","Northland","Northland",0.191001873834123,41507202.6961858,4.60165613260357e-09
"107800","Oakleigh-Mangapai","Oakleigh-Mangapai","033","Northland","Northland",237383440.268897,323787972.123667,0.733144714153345
"109600","Maungatūroto","Maungaturoto","033","Northland","Northland",21604527.3718555,21604527.3718543,1.00000000000006
"109700","Kaiwaka","Kaiwaka","033","Northland","Northland",258989448.683589,258989449.309356,0.99999999758381
"109800","Mangawhai Rural","Mangawhai Rural","033","Northland","Northland",91555404.9707693,91555406.4766877,0.999999983551836
"109900","Mangawhai Heads","Mangawhai Heads","033","Northland","Northland",6987868.13717966,6987868.13717812,1.00000000000022
"110000","Inlet Mangawhai Harbour","Inlet Mangawhai Harbour","033","Northland","Northland",5579759.65550254,5579759.65550185,1.00000000000012
"110100","Mangawhai","Mangawhai","033","Northland","Northland",1889482.14290044,1889482.14290054,0.99999999999995
"100700","Kaitāia East","Kaitaia East","033","Northland","Northland",5273659.22180615,5273659.22180708,0.999999999999825
"100800","Kaitāia West","Kaitaia West","033","Northland","Northland",3205769.07341792,3205769.07341721,1.00000000000022
"100900","Rangitihi","Rangitihi","033","Northland","Northland",84531874.2742395,84531874.2742403,0.999999999999991
"101000","Oruru-Parapara","Oruru-Parapara","033","Northland","Northland",103350810.111323,103350810.111321,1.00000000000002
"101101","Doubtless Bay","Doubtless Bay","033","Northland","Northland",10282945.783241,10282945.7832431,0.999999999999791
"101200","Herekino-Takahue","Herekino-Takahue","033","Northland","Northland",303879514.548276,303879514.548295,0.999999999999935
"101300","Peria","Peria","033","Northland","Northland",199629026.122412,199629026.122416,0.999999999999978
"101400","Taemaro-Oruaiti","Taemaro-Oruaiti","033","Northland","Northland",156793982.955754,156793982.955756,0.999999999999986
"101500","Whakapaku","Whakapaku","033","Northland","Northland",200902855.575875,200902855.57588,0.999999999999979
"101600","Hokianga North","Hokianga North","033","Northland","Northland",347991668.357753,347991668.357755,0.999999999999992
"101700","Kohukohu-Broadwood","Kohukohu-Broadwood","033","Northland","Northland",209182103.112761,209182103.112761,1
"101801","Whakarara","Whakarara","033","Northland","Northland",169496842.02676,169496842.026757,1.00000000000002
"101900","Kāeo","Kaeo","033","Northland","Northland",255563038.548706,255563038.5487,1.00000000000002
"102000","Omahuta Forest-Horeke","Omahuta Forest-Horeke","033","Northland","Northland",463710863.740724,463710863.740718,1.00000000000001
"102100","Hokianga South","Hokianga South","033","Northland","Northland",126036060.57727,126036060.577288,0.999999999999859
"102201","Lake Manuwai-Kapiro","Lake Manuwai-Kapiro","033","Northland","Northland",58847607.5247014,58847607.5247015,0.999999999999999
"102300","Ōkaihau","Okaihau","033","Northland","Northland",160024984.441825,160024984.441825,1
"102401","Rangitane-Purerua","Rangitane-Purerua","033","Northland","Northland",123206533.570796,123206533.570797,0.999999999999986
"102501","Waipapa","Waipapa","033","Northland","Northland",8011298.49789145,8011298.49789219,0.999999999999908
"102600","Puketotara","Puketotara","033","Northland","Northland",55265414.2231065,55265414.2231088,0.999999999999958
"102700","Waimā Forest","Waima Forest","033","Northland","Northland",237001056.558238,237001056.558236,1.00000000000001
"102801","Riverview","Riverview","033","Northland","Northland",7592739.71553158,7592739.71553215,0.999999999999925
"102900","Waipoua Forest","Waipoua Forest","033","Northland","Northland",277856661.709464,277856661.709453,1.00000000000004
"103000","Kerikeri Central","Kerikeri Central","033","Northland","Northland",3712132.91554597,3712132.91554611,0.999999999999963
"103101","Kerikeri South","Kerikeri South","033","Northland","Northland",10746015.60933,10746015.609329,1.00000000000009
"103200","Ōhaeawai-Waimate North","Ohaeawai-Waimate North","033","Northland","Northland",87373864.0587187,87373864.0587188,0.999999999999998
"103301","Puketona-Waitangi","Puketona-Waitangi","033","Northland","Northland",160971225.559355,160971225.559355,1
"103401","Ngapuhi","Ngapuhi","033","Northland","Northland",175140982.297265,175140982.297265,1
"103501","Kaikohe","Kaikohe","033","Northland","Northland",5920756.76213232,5920756.76213272,0.999999999999934
"103600","Pakaraka","Pakaraka","033","Northland","Northland",72436098.5962352,72436098.5962479,0.999999999999825
"103700","Haruru","Haruru","033","Northland","Northland",1527124.00119125,1527124.00119131,0.99999999999996
"103800","Russell","Russell","033","Northland","Northland",3280105.34917459,3280105.34917478,0.999999999999942
"104600","Kawakawa","Kawakawa","033","Northland","Northland",1730311.75690404,1730311.75690396,1.00000000000004
"104700","Maromaku","Maromaku","033","Northland","Northland",238331030.33548,238331031.459358,0.999999995284382
"104800","Mangakahia-Hūkerenui","Mangakahia-Hukerenui","033","Northland","Northland",659256597.236918,659256598.81063,0.999999997612899
"104900","Whangaruru","Whangaruru","033","Northland","Northland",20584962.7591033,469274372.215048,0.0438655165888115
"110300","Inlet Kaipara Harbour South","Inlet Kaipara Harbour South","033","Northland","Northland",2.08240727285715,392331174.535342,5.30777926409607e-09
"110400","Cape Rodney","Cape Rodney","033","Northland","Northland",1.2746318385301,370675032.210647,3.4386773528511e-09
"108601","Bream Bay","Bream Bay","033","Northland","Northland",0.942176593400479,237680516.388681,3.96404639183688e-09
"109004","Waipū Rural","Waipu Rural","033","Northland","Northland",1.73771658216142,133078321.573629,1.30578486534336e-08
"109101","Kaipara Coastal","Kaipara Coastal","033","Northland","Northland",1248030972.95087,1248030972.95088,0.999999999999997
"109200","Maungaru","Maungaru","033","Northland","Northland",691826320.450943,691826320.450944,0.999999999999999
"109301","Dargaville","Dargaville","033","Northland","Northland",12857869.7347069,12857869.734708,0.999999999999918
"109400","Rūāwai-Matakohe","Ruawai-Matakohe","033","Northland","Northland",530437713.589593,530437713.978817,0.999999999266222
"109500","Otamatea (Kaipara District)","Otamatea (Kaipara District)","033","Northland","Northland",244853421.136012,244853422.106447,0.999999996036671
"110600","Oceanic Auckland Region East","Oceanic Auckland Region East","033","Northland","Northland",0.19543021456111,7823314944.70714,2.49804866533372e-11
"111000","Oceanic Auckland Region West","Oceanic Auckland Region West","033","Northland","Northland",0.163258733406996,2384034572.61827,6.84800192422114e-11
"258000","Oceanic Three Kings Islands","Oceanic Three Kings Islands","033","Northland","Northland",2176844456.40967,2176844456.40964,1.00000000000001
"258100","Three Kings Islands","Three Kings Islands","033","Northland","Northland",4966433.95098375,4966433.95098323,1.0000000000001
"258200","Oceanic Northland Region","Oceanic Northland Region","033","Northland","Northland",12784512225.0729,16289039084.9518,0.784853677273299
"258300","Inlet Doubtless Bay","Inlet Doubtless Bay","033","Northland","Northland",173310377.72113,173310377.721131,0.99999999999999
"258400","Inlet Kaipara Harbour North","Inlet Kaipara Harbour North","033","Northland","Northland",330743188.062436,330743190.812903,0.99999999168398
"149500","Mount Wellington South East","Mount Wellington South East","034","Ōtāhuhu","Otahuhu",673995.816109925,673995.886599212,0.99999989541585
"149600","Ōtāhuhu Industrial","Otahuhu Industrial","034","Ōtāhuhu","Otahuhu",1443782.15058657,1836008.70771958,0.786369990793688
"141400","Inlet Manukau Harbour","Inlet Manukau Harbour","034","Ōtāhuhu","Otahuhu",711919.877084126,374553577.649694,0.00190071573084788
"149100","Mount Wellington South West","Mount Wellington South West","034","Ōtāhuhu","Otahuhu",697605.991459118,697606.056824108,0.999999906301
"150301","Ōtāhuhu North West","Otahuhu North West","034","Ōtāhuhu","Otahuhu",382156.017899278,382156.017899457,0.999999999999533
"150800","Sutton Park","Sutton Park","034","Ōtāhuhu","Otahuhu",0.00743992436608682,730710.452932324,1.01817680809554e-08
"152101","Massey Road North","Massey Road North","034","Ōtāhuhu","Otahuhu",0.0306580545871355,840281.001905272,3.64854786882254e-08
"152700","Middlemore","Middlemore","034","Ōtāhuhu","Otahuhu",724271.336370845,724271.356566438,0.999999972115986
"153500","Ōtara West","Otara West","034","Ōtāhuhu","Otahuhu",1555050.69137626,1555050.69137605,1.00000000000014
"154400","Ōtara Central","Otara Central","034","Ōtāhuhu","Otahuhu",1520917.63497977,1520917.63497969,1.00000000000005
"154802","Papatoetoe West","Papatoetoe West","034","Ōtāhuhu","Otahuhu",0.0119339473715318,764051.465963923,1.5619297787062e-08
"155500","Manukau Central","Manukau Central","034","Ōtāhuhu","Otahuhu",0,11413422.8500629,0
"155602","Papatoetoe East","Papatoetoe East","034","Ōtāhuhu","Otahuhu",780623.006096585,780623.014608693,0.99999998909575
"156201","Papatoetoe South","Papatoetoe South","034","Ōtāhuhu","Otahuhu",230489.408326563,650180.264555576,0.354500776002656
"157200","Rongomai East","Rongomai East","034","Ōtāhuhu","Otahuhu",581195.550888383,581195.550888296,1.00000000000015
"157901","Clover Park South","Clover Park South","034","Ōtāhuhu","Otahuhu",0.0195014096201068,742453.455720012,2.62661712594426e-08
"112001","Inlets other Auckland","Inlets other Auckland","034","Ōtāhuhu","Otahuhu",2015190.13505361,122493635.241782,0.0164513864828647
"155601","Papatoetoe North East","Papatoetoe North East","034","Ōtāhuhu","Otahuhu",609501.166097218,609501.166097084,1.00000000000022
"155701","Ōtara South West","Otara South West","034","Ōtāhuhu","Otahuhu",464570.630414676,464570.630415256,0.999999999998752
"154902","Papatoetoe Central East","Papatoetoe Central East","034","Ōtāhuhu","Otahuhu",887259.334740378,887259.334739912,1.00000000000053
"158300","Hilltop (Auckland)","Hilltop (Auckland)","034","Ōtāhuhu","Otahuhu",0.0396403256911148,1143478.15390088,3.46664477636808e-08
"156800","Rongomai West","Rongomai West","034","Ōtāhuhu","Otahuhu",485072.033407159,485072.040976956,0.999999984394488
"157500","Chapel Downs","Chapel Downs","034","Ōtāhuhu","Otahuhu",760116.357650377,760116.476536461,0.999999843594912
"157701","Clover Park North","Clover Park North","034","Ōtāhuhu","Otahuhu",842556.176904946,842556.274835398,0.999999883769838
"147700","Mount Wellington Industrial","Mount Wellington Industrial","034","Ōtāhuhu","Otahuhu",0.280378831012889,3332208.77443371,8.41420361065276e-08
"151400","Ōtāhuhu South West","Otahuhu South West","034","Ōtāhuhu","Otahuhu",1242041.23192373,1242041.30150043,0.999999943981977
"150101","Ōtāhuhu Central","Otahuhu Central","034","Ōtāhuhu","Otahuhu",1254613.81598572,1254613.82911044,0.999999989538843
"150302","Ōtāhuhu North East","Otahuhu North East","034","Ōtāhuhu","Otahuhu",359515.011401111,359515.011401185,0.999999999999794
"150900","Ōtāhuhu East","Otahuhu East","034","Ōtāhuhu","Otahuhu",787166.925978247,787166.925977984,1.00000000000033
"157702","Clover Park East","Clover Park East","034","Ōtāhuhu","Otahuhu",522604.862679396,522604.935750031,0.999999860179975
"151900","Ōtāhuhu South","Otahuhu South","034","Ōtāhuhu","Otahuhu",817478.903816965,817478.90381745,0.999999999999407
"152300","East Tamaki","East Tamaki","034","Ōtāhuhu","Otahuhu",0.0339917472700128,7776622.94670318,4.37101650716179e-09
"153000","Grange","Grange","034","Ōtāhuhu","Otahuhu",1433534.31497297,1433534.31497271,1.00000000000018
"153301","Māngere East","Mangere East","034","Ōtāhuhu","Otahuhu",0.035699116573389,642439.566644069,5.55680540659591e-08
"154101","Dingwall","Dingwall","034","Ōtāhuhu","Otahuhu",650984.810540242,650984.810540124,1.00000000000018
"154801","Papatoetoe North West","Papatoetoe North West","034","Ōtāhuhu","Otahuhu",0.0578614829917042,771642.921859917,7.49847907011688e-08
"154001","Papatoetoe North","Papatoetoe North","034","Ōtāhuhu","Otahuhu",734207.882652411,734207.961871193,0.999999892103075
"154901","Papatoetoe Central West","Papatoetoe Central West","034","Ōtāhuhu","Otahuhu",581207.218367557,829583.759517035,0.700601008276635
"155100","Ōtara East","Otara East","034","Ōtāhuhu","Otahuhu",867845.345184067,867845.424393046,0.999999908729162
"155702","Ōtara South","Otara South","034","Ōtāhuhu","Otahuhu",605174.271188168,605174.271188148,1.00000000000003
"156000","Botany Junction","Botany Junction","034","Ōtāhuhu","Otahuhu",807538.262097631,2479251.03970566,0.325718634040989
"158101","Ormiston Central","Ormiston Central","034","Ōtāhuhu","Otahuhu",0.0582112114189887,1336635.56874248,4.35505479431125e-08
"155801","Ferguson","Ferguson","034","Ōtāhuhu","Otahuhu",719004.169277421,719004.169278265,0.999999999998827
"156500","Puhinui North","Puhinui North","034","Ōtāhuhu","Otahuhu",0.0165793912414846,703615.488331166,2.35631413981628e-08
"157000","Puhinui East","Puhinui East","034","Ōtāhuhu","Otahuhu",135361.607891638,603799.65785069,0.224182982106145
"157301","Ormiston North","Ormiston North","034","Ōtāhuhu","Otahuhu",0.0147890613752549,1670998.24659591,8.85043500517282e-09
"158001","Donegal Park West","Donegal Park West","034","Ōtāhuhu","Otahuhu",0.0571561168574599,470607.790323064,1.21451701465085e-07
"149702","Bucklands Beach South","Bucklands Beach South","035","Pakuranga","Pakuranga",477803.203681375,477803.20368144,0.999999999999866
"147800","Half Moon Bay West","Half Moon Bay West","035","Pakuranga","Pakuranga",1280967.02854159,1280967.02854132,1.00000000000021
"146400","Bucklands Beach North","Bucklands Beach North","035","Pakuranga","Pakuranga",1383580.80597816,1383580.80598163,0.999999999997494
"148000","Eastern Beach","Eastern Beach","035","Pakuranga","Pakuranga",1180890.4270327,1180890.42703321,0.999999999999575
"148101","Sunnyhills West","Sunnyhills West","035","Pakuranga","Pakuranga",868999.371349109,868999.371348751,1.00000000000041
"148102","Pakuranga North","Pakuranga North","035","Pakuranga","Pakuranga",1353820.4275614,1353820.42756169,0.999999999999788
"148401","Farm Cove","Farm Cove","035","Pakuranga","Pakuranga",838728.909252235,838728.909252301,0.999999999999922
"149800","Pakuranga Central","Pakuranga Central","035","Pakuranga","Pakuranga",1126384.22244663,1126384.22244647,1.00000000000014
"150400","Howick West","Howick West","035","Pakuranga","Pakuranga",1193562.15187555,1193562.15187535,1.00000000000017
"150600","Mellons Bay","Mellons Bay","035","Pakuranga","Pakuranga",1676237.79744735,1676237.79744802,0.999999999999601
"150700","Pakuranga Heights East","Pakuranga Heights East","035","Pakuranga","Pakuranga",1790682.87365352,1790682.92369586,0.999999972054045
"152000","Howick Central","Howick Central","035","Pakuranga","Pakuranga",737461.196213359,856801.513479555,0.860714161461336
"153400","Cockle Bay","Cockle Bay","035","Pakuranga","Pakuranga",1728324.26176347,1728324.27987748,0.999999989519322
"154300","Shelly Park","Shelly Park","035","Pakuranga","Pakuranga",1231603.20028411,1231603.20471623,0.999999996401342
"157101","Turanga","Turanga","035","Pakuranga","Pakuranga",0.0345483619039528,84597130.4732969,4.08386924126913e-10
"110600","Oceanic Auckland Region East","Oceanic Auckland Region East","035","Pakuranga","Pakuranga",14094384.7951954,7823314944.70714,0.00180158729321398
"112001","Inlets other Auckland","Inlets other Auckland","035","Pakuranga","Pakuranga",10275326.4884304,122493635.241782,0.0838845746405407
"149200","Sunnyhills East","Sunnyhills East","035","Pakuranga","Pakuranga",873398.49222078,873398.49222114,0.999999999999588
"148300","Bucklands Beach Central","Bucklands Beach Central","035","Pakuranga","Pakuranga",578588.641328357,578588.641328404,0.999999999999919
"148800","Half Moon Bay North East","Half Moon Bay North East","035","Pakuranga","Pakuranga",646029.737659717,646029.737659667,1.00000000000008
"149001","Pakuranga West","Pakuranga West","035","Pakuranga","Pakuranga",938128.847677681,938128.847677398,1.0000000000003
"149300","Half Moon Bay South East","Half Moon Bay South East","035","Pakuranga","Pakuranga",836246.610048816,836246.610049055,0.999999999999714
"149701","Bucklands Beach Murvale","Bucklands Beach Murvale","035","Pakuranga","Pakuranga",642136.678038899,642136.678039032,0.999999999999793
"151301","Highland Park (Auckland)","Highland Park (Auckland)","035","Pakuranga","Pakuranga",728866.713094682,1161448.02873976,0.627550002289421
"151500","Pakuranga Heights South West","Pakuranga Heights South West","035","Pakuranga","Pakuranga",973427.069176533,973427.069176777,0.99999999999975
"150500","Pakuranga Heights North West","Pakuranga Heights North West","035","Pakuranga","Pakuranga",762265.266138131,762265.266138098,1.00000000000004
"152201","Botany Downs West","Botany Downs West","035","Pakuranga","Pakuranga",106368.616708369,1027496.08153128,0.103522162877593
"152300","East Tamaki","East Tamaki","035","Pakuranga","Pakuranga",0.00012531798865023,7776622.94670318,1.61147055102314e-11
"152400","Howick East","Howick East","035","Pakuranga","Pakuranga",979793.99143546,1109335.49411643,0.883226036336149
"153800","Somerville","Somerville","035","Pakuranga","Pakuranga",182988.595666563,1556065.99445799,0.117596937609514
"232601","Aokautere Rural","Aokautere Rural","036","Palmerston North","Palmerston North",47776881.5623315,85709216.7512835,0.557429916796153
"228600","Kauwhata","Kauwhata","036","Palmerston North","Palmerston North",1.15516639466858,154433279.552676,7.48003537847918e-09
"228700","Taonui","Taonui","036","Palmerston North","Palmerston North",0.668029632277707,165766556.718383,4.02994213973211e-09
"228800","Newbury","Newbury","036","Palmerston North","Palmerston North",34674484.4458322,34674485.3348552,0.99999997436089
"229201","Tremaine","Tremaine","036","Palmerston North","Palmerston North",4253509.56297262,4253509.56297182,1.00000000000019
"229400","Whakarongo","Whakarongo","036","Palmerston North","Palmerston North",45915170.2678001,51234337.1808606,0.896179648147228
"229500","Westbrook","Westbrook","036","Palmerston North","Palmerston North",1129172.74600078,1129172.74600084,0.999999999999949
"229600","Takaro North","Takaro North","036","Palmerston North","Palmerston North",1119687.19340811,1119687.19340759,1.00000000000046
"229700","Pioneer West","Pioneer West","036","Palmerston North","Palmerston North",2364070.76616343,2364070.76616264,1.00000000000033
"230900","Maraetarata","Maraetarata","036","Palmerston North","Palmerston North",2442083.68958516,2442083.68958576,0.999999999999753
"231900","Turitea","Turitea","036","Palmerston North","Palmerston North",9720382.03388806,9720382.03388704,1.0000000000001
"232101","Linton Camp","Linton Camp","036","Palmerston North","Palmerston North",4969988.12811795,4969988.54670821,0.999999915776412
"232400","Aokautere","Aokautere","036","Palmerston North","Palmerston North",7119862.52210694,7119862.52210779,0.999999999999881
"232501","Pihauatua","Pihauatua","036","Palmerston North","Palmerston North",36033067.6471639,141873873.742999,0.253979585504494
"230700","Awapuni North","Awapuni North","036","Palmerston North","Palmerston North",1233503.14680384,1233503.14680374,1.00000000000009
"230800","Terrace End","Terrace End","036","Palmerston North","Palmerston North",1202797.09227034,1202797.09227008,1.00000000000022
"231000","Papaioea South","Papaioea South","036","Palmerston North","Palmerston North",600507.257998765,600507.257998506,1.00000000000043
"229800","Palmerston North Hospital","Palmerston North Hospital","036","Palmerston North","Palmerston North",1073722.62992135,1073722.62992169,0.999999999999686
"230200","Roslyn (Palmerston North City)","Roslyn (Palmerston North City)","036","Palmerston North","Palmerston North",1150692.68971629,1150692.68971636,0.999999999999933
"230300","Kelvin Grove West","Kelvin Grove West","036","Palmerston North","Palmerston North",781900.411299468,781900.411299561,0.999999999999882
"228901","Palmerston North Airport","Palmerston North Airport","036","Palmerston North","Palmerston North",7471390.91874653,7471390.91874527,1.00000000000017
"230400","Kelvin Grove North","Kelvin Grove North","036","Palmerston North","Palmerston North",2141781.88947988,2141781.8894796,1.00000000000013
"229001","Milson North","Milson North","036","Palmerston North","Palmerston North",1030918.71422273,1030918.71422132,1.00000000000137
"229100","Cloverlea (Palmerston North City)","Cloverlea (Palmerston North City)","036","Palmerston North","Palmerston North",676087.193544988,676087.193544944,1.00000000000006
"229300","Milson South","Milson South","036","Palmerston North","Palmerston North",1229731.40957195,1229731.4095722,0.9999999999998
"229900","Highbury East","Highbury East","036","Palmerston North","Palmerston North",1160707.87399796,1160707.87399756,1.00000000000035
"230000","Park West","Park West","036","Palmerston North","Palmerston North",928420.318351249,928420.31835124,1.00000000000001
"230100","Takaro South","Takaro South","036","Palmerston North","Palmerston North",876527.584524318,876527.584524272,1.00000000000005
"230500","Papaioea North","Papaioea North","036","Palmerston North","Palmerston North",803871.011261885,803871.011261519,1.00000000000046
"230600","Palmerston North Central","Palmerston North Central","036","Palmerston North","Palmerston North",1843798.66259569,1843798.6625959,0.999999999999882
"231101","Royal Oak (Palmerston North City)","Royal Oak (Palmerston North City)","036","Palmerston North","Palmerston North",1774979.6509797,1774979.65098006,0.999999999999794
"231200","West End","West End","036","Palmerston North","Palmerston North",1161323.18684636,1161323.18684614,1.00000000000019
"231300","Awapuni South","Awapuni South","036","Palmerston North","Palmerston North",1671383.7733709,1671383.77337029,1.00000000000037
"231400","Milverton","Milverton","036","Palmerston North","Palmerston North",564508.764701371,564508.764701112,1.00000000000046
"231600","Esplanade","Esplanade","036","Palmerston North","Palmerston North",1305758.4753219,1305758.47532196,0.999999999999951
"231500","Ruamahanga","Ruamahanga","036","Palmerston North","Palmerston North",1531307.79704416,1531307.79704429,0.999999999999911
"232702","Fitzherbert","Fitzherbert","036","Palmerston North","Palmerston North",4287892.11046201,4287892.11046195,1.00000000000002
"233000","Mangatainoka","Mangatainoka","036","Palmerston North","Palmerston North",0.718175428471471,496887058.819444,1.44534943248026e-09
"231700","Hokowhitu Central","Hokowhitu Central","036","Palmerston North","Palmerston North",910321.820505944,910321.820505564,1.00000000000042
"231800","Hokowhitu East","Hokowhitu East","036","Palmerston North","Palmerston North",1243113.30139195,1243113.30139194,1.00000000000001
"232000","Ruahine","Ruahine","036","Palmerston North","Palmerston North",1662495.94499299,1662495.94499273,1.00000000000016
"232300","Hokowhitu South","Hokowhitu South","036","Palmerston North","Palmerston North",895266.301423389,895266.301423606,0.999999999999758
"232701","Poutoa","Poutoa","036","Palmerston North","Palmerston North",2716022.10298813,2716022.10298769,1.00000000000016
"162701","Kawakawa Bay-Orere","Kawakawa Bay-Orere","037","Papakura","Papakura",202608748.690871,210061768.280927,0.964519866460953
"162800","Papakura West","Papakura West","037","Papakura","Papakura",560556.898167584,560556.898167861,0.999999999999505
"162901","Clevedon","Clevedon","037","Papakura","Papakura",48674625.4311942,48674625.4311922,1.00000000000004
"163400","Karaka Lakes","Karaka Lakes","037","Papakura","Papakura",3328290.08128906,3328290.08128905,1.00000000000001
"163803","Patumāhoe Rural","Patumahoe Rural","037","Papakura","Papakura",0.332307782220223,35000417.0592327,9.49439492843312e-09
"164100","Papakura Industrial","Papakura Industrial","037","Papakura","Papakura",1538140.45242168,1538140.45242306,0.9999999999991
"164301","Drury West","Drury West","037","Papakura","Papakura",2849419.23370548,2849419.23370498,1.00000000000017
"164302","Drury East","Drury East","037","Papakura","Papakura",3062794.27689548,3062794.27689643,0.999999999999691
"165101","Ramarama","Ramarama","037","Papakura","Papakura",11638951.0304356,39692875.3264454,0.293225193053251
"141400","Inlet Manukau Harbour","Inlet Manukau Harbour","037","Papakura","Papakura",37896832.3983973,374553577.649694,0.101178668846786
"157101","Turanga","Turanga","037","Papakura","Papakura",28209509.4816704,84597130.4732969,0.33345704900209
"159801","Karaka Creek","Karaka Creek","037","Papakura","Papakura",0.152184212189887,35041618.7289088,4.34295611076715e-09
"162102","Takanini East","Takanini East","037","Papakura","Papakura",1624356.28179078,1624356.30113725,0.999999988089758
"162200","Takanini Central","Takanini Central","037","Papakura","Papakura",816341.874406089,1091669.08509176,0.747792426802553
"162300","Ardmore","Ardmore","037","Papakura","Papakura",44270765.555138,44270765.9708324,0.999999990610183
"168600","Miranda-Pūkorokoro","Miranda-Pukorokoro","037","Papakura","Papakura",0.0341133744198774,81337693.107869,4.19404253015101e-10
"169800","Mangatangi","Mangatangi","037","Papakura","Papakura",1.94236807009579,258185732.253604,7.5231425576526e-09
"169901","Tuakau Rural","Tuakau Rural","037","Papakura","Papakura",0.103322541431062,43040221.3476666,2.40060432302269e-09
"170201","Pōkeno Rural","Pokeno Rural","037","Papakura","Papakura",0.469039558112239,85787716.6964456,5.46744424696494e-09
"110600","Oceanic Auckland Region East","Oceanic Auckland Region East","037","Papakura","Papakura",126029310.315334,7823314944.70714,0.0161094511988936
"112001","Inlets other Auckland","Inlets other Auckland","037","Papakura","Papakura",9089214.3476534,122493635.241782,0.0742015234482412
"162602","Takanini McLennan","Takanini McLennan","037","Papakura","Papakura",638940.79590961,638940.802280636,0.999999990028769
"158900","Tuscany Heights","Tuscany Heights","037","Papakura","Papakura",0.40688369237822,6623467.61218377,6.14306155328312e-08
"163001","Papakura North","Papakura North","037","Papakura","Papakura",1013367.66380809,1013367.66380827,0.999999999999818
"163100","Pahurehure","Pahurehure","037","Papakura","Papakura",1209045.67140849,1209045.67141004,0.999999999998714
"159301","The Gardens (Auckland)","The Gardens (Auckland)","037","Papakura","Papakura",0.0264805838671759,4189501.53144799,6.3207003669536e-09
"163200","Papakura Central","Papakura Central","037","Papakura","Papakura",1565216.04360617,1565216.04360619,0.999999999999985
"160401","Alfriston","Alfriston","037","Papakura","Papakura",0.0392279735942991,1851821.34398492,2.11834547224111e-08
"162000","Takanini West","Takanini West","037","Papakura","Papakura",0.00942347522049635,686327.177447541,1.37302958853274e-08
"161400","Kingseat-Karaka","Kingseat-Karaka","037","Papakura","Papakura",86680049.5617518,86680050.3266419,0.999999991175707
"161600","Takanini North","Takanini North","037","Papakura","Papakura",1731054.99187772,5278099.8083719,0.32796935539794
"162101","Takanini South","Takanini South","037","Papakura","Papakura",164908.850928181,695109.619075761,0.237241503214196
"162500","Hingaia","Hingaia","037","Papakura","Papakura",3615384.17512774,3615384.17512698,1.00000000000021
"162601","Takanini South East","Takanini South East","037","Papakura","Papakura",828774.135643378,828774.135643722,0.999999999999584
"163301","Papakura North East","Papakura North East","037","Papakura","Papakura",556092.848856438,556092.848856351,1.00000000000016
"163302","Twin Parks Rise","Twin Parks Rise","037","Papakura","Papakura",931989.740176673,931989.74017661,1.00000000000007
"163501","Papakura Kelvin","Papakura Kelvin","037","Papakura","Papakura",489476.102419522,489476.102419533,0.999999999999979
"163502","Papakura Eastburn","Papakura Eastburn","037","Papakura","Papakura",762930.208844494,762930.208844621,0.999999999999834
"163600","Papakura Massey Park","Papakura Massey Park","037","Papakura","Papakura",894103.96596346,894103.965963724,0.999999999999704
"163700","Rosehill","Rosehill","037","Papakura","Papakura",1545109.96497052,1545109.96497077,0.999999999999839
"163901","Papakura East","Papakura East","037","Papakura","Papakura",630216.874079032,630216.874079157,0.999999999999802
"163902","Harbour View Heights","Harbour View Heights","037","Papakura","Papakura",2496565.20975192,2496565.20975208,0.999999999999936
"164001","Ōpaheke","Opaheke","037","Papakura","Papakura",1149709.42555534,1149709.42555509,1.00000000000022
"164201","Red Hill","Red Hill","037","Papakura","Papakura",993847.361788488,993847.361787946,1.00000000000055
"164601","Runciman","Runciman","037","Papakura","Papakura",12511302.3952772,12511302.75885,0.999999970940457
"164602","Drury South Crossing","Drury South Crossing","037","Papakura","Papakura",8038502.43346207,8038502.43346182,1.00000000000003
"164603","Waihoehoe","Waihoehoe","037","Papakura","Papakura",22900194.5207199,22900194.5207188,1.00000000000005
"165200","Hunua","Hunua","037","Papakura","Papakura",77834872.0713364,77834872.4311473,0.999999995377253
"166301","Bombay Hills","Bombay Hills","037","Papakura","Papakura",30159361.4029242,30159362.03826,0.999999978934042
"166400","Ararimu","Ararimu","037","Papakura","Papakura",90928245.1465841,90928246.4554548,0.999999985605456
"258500","Oceanic Waikato Region East","Oceanic Waikato Region East","037","Papakura","Papakura",0.743153178272165,5879543599.5551,1.26396405722444e-10
"162400","Glenbrook","Glenbrook","038","Port Waikato","Port Waikato",53150642.6383024,53150642.6383037,0.999999999999976
"163803","Patumāhoe Rural","Patumahoe Rural","038","Port Waikato","Port Waikato",35000416.7269244,35000417.0592327,0.999999990505591
"164401","Tamakae","Tamakae","038","Port Waikato","Port Waikato",1499863.86703731,1499863.86703725,1.00000000000004
"164500","Hamilton Estate","Hamilton Estate","038","Port Waikato","Port Waikato",2259410.75345867,2259410.75346058,0.999999999999158
"165101","Ramarama","Ramarama","038","Port Waikato","Port Waikato",28053924.2959981,39692875.3264454,0.706774806946455
"141400","Inlet Manukau Harbour","Inlet Manukau Harbour","038","Port Waikato","Port Waikato",156266964.715209,374553577.649694,0.4172085758619
"149901","Āwhitu","Awhitu","038","Port Waikato","Port Waikato",221401579.342175,221401579.342162,1.00000000000006
"159401","Clarks Beach","Clarks Beach","038","Port Waikato","Port Waikato",2412136.37320717,2412136.37320799,0.999999999999659
"159801","Karaka Creek","Karaka Creek","038","Port Waikato","Port Waikato",35041618.5767206,35041618.7289088,0.999999995656931
"165800","Rooseville Park","Rooseville Park","038","Port Waikato","Port Waikato",1346837.63272094,1346837.63272128,0.999999999999748
"165901","Cloverlea (Auckland)","Cloverlea (Auckland)","038","Port Waikato","Port Waikato",1305622.87939391,1305622.87939396,0.999999999999962
"168701","Hauraki Plains North","Hauraki Plains North","038","Port Waikato","Port Waikato",0.150970165627271,180433978.900671,8.36705849680227e-10
"169700","Aka Aka","Aka Aka","038","Port Waikato","Port Waikato",186935622.742041,186935622.742029,1.00000000000007
"169800","Mangatangi","Mangatangi","038","Port Waikato","Port Waikato",81536295.9010703,258185732.253604,0.315804809155685
"169901","Tuakau Rural","Tuakau Rural","038","Port Waikato","Port Waikato",43040221.2443612,43040221.3476666,0.999999997599795
"170001","Tuakau North","Tuakau North","038","Port Waikato","Port Waikato",5394857.37737204,5394857.3773717,1.00000000000006
"170101","Onewhero","Onewhero","038","Port Waikato","Port Waikato",385076495.33693,385076495.33693,1
"170201","Pōkeno Rural","Pokeno Rural","038","Port Waikato","Port Waikato",85787716.227405,85787716.6964456,0.999999994532544
"170400","Port Waikato-Waikaretu","Port Waikato-Waikaretu","038","Port Waikato","Port Waikato",210146366.099031,210146366.099036,0.999999999999976
"170600","Pukekawa","Pukekawa","038","Port Waikato","Port Waikato",140891731.09535,140891731.095345,1.00000000000004
"170700","Maramarua","Maramarua","038","Port Waikato","Port Waikato",181135735.532605,267639791.26162,0.676789257227986
"170803","Whangamarino","Whangamarino","038","Port Waikato","Port Waikato",141961582.220435,165660543.331259,0.856942633204845
"170901","Te Ākau","Te Akau","038","Port Waikato","Port Waikato",264753969.126858,636308014.239322,0.416078319307921
"171000","Inlets Waikato District","Inlets Waikato District","038","Port Waikato","Port Waikato",11158597.0887485,65357138.4073175,0.170732644676181
"171101","Te Kauwhata East","Te Kauwhata East","038","Port Waikato","Port Waikato",3079114.80004057,3079114.80004099,0.999999999999865
"171201","Huntly Rural","Huntly Rural","038","Port Waikato","Port Waikato",1.89215964887865,351210850.554842,5.38753186551447e-09
"171300","Waerenga","Waerenga","038","Port Waikato","Port Waikato",0.920047295773288,261738788.883755,3.51513545125291e-09
"111000","Oceanic Auckland Region West","Oceanic Auckland Region West","038","Port Waikato","Port Waikato",668359350.6202,2384034572.61827,0.280348011013185
"161400","Kingseat-Karaka","Kingseat-Karaka","038","Port Waikato","Port Waikato",0.764898769135208,86680050.3266419,8.82439230541274e-09
"163801","Patumāhoe","Patumahoe","038","Port Waikato","Port Waikato",1815376.79724976,1815376.79724952,1.00000000000014
"164601","Runciman","Runciman","038","Port Waikato","Port Waikato",0.363576488386467,12511302.75885,2.90598425595039e-08
"164700","Waiuku Central","Waiuku Central","038","Port Waikato","Port Waikato",1131498.87675846,1131498.87675847,0.999999999999993
"164800","Waiuku East","Waiuku East","038","Port Waikato","Port Waikato",832609.233989322,832609.233989093,1.00000000000028
"164900","Kendallvale","Kendallvale","038","Port Waikato","Port Waikato",2144615.1279605,2144615.12795881,1.00000000000079
"165001","Puni","Puni","038","Port Waikato","Port Waikato",39221339.4926989,39221339.4926981,1.00000000000002
"165301","Pukekohe North","Pukekohe North","038","Port Waikato","Port Waikato",3902402.51359547,3902402.51359407,1.00000000000036
"165302","Pukekohe North West","Pukekohe North West","038","Port Waikato","Port Waikato",880493.989284104,880493.989283344,1.00000000000086
"165400","Anselmi Ridge","Anselmi Ridge","038","Port Waikato","Port Waikato",7535125.7867852,7535125.78678696,0.999999999999767
"165501","Pukekohe West","Pukekohe West","038","Port Waikato","Port Waikato",1245200.58355231,1245200.58355222,1.00000000000007
"165502","Pukekohe South West","Pukekohe South West","038","Port Waikato","Port Waikato",1007609.61525802,1007609.61525756,1.00000000000046
"165600","Cape Hill","Cape Hill","038","Port Waikato","Port Waikato",716548.38908413,716548.38908436,0.999999999999679
"165700","Rosa Birch Park","Rosa Birch Park","038","Port Waikato","Port Waikato",792027.92474812,792027.92474823,0.999999999999861
"166000","Pukekohe Central","Pukekohe Central","038","Port Waikato","Port Waikato",3104731.17671253,3104731.17671227,1.00000000000008
"166100","Pukekohe Hospital","Pukekohe Hospital","038","Port Waikato","Port Waikato",734666.561312831,734666.561313185,0.999999999999518
"166200","Buckland","Buckland","038","Port Waikato","Port Waikato",8457471.59660712,8457471.59660655,1.00000000000007
"166301","Bombay Hills","Bombay Hills","038","Port Waikato","Port Waikato",0.635332857495919,30159362.03826,2.10658586441563e-08
"166400","Ararimu","Ararimu","038","Port Waikato","Port Waikato",0.793862235592849,90928246.4554548,8.73064494850626e-09
"170300","Tuakau South","Tuakau South","038","Port Waikato","Port Waikato",2912163.00341209,2912163.00341275,0.999999999999774
"170501","Pōkeno North","Pokeno North","038","Port Waikato","Port Waikato",5081652.42136523,5081652.42136527,0.999999999999992
"170502","Pōkeno South","Pokeno South","038","Port Waikato","Port Waikato",4178847.48161654,4178847.48161331,1.00000000000077
"170802","Te Kauwhata West","Te Kauwhata West","038","Port Waikato","Port Waikato",5817883.30614203,5817883.30614199,1.00000000000001
"258700","Oceanic Waikato Region West","Oceanic Waikato Region West","038","Port Waikato","Port Waikato",917680692.650054,4184338698.0139,0.219313195914478
"311800","Waitaha","Waitaha","039","Rangitata","Rangitata",1.73483681423656,1497781511.00297,1.15827095039707e-09
"311900","Whataroa-Harihari","Whataroa-Harihari","039","Rangitata","Rangitata",0.8302051456148,1136246017.60048,7.30656154349409e-10
"312001","Hokitika Valley-Otira","Hokitika Valley-Otira","039","Rangitata","Rangitata",1.26488263056048,1634958321.55442,7.73648241600379e-10
"338800","Levels Valley","Levels Valley","039","Rangitata","Rangitata",70715831.9514895,386376988.163808,0.183022887277927
"339002","Rangitata","Rangitata","039","Rangitata","Rangitata",94659063.4402536,171838480.108201,0.55086068836648
"339100","Waitohi (Timaru District)","Waitohi (Timaru District)","039","Rangitata","Rangitata",268403112.76568,371782788.119181,0.721935284103682
"339400","Hadlow","Hadlow","039","Rangitata","Rangitata",58620266.7872713,93741506.5792604,0.625339499293268
"339500","Levels","Levels","039","Rangitata","Rangitata",87989523.6570347,87989523.800858,0.99999999836545
"339700","Gleniti North","Gleniti North","039","Rangitata","Rangitata",5420707.56648588,5420707.56648568,1.00000000000004
"339800","Washdyke","Washdyke","039","Rangitata","Rangitata",10657421.4690165,10657421.4690165,0.999999999999999
"339900","Fairview","Fairview","039","Rangitata","Rangitata",0.380791840405774,98369748.3647878,3.87102586654661e-09
"340000","Gleniti South","Gleniti South","039","Rangitata","Rangitata",1736925.59074965,1736925.59074921,1.00000000000025
"334200","Bankside","Bankside","039","Rangitata","Rangitata",1.19918248373208,359563123.7997,3.33510976058853e-09
"335400","Southbridge","Southbridge","039","Rangitata","Rangitata",1.0826153127498,361569560.385582,2.99421033008224e-09
"337100","Eiffelton","Eiffelton","039","Rangitata","Rangitata",434679425.185454,434679425.18544,1.00000000000003
"337200","Chertsey","Chertsey","039","Rangitata","Rangitata",572515374.969841,572515376.690703,0.999999996994209
"337301","Winchmore-Wakanui","Winchmore-Wakanui","039","Rangitata","Rangitata",310370003.643821,310370003.643816,1.00000000000002
"337500","Allenton South","Allenton South","039","Rangitata","Rangitata",2926674.53061943,2926674.53061808,1.00000000000046
"337700","Ashburton North","Ashburton North","039","Rangitata","Rangitata",20657557.6401254,20657557.6401263,0.999999999999957
"338000","Ashburton Central","Ashburton Central","039","Rangitata","Rangitata",2562913.60725345,2562913.60725196,1.00000000000058
"338200","Tinwald South","Tinwald South","039","Rangitata","Rangitata",2793068.40935761,2793068.40935752,1.00000000000003
"338600","Ben McLeod","Ben McLeod","039","Rangitata","Rangitata",4.4728159284416,842234747.079043,5.31065233766926e-09
"338700","Arundel","Arundel","039","Rangitata","Rangitata",1.27244627540013,629207775.315741,2.02229903271873e-09
"340100","Glenwood","Glenwood","039","Rangitata","Rangitata",1087216.94011329,1087216.9401133,0.999999999999994
"340601","Waimataitai-Maori Hill","Waimataitai-Maori Hill","039","Rangitata","Rangitata",1389944.62393264,1389944.62393285,0.999999999999853
"340801","Seaview","Seaview","039","Rangitata","Rangitata",750858.473904155,750858.473904102,1.00000000000007
"333600","Craigieburn","Craigieburn","039","Rangitata","Rangitata",3.32142996382858,3444256221.98554,9.64338815047229e-10
"333800","Glenroy-Hororata","Glenroy-Hororata","039","Rangitata","Rangitata",1.61782848158219,644256887.075469,2.51115434547567e-09
"338401","Netherby","Netherby","039","Rangitata","Rangitata",1942028.89315203,1942028.89315246,0.999999999999774
"340900","Inlet Port Timaru","Inlet Port Timaru","039","Rangitata","Rangitata",488995.342065904,488995.342066081,0.999999999999638
"341000","Watlington","Watlington","039","Rangitata","Rangitata",1207201.36225138,1207201.43712142,0.999999937980494
"341101","Timaru Central","Timaru Central","039","Rangitata","Rangitata",808112.929251123,808112.929251046,1.0000000000001
"341201","Timaru East","Timaru East","039","Rangitata","Rangitata",3841235.58424455,3841235.70226213,0.999999969276142
"341300","Parkside","Parkside","039","Rangitata","Rangitata",1147158.57758649,1147158.57758642,1.00000000000007
"336600","Ashburton Lakes","Ashburton Lakes","039","Rangitata","Rangitata",3002097204.6535,3002097214.62989,0.999999996676861
"336701","Cairnbrae","Cairnbrae","039","Rangitata","Rangitata",541213243.373701,541213245.254152,0.999999996525489
"336800","Ashburton Forks","Ashburton Forks","039","Rangitata","Rangitata",859393215.990242,859393217.277902,0.999999998501664
"336901","Methven","Methven","039","Rangitata","Rangitata",4765226.89021502,4765226.89021491,1.00000000000002
"337000","Ealing-Lowcliffe","Ealing-Lowcliffe","039","Rangitata","Rangitata",413188189.347948,413188189.832204,0.999999998828003
"337400","Allenton North","Allenton North","039","Rangitata","Rangitata",2096464.60283588,2096464.60283559,1.00000000000014
"341400","Kensington (Timaru District)","Kensington (Timaru District)","039","Rangitata","Rangitata",725512.947927019,725512.947926947,1.0000000000001
"341501","Mackenzie Lakes","Mackenzie Lakes","039","Rangitata","Rangitata",0.197536913506629,5174669559.01237,3.8173821778164e-11
"337600","Rākaia","Rakaia","039","Rangitata","Rangitata",11301376.7597912,11301377.0475438,0.999999974538267
"337800","Allenton East","Allenton East","039","Rangitata","Rangitata",1238347.84913857,1238347.84913622,1.00000000000189
"337900","Tinwald North","Tinwald North","039","Rangitata","Rangitata",1903425.6981048,1903425.69810477,1.00000000000002
"338100","Ashburton West","Ashburton West","039","Rangitata","Rangitata",452519.438542729,452519.438542782,0.999999999999881
"338300","Ashburton East","Ashburton East","039","Rangitata","Rangitata",778670.416710418,778670.416709967,1.00000000000058
"338501","Hampstead","Hampstead","039","Rangitata","Rangitata",2639923.59074088,2639923.59074074,1.00000000000005
"339200","Pleasant Point","Pleasant Point","039","Rangitata","Rangitata",5211273.3091398,5211273.41301927,0.999999980066393
"339300","Temuka West","Temuka West","039","Rangitata","Rangitata",4071698.46342112,4071698.46342056,1.00000000000014
"339600","Temuka East","Temuka East","039","Rangitata","Rangitata",4269741.45086926,4269741.45086896,1.00000000000007
"340200","Marchwiel West","Marchwiel West","039","Rangitata","Rangitata",840494.841779222,840494.841779295,0.999999999999914
"340300","Marchwiel East","Marchwiel East","039","Rangitata","Rangitata",931011.499069726,931011.499069867,0.999999999999849
"340400","Highfield North","Highfield North","039","Rangitata","Rangitata",1411081.90123248,1411081.90123261,0.999999999999903
"340500","Highfield South","Highfield South","039","Rangitata","Rangitata",950328.065474243,950328.065473775,1.00000000000049
"340700","Fraser Park","Fraser Park","039","Rangitata","Rangitata",1215570.96462249,1215570.96462215,1.00000000000028
"363800","Oceanic Canterbury Region","Oceanic Canterbury Region","039","Rangitata","Rangitata",2009000120.52189,11440033258.8297,0.175611388102503
"189500","Kaimanawa","Kaimanawa","040","Rangitīkei","Rangitikei",1.27504308836997,1342255301.75146,9.49925909554031e-10
"189900","Taharua","Taharua","040","Rangitīkei","Rangitikei",0.427951715664967,784238848.205505,5.4569053375028e-10
"190000","Te More","Te More","040","Rangitīkei","Rangitikei",1.80465236183647,47922580.8964991,3.76576621725377e-08
"215500","Mangaonuku","Mangaonuku","040","Rangitīkei","Rangitikei",0.201127153194738,536555048.022642,3.74849055909452e-10
"215600","Makaretu","Makaretu","040","Rangitīkei","Rangitikei",0.983407819377053,789561924.006293,1.24551069330594e-09
"225600","Kaitoke-Fordell","Kaitoke-Fordell","040","Rangitīkei","Rangitikei",2.23047170172696,261311317.683372,8.53568732307874e-09
"226800","Parewanui","Parewanui","040","Rangitīkei","Rangitikei",266938349.868092,266938349.868083,1.00000000000003
"227000","Bulls","Bulls","040","Rangitīkei","Rangitikei",6828771.30797474,6828771.30797663,0.999999999999722
"227100","Kiwitea","Kiwitea","040","Rangitīkei","Rangitikei",785178807.5835,785178807.583493,1.00000000000001
"227200","Tokorangi","Tokorangi","040","Rangitīkei","Rangitikei",271527208.596981,271527208.596988,0.999999999999974
"227400","Oroua Downs","Oroua Downs","040","Rangitīkei","Rangitikei",124618435.457493,124618435.457499,0.999999999999952
"227500","Awahuri","Awahuri","040","Rangitīkei","Rangitikei",124437172.620158,124437172.620166,0.999999999999938
"227600","Pohangina-Apiti","Pohangina-Apiti","040","Rangitīkei","Rangitikei",681604103.516598,681604107.161545,0.999999994652398
"227800","Taikorea","Taikorea","040","Rangitīkei","Rangitikei",152981647.301092,152981647.301096,0.999999999999975
"228000","Sandon","Sandon","040","Rangitīkei","Rangitikei",4486196.52039892,4486196.52040132,0.999999999999465
"228100","Kimbolton North","Kimbolton North","040","Rangitīkei","Rangitikei",4212646.02786176,4212646.02786129,1.00000000000011
"228200","Warwick","Warwick","040","Rangitīkei","Rangitikei",815196.533012989,815196.533012641,1.00000000000043
"228300","Kimbolton West","Kimbolton West","040","Rangitīkei","Rangitikei",1160346.95730104,1160346.9573009,1.00000000000012
"228500","Kimbolton South","Kimbolton South","040","Rangitīkei","Rangitikei",1354461.97839799,1354461.9783976,1.00000000000029
"228600","Kauwhata","Kauwhata","040","Rangitīkei","Rangitikei",154433278.397508,154433279.552676,0.999999992519955
"228700","Taonui","Taonui","040","Rangitīkei","Rangitikei",165766555.401021,165766556.718383,0.999999992052905
"228800","Newbury","Newbury","040","Rangitīkei","Rangitikei",0.889013927599747,34674485.3348552,2.56388499790104e-08
"229400","Whakarongo","Whakarongo","040","Rangitīkei","Rangitikei",0.606513097675489,51234337.1808606,1.18380197939217e-08
"232101","Linton Camp","Linton Camp","040","Rangitīkei","Rangitikei",0.418584186155289,4969988.54670821,8.42223643417712e-08
"232200","Ashhurst","Ashhurst","040","Rangitīkei","Rangitikei",0.2542851833331,4207113.45150225,6.04417223981211e-08
"232501","Pihauatua","Pihauatua","040","Rangitīkei","Rangitikei",105840805.736153,141873873.742999,0.746020411960281
"235000","Makomako","Makomako","040","Rangitīkei","Rangitikei",856549.021477233,856549.021476766,1.00000000000054
"235100","Kawiu North","Kawiu North","040","Rangitīkei","Rangitikei",1757731.06591776,1757731.06591747,1.00000000000017
"235900","Waiopehu","Waiopehu","040","Rangitīkei","Rangitikei",759259.79020226,759259.790202074,1.00000000000024
"236000","Makahika","Makahika","040","Rangitīkei","Rangitikei",170322845.418339,170322845.861562,0.99999999739775
"236100","Kimberley","Kimberley","040","Rangitīkei","Rangitikei",129369150.411701,129369151.811058,0.999999989183224
"236401","Forest Lakes (Kapiti Coast District)","Forest Lakes (Kapiti Coast District)","040","Rangitīkei","Rangitikei",0.720174677922376,34635546.9290222,2.07929350559474e-08
"238200","Tararua Forest Park","Tararua Forest Park","040","Rangitīkei","Rangitikei",1.1129360859663,365625245.420424,3.04392571329849e-09
"255300","Kopuaranga","Kopuaranga","040","Rangitīkei","Rangitikei",0.542289753841661,458036180.324216,1.1839452365047e-09
"256800","Mount Holdsworth","Mount Holdsworth","040","Rangitīkei","Rangitikei",0.033988513508534,432874682.136558,7.85181367983349e-11
"235800","Taitoko","Taitoko","040","Rangitīkei","Rangitikei",920136.672157054,920136.672157366,0.999999999999661
"208001","Puketitiri-Tutira","Puketitiri-Tutira","040","Rangitīkei","Rangitikei",1.23372599811708,2415348328.33348,5.10785953166563e-10
"208100","Sherenden-Crownthorpe","Sherenden-Crownthorpe","040","Rangitīkei","Rangitikei",2.90378247077842,765795889.322843,3.79184912228518e-09
"208200","Maraekakaho","Maraekakaho","040","Rangitīkei","Rangitikei",2.16599988201753,820550693.256433,2.63969051494131e-09
"222900","Tangiwai","Tangiwai","040","Rangitīkei","Rangitikei",205815.759706482,2696655859.40311,7.63225900660673e-05
"223300","Upper Whanganui","Upper Whanganui","040","Rangitīkei","Rangitikei",1.93757952813957,1849886939.5685,1.04740429628176e-09
"226100","Mokai Patea","Mokai Patea","040","Rangitīkei","Rangitikei",2010347134.78664,2474898406.05247,0.812294811726512
"226200","Ngamatea","Ngamatea","040","Rangitīkei","Rangitikei",611572131.956279,611572137.933402,0.999999990226626
"226300","Turakina","Turakina","040","Rangitīkei","Rangitikei",276628885.463173,276628887.401024,0.999999992994762
"226400","Otairi","Otairi","040","Rangitīkei","Rangitikei",514433762.508625,636751527.269291,0.807903460734164
"226500","Taihape","Taihape","040","Rangitīkei","Rangitikei",4934402.67877247,4934402.67877262,0.99999999999997
"226601","Marton Rural","Marton Rural","040","Rangitīkei","Rangitikei",194342746.342507,194342746.342498,1.00000000000004
"226701","Marton North","Marton North","040","Rangitīkei","Rangitikei",6134880.1162789,6134880.11628002,0.999999999999817
"226900","Marton South","Marton South","040","Rangitīkei","Rangitikei",4856237.0549394,4856237.05493895,1.00000000000009
"227300","Ōhakea-Sanson","Ohakea-Sanson","040","Rangitīkei","Rangitikei",82447796.8059828,82447796.8059849,0.999999999999974
"227700","Mount Taylor","Mount Taylor","040","Rangitīkei","Rangitikei",3189340.82796619,3189340.82796553,1.00000000000021
"227900","Makino","Makino","040","Rangitīkei","Rangitikei",1713615.44840665,1713615.44840658,1.00000000000005
"228400","Feilding Central","Feilding Central","040","Rangitīkei","Rangitikei",6659962.42373621,6659962.42373802,0.999999999999729
"232800","Norsewood","Norsewood","040","Rangitīkei","Rangitikei",0.696131902120917,397437273.716634,1.7515516237595e-09
"232900","Papatawa","Papatawa","040","Rangitīkei","Rangitikei",0.739148354510559,230054403.270268,3.21292852474641e-09
"233000","Mangatainoka","Mangatainoka","040","Rangitīkei","Rangitikei",2.04334935761297,496887058.819444,4.11230142010092e-09
"233700","Nireaha-Eketāhuna","Nireaha-Eketahuna","040","Rangitīkei","Rangitikei",0.961059764593567,892637947.415264,1.07665125303761e-09
"234001","Kere Kere","Kere Kere","040","Rangitīkei","Rangitikei",229650053.439411,229650053.439412,0.999999999999998
"234100","Foxton Beach","Foxton Beach","040","Rangitīkei","Rangitikei",2641793.98862607,2641793.98862638,0.999999999999881
"234201","Foxton North","Foxton North","040","Rangitīkei","Rangitikei",6539077.66435239,6539077.66435204,1.00000000000005
"234301","Foxton South","Foxton South","040","Rangitīkei","Rangitikei",4035507.8429102,4035507.84291017,1.00000000000001
"234400","Waitarere","Waitarere","040","Rangitīkei","Rangitikei",94702674.73757,94702674.737571,0.99999999999999
"234500","Waikawa (Horowhenua District)","Waikawa (Horowhenua District)","040","Rangitīkei","Rangitikei",62171347.5394272,62171347.7452473,0.99999999668947
"234600","Miranui","Miranui","040","Rangitīkei","Rangitikei",296873871.922675,296873873.373461,0.999999995113125
"234700","Donnelly Park","Donnelly Park","040","Rangitīkei","Rangitikei",1903632.4412402,1903632.4412392,1.00000000000052
"234801","Ōhau-Manakau","Ohau-Manakau","040","Rangitīkei","Rangitikei",41733832.0428709,41733832.2049791,0.999999996115664
"234900","Kawiu South","Kawiu South","040","Rangitīkei","Rangitikei",1023869.48004477,1023869.48004493,0.999999999999844
"235200","Levin Central","Levin Central","040","Rangitīkei","Rangitikei",1047588.90283267,1047588.90283306,0.999999999999631
"235400","Shannon","Shannon","040","Rangitīkei","Rangitikei",2944099.5650068,2944099.56500624,1.00000000000019
"235500","Queenwood (Horowhenua District)","Queenwood (Horowhenua District)","040","Rangitīkei","Rangitikei",826057.542322922,826057.542322557,1.00000000000044
"235600","Playford Park","Playford Park","040","Rangitīkei","Rangitikei",851759.902944588,851759.902944426,1.00000000000019
"235700","Fairfield (Horowhenua District)","Fairfield (Horowhenua District)","040","Rangitīkei","Rangitikei",1738548.14067474,1738548.1406749,0.999999999999905
"235301","Tararua","Tararua","040","Rangitīkei","Rangitikei",11229285.5222466,11229285.5222457,1.00000000000008
"259300","Oceanic Manawatū-Whanganui Region West","Oceanic Manawatu-Whanganui Region West","040","Rangitīkei","Rangitikei",1480389466.30498,2088905238.4651,0.708691538057873
"242300","Mangaroa","Mangaroa","041","Remutaka","Remutaka",154570774.314126,154570775.860291,0.999999989997038
"238200","Tararua Forest Park","Tararua Forest Park","041","Remutaka","Remutaka",1.29369745821647,365625245.420424,3.53831545939582e-09
"239401","Pāuatahanui","Pauatahanui","041","Remutaka","Remutaka",47.8155460484798,75729803.5358457,6.3139667364708e-07
"241200","Akatarawa","Akatarawa","041","Remutaka","Remutaka",264049268.687772,334148522.965056,0.790215280153685
"241300","Riverstone Terraces","Riverstone Terraces","041","Remutaka","Remutaka",2236270.96381189,2236270.99110251,0.999999987796375
"241400","Heretaunga","Heretaunga","041","Remutaka","Remutaka",3260946.29184914,3260946.29184893,1.00000000000007
"241500","Birchville-Brown Owl","Birchville-Brown Owl","041","Remutaka","Remutaka",8985205.12626833,8985205.12626993,0.999999999999821
"242100","Totara Park","Totara Park","041","Remutaka","Remutaka",1724062.7545977,1724062.75459773,0.999999999999982
"242200","Trentham South","Trentham South","041","Remutaka","Remutaka",8124783.60295208,8124783.60295023,1.00000000000023
"242500","Wallaceville","Wallaceville","041","Remutaka","Remutaka",701706.143965008,701706.14396511,0.999999999999854
"242800","Pinehaven","Pinehaven","041","Remutaka","Remutaka",5590861.8704509,5590861.87045005,1.00000000000015
"243100","Belmont Park","Belmont Park","041","Remutaka","Remutaka",6439033.59637635,29456596.3489531,0.218593944802628
"243400","Kelson","Kelson","041","Remutaka","Remutaka",0.347803428972342,5358510.68002366,6.49067343037947e-08
"243600","Belmont (Lower Hutt City)","Belmont (Lower Hutt City)","041","Remutaka","Remutaka",421775.157627104,2361888.42717446,0.178575394491295
"243900","Manor Park","Manor Park","041","Remutaka","Remutaka",1592363.868647,1592363.88071412,0.999999992421884
"244600","Taita South","Taita South","041","Remutaka","Remutaka",3399556.08617177,3399556.1356282,0.999999985452092
"245100","Epuni West","Epuni West","041","Remutaka","Remutaka",99623.5270450952,986811.122818433,0.100955010276496
"246200","Naenae North","Naenae North","041","Remutaka","Remutaka",2608144.50485146,2608144.50485135,1.00000000000004
"246800","Pencarrow","Pencarrow","041","Remutaka","Remutaka",8803635.09055279,268400088.362049,0.0328004180038773
"257300","Tauherenikau","Tauherenikau","041","Remutaka","Remutaka",1.04863889926604,337662734.585962,3.10558078181731e-09
"257400","Kahutara","Kahutara","041","Remutaka","Remutaka",1.08537010902959,464592047.931469,2.33617883444636e-09
"244100","Taita North","Taita North","041","Remutaka","Remutaka",1145039.30472993,1145039.33950983,0.999999969625588
"244200","Boulcott","Boulcott","041","Remutaka","Remutaka",808520.011648712,1582129.50278259,0.511032763264143
"241600","Poets Block","Poets Block","041","Remutaka","Remutaka",1242438.00097742,1242438.00097856,0.999999999999083
"241700","Brentwood (Upper Hutt City)","Brentwood (Upper Hutt City)","041","Remutaka","Remutaka",982663.046411462,982663.04641074,1.00000000000073
"244400","Avalon West","Avalon West","041","Remutaka","Remutaka",1211439.25315044,1211439.2531507,0.999999999999787
"241800","Silverstream (Upper Hutt City)","Silverstream (Upper Hutt City)","041","Remutaka","Remutaka",2644138.79722134,2644138.797222,0.99999999999975
"242600","Maoribank","Maoribank","041","Remutaka","Remutaka",3485697.44168043,3485697.44168068,0.99999999999993
"242700","Te Marua","Te Marua","041","Remutaka","Remutaka",5463374.80456625,5463374.80456704,0.999999999999857
"241900","Elderslea","Elderslea","041","Remutaka","Remutaka",1395288.87927472,1395288.87927472,0.999999999999996
"242000","Trentham North","Trentham North","041","Remutaka","Remutaka",1023865.66544364,1023865.66544359,1.00000000000005
"242400","Ebdentown","Ebdentown","041","Remutaka","Remutaka",911081.051730965,911081.051730798,1.00000000000018
"242900","Clouston Park","Clouston Park","041","Remutaka","Remutaka",1151048.64521866,1151048.64521857,1.00000000000008
"243000","Upper Hutt Central","Upper Hutt Central","041","Remutaka","Remutaka",2236836.06304339,2236836.06304337,1.00000000000001
"244500","Stokes Valley Central","Stokes Valley Central","041","Remutaka","Remutaka",1489474.52896596,1489474.52896597,0.999999999999993
"244900","Stokes Valley North","Stokes Valley North","041","Remutaka","Remutaka",4795917.38684615,4795917.38684596,1.00000000000004
"245200","Avalon East","Avalon East","041","Remutaka","Remutaka",813839.668255204,813839.668255179,1.00000000000003
"245400","Naenae Central","Naenae Central","041","Remutaka","Remutaka",1385227.48306262,1385227.4830633,0.999999999999507
"246400","Naenae South","Naenae South","041","Remutaka","Remutaka",1182241.41910708,1182241.41910685,1.0000000000002
"245600","Epuni East","Epuni East","041","Remutaka","Remutaka",872916.439270634,1003818.76639809,0.869595656597298
"245900","Delaney","Delaney","041","Remutaka","Remutaka",2068442.69941882,2068442.69941892,0.999999999999954
"246100","Waterloo East","Waterloo East","041","Remutaka","Remutaka",0.005262585469634,1081460.91137505,4.86618186037142e-09
"246300","Manuka","Manuka","041","Remutaka","Remutaka",1314307.85482715,1314307.85482719,0.999999999999969
"246500","Towai","Towai","041","Remutaka","Remutaka",455606.283724953,5007263.62309503,0.0909890746761481
"200300","Victoria","Victoria","042","Rotorua","Rotorua",517682.165759539,517682.165759717,0.999999999999655
"185900","Putāruru Rural","Putaruru Rural","042","Rotorua","Rotorua",1.13210596972107,555792932.205006,2.03692041428027e-09
"186100","Kinleith","Kinleith","042","Rotorua","Rotorua",1.92976096098479,947519413.653779,2.0366453005362e-09
"189800","Rangataiki","Rangataiki","042","Rotorua","Rotorua",0.262779323986579,996271436.963284,2.63762780139067e-10
"192000","Rangiuru","Rangiuru","042","Rotorua","Rotorua",102283760.273823,220472450.298909,0.46392989298731
"192102","Te Puke South","Te Puke South","042","Rotorua","Rotorua",1844466.71415693,1844466.71415655,1.0000000000002
"196700","Welcome Bay East","Welcome Bay East","042","Rotorua","Rotorua",0.136145938213939,3690024.64377448,3.68956718063209e-08
"198700","Rotoiti-Rotoehu","Rotoiti-Rotoehu","042","Rotorua","Rotorua",467956847.676352,467956850.064754,0.999999994896105
"198800","Kawaha","Kawaha","042","Rotorua","Rotorua",1031741.50856995,1031741.50857017,0.999999999999779
"199200","Pukehangi South","Pukehangi South","042","Rotorua","Rotorua",1111828.53485391,1111828.53485449,0.999999999999482
"199700","Fordlands","Fordlands","042","Rotorua","Rotorua",988010.891806529,988010.89180894,0.99999999999756
"199800","Kuirau","Kuirau","042","Rotorua","Rotorua",1213179.5674202,1213179.56741916,1.00000000000085
"199900","Utuhina","Utuhina","042","Rotorua","Rotorua",671367.913689519,671367.913689539,0.999999999999971
"200000","Pomare","Pomare","042","Rotorua","Rotorua",1368242.82528236,1368242.82528266,0.999999999999778
"200100","Rotorua Central","Rotorua Central","042","Rotorua","Rotorua",1773816.34232015,1773816.34231993,1.00000000000012
"200200","Hillcrest (Rotorua District)","Hillcrest (Rotorua District)","042","Rotorua","Rotorua",814579.842899212,814579.842899268,0.999999999999932
"200800","Glenholme South","Glenholme South","042","Rotorua","Rotorua",876717.997918271,876717.99791834,0.999999999999921
"200900","Ōwhata West","Owhata West","042","Rotorua","Rotorua",3328294.33452012,3328294.33451819,1.00000000000058
"201001","Holdens Bay-Rotokawa","Holdens Bay-Rotokawa","042","Rotorua","Rotorua",5495766.39902079,5495766.39901926,1.00000000000028
"201401","Ōwhata East","Owhata East","042","Rotorua","Rotorua",2507125.54333895,2507125.54333819,1.0000000000003
"201600","Ngakuru","Ngakuru","042","Rotorua","Rotorua",446443638.641217,446443641.227724,0.999999994206422
"201700","Kaingaroa-Whakarewarewa","Kaingaroa-Whakarewarewa","042","Rotorua","Rotorua",530655441.143404,530655442.750636,0.999999996971233
"201800","Golden Springs","Golden Springs","042","Rotorua","Rotorua",498916048.91043,498916052.614181,0.999999992576403
"201900","Manawahe","Manawahe","042","Rotorua","Rotorua",0.318996039581003,267003337.094499,1.19472678900677e-09
"196100","Pyes Pa East","Pyes Pa East","042","Rotorua","Rotorua",0.0536437126952284,2430103.98468557,2.20746573123163e-08
"187800","Ohakuri","Ohakuri","042","Rotorua","Rotorua",2.43050483496179,542950685.91341,4.47647437975502e-09
"188200","Wairākei-Broadlands","Wairakei-Broadlands","042","Rotorua","Rotorua",0.879020156569786,409994934.322673,2.14397809090485e-09
"191400","Kaimai","Kaimai","042","Rotorua","Rotorua",1530855.68577853,327886947.311976,0.00466885217093428
"191501","Kopurererua","Kopurererua","042","Rotorua","Rotorua",8372600.05270915,14099532.6876263,0.593821103025417
"191502","Keenan Road","Keenan Road","042","Rotorua","Rotorua",0.09289279756604,2593263.77447693,3.58208056119462e-08
"191601","Waitao","Waitao","042","Rotorua","Rotorua",73168162.1989783,75762155.7356622,0.965761355237377
"191700","Waiorohi","Waiorohi","042","Rotorua","Rotorua",152656821.767901,152656822.826263,0.999999993067051
"191801","Otawa","Otawa","042","Rotorua","Rotorua",152243855.701761,152279189.709593,0.999767965616975
"191901","Te Puke West","Te Puke West","042","Rotorua","Rotorua",8110481.49121837,8110481.49121871,0.999999999999959
"192101","Te Puke East","Te Puke East","042","Rotorua","Rotorua",2176622.53668432,2176622.58658774,0.999999977072999
"192500","Pongakawa","Pongakawa","042","Rotorua","Rotorua",1.51043598157632,389029894.090493,3.88257047728311e-09
"197300","Doncaster","Doncaster","042","Rotorua","Rotorua",0.0805957028761846,2891341.7968537,2.78748444628329e-08
"196301","Kaitemako","Kaitemako","042","Rotorua","Rotorua",0.165502943596576,3743296.98796987,4.4213147962469e-08
"196400","Ohauiti","Ohauiti","042","Rotorua","Rotorua",0.127662465215403,3405577.08647897,3.74862943852471e-08
"196500","Baypark-Kairua","Baypark-Kairua","042","Rotorua","Rotorua",0.286977054800918,12932215.8812182,2.21908648476633e-08
"199100","Pukehangi North","Pukehangi North","042","Rotorua","Rotorua",1181940.66197996,1181940.66198025,0.999999999999758
"199300","Mangakakahi Central","Mangakakahi Central","042","Rotorua","Rotorua",1791591.83332675,1791591.83332607,1.00000000000038
"199400","Koutu","Koutu","042","Rotorua","Rotorua",962184.711282977,962184.711283734,0.999999999999213
"195601","Pyes Pa South","Pyes Pa South","042","Rotorua","Rotorua",0.000400747463322942,2343074.68567595,1.71034865330096e-10
"196900","Welcome Bay South","Welcome Bay South","042","Rotorua","Rotorua",0.245067885272624,3108467.516378,7.88388117235912e-08
"200600","Springfield South","Springfield South","042","Rotorua","Rotorua",1186679.43487811,1186679.43487824,0.999999999999886
"200700","Springfield North","Springfield North","042","Rotorua","Rotorua",1301375.59870277,1301375.59870409,0.999999999998982
"197601","Wairakei West","Wairakei West","042","Rotorua","Rotorua",0.078459617953678,1590330.06614459,4.93354301877008e-08
"197602","Wairakei Central","Wairakei Central","042","Rotorua","Rotorua",0.00590003664655936,1371985.38698177,4.30036405820535e-09
"197603","Wairakei East-Te Tumu","Wairakei East-Te Tumu","042","Rotorua","Rotorua",0.0431476182355553,9944619.87846827,4.33879009583634e-09
"197700","Tui Ridge","Tui Ridge","042","Rotorua","Rotorua",220921389.297274,220921390.176614,0.999999996019672
"197800","Arahiwi","Arahiwi","042","Rotorua","Rotorua",62855877.7876004,62855879.1921491,0.999999977654457
"197900","Ngongotahā Valley","Ngongotaha Valley","042","Rotorua","Rotorua",177504950.050335,177504950.567438,0.999999997086829
"198000","Hamurana","Hamurana","042","Rotorua","Rotorua",8355143.8660758,8355143.86607603,0.999999999999973
"198100","Ngongotahā East","Ngongotaha East","042","Rotorua","Rotorua",2871777.55813932,2871777.5581376,1.0000000000006
"198200","Ngongotahā West","Ngongotaha West","042","Rotorua","Rotorua",1444562.01884663,1444562.0188504,0.999999999997385
"198300","Inland water Lake Rotorua","Inland water Lake Rotorua","042","Rotorua","Rotorua",81051081.1432619,81051081.1432631,0.999999999999986
"198400","Ngongotahā South","Ngongotaha South","042","Rotorua","Rotorua",8590075.64633589,8590075.64633451,1.00000000000016
"198500","Selwyn Heights","Selwyn Heights","042","Rotorua","Rotorua",894646.541932144,894646.541931827,1.00000000000035
"198600","Pleasant Heights","Pleasant Heights","042","Rotorua","Rotorua",1348416.08651368,1348416.0865132,1.00000000000035
"198900","Fairy Springs","Fairy Springs","042","Rotorua","Rotorua",736637.874226237,736637.874225968,1.00000000000036
"199000","Western Heights (Rotorua District)","Western Heights (Rotorua District)","042","Rotorua","Rotorua",1028064.76584956,1028064.76585017,0.999999999999413
"199500","Mangakakahi West","Mangakakahi West","042","Rotorua","Rotorua",1017223.98119539,1017223.98119518,1.00000000000021
"199600","Sunnybrook","Sunnybrook","042","Rotorua","Rotorua",2085826.50105274,2085826.50105283,0.999999999999955
"200401","Waiohewa","Waiohewa","042","Rotorua","Rotorua",65505136.3958877,65505136.3958994,0.999999999999821
"200500","Glenholme North","Glenholme North","042","Rotorua","Rotorua",843251.813740489,843251.813740499,0.999999999999989
"201100","Ngapuna","Ngapuna","042","Rotorua","Rotorua",3490228.02965758,3490228.02965788,0.999999999999915
"201200","Fenton Park","Fenton Park","042","Rotorua","Rotorua",1010872.66648444,1010872.66648412,1.00000000000032
"201501","Lynmore","Lynmore","042","Rotorua","Rotorua",2198423.62889959,2198423.62889973,0.999999999999936
"201300","Tihiotonga-Whakarewarewa","Tihiotonga-Whakarewarewa","042","Rotorua","Rotorua",3284005.59896071,3284005.59896078,0.99999999999998
"202100","Onepu Spring","Onepu Spring","042","Rotorua","Rotorua",0.102043752634167,94579614.1038923,1.07891910535896e-09
"203400","Galatea","Galatea","042","Rotorua","Rotorua",2.00202157625386,2198836475.34587,9.10491343354193e-10
"312001","Hokitika Valley-Otira","Hokitika Valley-Otira","043","Selwyn","Selwyn",5.24954604914111,1634958321.55442,3.21081337666771e-09
"312100","Hanmer Range","Hanmer Range","043","Selwyn","Selwyn",2.98760853786524,3622674657.39318,8.24696893983594e-10
"313000","Okuku","Okuku","043","Selwyn","Selwyn",2.04618348028217,834793132.301034,2.45112639420265e-09
"316401","McLeans Island","McLeans Island","043","Selwyn","Selwyn",0.263370935982602,74915804.4780135,3.51555907084862e-09
"332801","Teddington","Teddington","043","Selwyn","Selwyn",0.327122066546321,47416832.1863424,6.8988595708117e-09
"334200","Bankside","Bankside","043","Selwyn","Selwyn",359563122.600508,359563123.7997,0.999999996664866
"334300","Charing Cross","Charing Cross","043","Selwyn","Selwyn",168678295.734448,168678295.734448,1
"334400","Halkett","Halkett","043","Selwyn","Selwyn",86012083.4553762,86012085.0832401,0.99999998107401
"335001","Springston","Springston","043","Selwyn","Selwyn",118273167.488211,118273167.488212,0.99999999999999
"335301","Rolleston South West","Rolleston South West","043","Selwyn","Selwyn",1862335.50356487,1862335.50356492,0.999999999999977
"335400","Southbridge","Southbridge","043","Selwyn","Selwyn",361569559.30292,361569560.385582,0.999999997005659
"335800","Irwell","Irwell","043","Selwyn","Selwyn",128150621.428971,128150621.42897,1
"335901","Ladbrooks","Ladbrooks","043","Selwyn","Selwyn",34970337.1628914,49764166.840388,0.702721242677569
"336101","Lincoln North","Lincoln North","043","Selwyn","Selwyn",2932653.33590229,2932653.33590255,0.999999999999909
"337200","Chertsey","Chertsey","043","Selwyn","Selwyn",1.72088796271971,572515376.690703,3.00583710548862e-09
"313100","Ashley Gorge","Ashley Gorge","043","Selwyn","Selwyn",2.61113432241513,336414272.285992,7.76166333453105e-09
"313500","Eyrewell","Eyrewell","043","Selwyn","Selwyn",0.899888200130255,272107617.825276,3.30710403230271e-09
"312400","Upper Hurunui","Upper Hurunui","043","Selwyn","Selwyn",0.193344290539079,1004959578.34112,1.92390116683331e-10
"316500","Paparua","Paparua","043","Selwyn","Selwyn",0.157463771042192,23341630.7125747,6.74604842228791e-09
"329001","Kennedys Bush","Kennedys Bush","043","Selwyn","Selwyn",0.162835501448744,9879899.98101487,1.64814929059653e-08
"334700","Burnham Camp","Burnham Camp","043","Selwyn","Selwyn",1494790.52306566,1494790.5230662,0.999999999999637
"334801","Rolleston Izone","Rolleston Izone","043","Selwyn","Selwyn",4070264.35074831,4070264.35074814,1.00000000000004
"334901","Rolleston North Central","Rolleston North Central","043","Selwyn","Selwyn",1506389.47778231,1506389.47778206,1.00000000000017
"335101","Rolleston Central","Rolleston Central","043","Selwyn","Selwyn",1649298.4008891,1649298.40088959,0.999999999999704
"335201","Rolleston Tauwharekākaho","Rolleston Tauwharekakaho","043","Selwyn","Selwyn",1383429.85239292,1383429.85239258,1.00000000000024
"331600","Port Hills","Port Hills","043","Selwyn","Selwyn",0.0425796162843001,44455661.4765079,9.57799633839681e-10
"335202","Rolleston North East","Rolleston North East","043","Selwyn","Selwyn",1592644.02235552,1592644.02235513,1.00000000000024
"335302","Rolleston South Central","Rolleston South Central","043","Selwyn","Selwyn",1564279.09915174,1564279.09915113,1.00000000000039
"335501","Faringdon","Faringdon","043","Selwyn","Selwyn",3566075.61269318,3566075.61269417,0.999999999999723
"335502","Rolleston South East","Rolleston South East","043","Selwyn","Selwyn",6517982.79517889,6517982.79517991,0.999999999999844
"333000","Inland water Lake Ellesmere/Te Waihora South","Inland water Lake Ellesmere/Te Waihora South","043","Selwyn","Selwyn",0.589319204920909,63307833.7515765,9.30878802824672e-09
"333100","Banks Peninsula South","Banks Peninsula South","043","Selwyn","Selwyn",0.678012011065512,377862911.476893,1.79433331632224e-09
"333600","Craigieburn","Craigieburn","043","Selwyn","Selwyn",3444256208.53334,3444256221.98554,0.999999996094308
"333700","Torlesse","Torlesse","043","Selwyn","Selwyn",414278299.586586,414278301.269774,0.99999999593706
"333800","Glenroy-Hororata","Glenroy-Hororata","043","Selwyn","Selwyn",644256885.45767,644256887.075469,0.999999997488892
"333901","Glentunnel","Glentunnel","043","Selwyn","Selwyn",157167791.420881,157167791.420881,1
"334001","Darfield","Darfield","043","Selwyn","Selwyn",17580526.2680564,17580526.2680581,0.999999999999903
"334100","Kirwee","Kirwee","043","Selwyn","Selwyn",97189001.1198094,97189001.9869702,0.999999991077584
"334501","Newtons Road","Newtons Road","043","Selwyn","Selwyn",153830332.835484,153830333.03582,0.999999998697682
"334601","West Melton","West Melton","043","Selwyn","Selwyn",2989836.53054428,2989836.53054431,0.99999999999999
"335600","Trents","Trents","043","Selwyn","Selwyn",33963279.4356271,50016824.1123327,0.679037104781964
"336001","Lincoln West","Lincoln West","043","Selwyn","Selwyn",3078876.0412096,3078876.04120907,1.00000000000017
"336002","Lincoln South","Lincoln South","043","Selwyn","Selwyn",1836665.99601261,1836665.99601245,1.00000000000009
"336102","Lincoln East","Lincoln East","043","Selwyn","Selwyn",2053870.79741868,2053870.79741841,1.00000000000013
"336200","Leeston","Leeston","043","Selwyn","Selwyn",2436612.33581847,2436612.33581803,1.00000000000018
"336301","Tai Tapu","Tai Tapu","043","Selwyn","Selwyn",56801120.1129692,56801121.2145356,0.999999980606609
"336400","Motukarara","Motukarara","043","Selwyn","Selwyn",64666227.6182445,64666228.0610086,0.999999993153086
"336500","Inland water Lake Ellesmere/Te Waihora North","Inland water Lake Ellesmere/Te Waihora North","043","Selwyn","Selwyn",135007255.470281,135007255.532856,0.999999999536513
"336600","Ashburton Lakes","Ashburton Lakes","043","Selwyn","Selwyn",2.70332764352704,3002097214.62989,9.00479714765105e-10
"336701","Cairnbrae","Cairnbrae","043","Selwyn","Selwyn",1.88045073050385,541213245.254152,3.47450981104647e-09
"337600","Rākaia","Rakaia","043","Selwyn","Selwyn",0.287752437315127,11301377.0475438,2.54617146304012e-08
"363800","Oceanic Canterbury Region","Oceanic Canterbury Region","043","Selwyn","Selwyn",277310151.68574,11440033258.8297,0.0242403274021695
"346201","Outer Wakatipu","Outer Wakatipu","044","Southland","Southland",1862927331.92764,1862927337.79659,0.999999996849607
"346400","Cardrona","Cardrona","044","Southland","Southland",3.17430193822192,857850701.29812,3.70029648914256e-09
"347300","Kingston","Kingston","044","Southland","Southland",1012537973.56007,1012537973.56007,0.999999999999999
"344800","Lindis-Nevis Valleys","Lindis-Nevis Valleys","044","Southland","Southland",682041023.667512,2905073357.43603,0.234775835151188
"345100","Manuherikia-Ida Valleys","Manuherikia-Ida Valleys","044","Southland","Southland",473831350.048935,2511679021.01095,0.188651235323142
"345200","Earnscleugh","Earnscleugh","044","Southland","Southland",393403383.131697,393403384.032043,0.999999997711391
"345300","Dunstan-Galloway","Dunstan-Galloway","044","Southland","Southland",289704273.445879,444464738.19658,0.651804853229429
"345500","Alexandra North","Alexandra North","044","Southland","Southland",4608022.39510275,4608022.39510293,0.999999999999961
"345600","Alexandra South","Alexandra South","044","Southland","Southland",5152928.51294232,5152928.51294292,0.999999999999884
"345700","Maniototo","Maniototo","044","Southland","Southland",132837860.765106,2370981769.1458,0.0560265213734493
"345800","Teviot Valley","Teviot Valley","044","Southland","Southland",1314919082.22961,1314919085.00967,0.999999997885755
"345900","Outer Wānaka","Outer Wanaka","044","Southland","Southland",3.98935495854141,3176103721.35043,1.25605311052159e-09
"346000","Glenorchy","Glenorchy","044","Southland","Southland",1463233091.9856,1463233093.70835,0.999999998822636
"347401","Arthurs Point","Arthurs Point","044","Southland","Southland",4178109.68488468,4178109.68488519,0.999999999999878
"347501","Wakatipu Basin","Wakatipu Basin","044","Southland","Southland",57724199.4909813,57724199.4909811,1
"347700","Warren Park","Warren Park","044","Southland","Southland",936458.935353079,936458.935353037,1.00000000000004
"347801","Sunshine Bay-Fernhill","Sunshine Bay-Fernhill","044","Southland","Southland",13211936.9658659,13211936.9658617,1.00000000000032
"348801","Lake Hayes Estate","Lake Hayes Estate","044","Southland","Southland",2740681.83107598,2740681.83107568,1.00000000000011
"348901","Jacks Point","Jacks Point","044","Southland","Southland",21007291.8113976,21007291.8113992,0.999999999999923
"349000","Strath Taieri","Strath Taieri","044","Southland","Southland",1.18659007493266,2115021896.5556,5.61029688092153e-10
"355800","West Otago","West Otago","044","Southland","Southland",1374705864.46987,1374705866.59986,0.999999998450586
"355900","Tuapeka","Tuapeka","044","Southland","Southland",3.99432537659343,1256722691.62544,3.17836655867747e-09
"356000","Clinton","Clinton","044","Southland","Southland",839699895.948697,839699899.564993,0.999999995693348
"356100","Clutha Valley","Clutha Valley","044","Southland","Southland",3.1424689111329,747350854.311604,4.20481075655889e-09
"356300","Catlins","Catlins","044","Southland","Southland",1066235012.65904,1072985196.04619,0.99370896876115
"360400","Mataura","Mataura","044","Southland","Southland",5322659.67828056,5322659.67828075,0.999999999999965
"311200","Haast","Haast","044","Southland","Southland",4.90663216461251,4106909275.52458,1.19472621269087e-09
"348100","Queenstown Central","Queenstown Central","044","Southland","Southland",806739.279993495,806739.279993691,0.999999999999758
"348200","Queenstown East","Queenstown East","044","Southland","Southland",975813.298982453,975813.298981163,1.00000000000132
"348300","Frankton Arm","Frankton Arm","044","Southland","Southland",1225167.30269325,1225167.30269372,0.999999999999614
"348400","Frankton","Frankton","044","Southland","Southland",7562676.62328928,7562676.62328892,1.00000000000005
"348500","Lake Hayes","Lake Hayes","044","Southland","Southland",8762194.57405889,8762194.57405897,0.99999999999999
"348600","Kelvin Heights","Kelvin Heights","044","Southland","Southland",9275524.04280931,9275524.04280895,1.00000000000004
"359900","Gore West","Gore West","044","Southland","Southland",3154614.55153002,3154614.55152994,1.00000000000003
"360000","East Gore","East Gore","044","Southland","Southland",3698536.10482992,3698536.10483103,0.9999999999997
"360100","Gore Central","Gore Central","044","Southland","Southland",1028991.57724041,1028991.57723991,1.00000000000049
"360200","Gore Main","Gore Main","044","Southland","Southland",608473.022475235,608473.02247506,1.00000000000029
"360300","Gore South","Gore South","044","Southland","Southland",3543671.30546434,3543671.3054634,1.00000000000026
"345400","Clyde","Clyde","044","Southland","Southland",2080729.3276639,2080729.32766443,0.999999999999745
"346500","Inland water Lake Wakatipu","Inland water Lake Wakatipu","044","Southland","Southland",295756198.606045,295756198.606056,0.999999999999961
"347600","Queenstown Hill","Queenstown Hill","044","Southland","Southland",15377085.991928,15377085.9919282,0.999999999999988
"347901","Arrowtown","Arrowtown","044","Southland","Southland",3605879.33572318,3605879.33572391,0.999999999999797
"348000","Quail Rise","Quail Rise","044","Southland","Southland",6268981.9069184,6268981.90691857,0.999999999999973
"348700","Shotover Country","Shotover Country","044","Southland","Southland",3039369.7382201,3039369.73821972,1.00000000000013
"358100","Riversdale-Piano Flat","Riversdale-Piano Flat","044","Southland","Southland",1579094410.85501,1579094410.855,1
"358200","Lumsden-Balfour","Lumsden-Balfour","044","Southland","Southland",767610752.53532,767610752.535314,1.00000000000001
"358300","Oreti River","Oreti River","044","Southland","Southland",629893463.872531,629893466.242743,0.999999996237122
"358400","Ōtautau","Otautau","044","Southland","Southland",0.719092910657716,704547922.364847,1.02064442720099e-09
"358500","Hedgehope","Hedgehope","044","Southland","Southland",542356872.362743,729256258.922448,0.74371233119635
"358600","Winton","Winton","044","Southland","Southland",3077200.93205769,3077200.93205792,0.999999999999925
"358700","Waianiwa","Waianiwa","044","Southland","Southland",1.26325271160497,228651999.016977,5.52478315097159e-09
"359100","Edendale-Woodlands","Edendale-Woodlands","044","Southland","Southland",0.184654823329605,385396410.399492,4.79129587995374e-10
"359500","Wyndham-Catlins","Wyndham-Catlins","044","Southland","Southland",5.14587748686009,1382628480.63973,3.7218078167167e-09
"359600","Waikaka","Waikaka","044","Southland","Southland",586745623.922859,586745623.922855,1.00000000000001
"359700","Waimumu-Kaiwera","Waimumu-Kaiwera","044","Southland","Southland",648016204.410954,648016207.151921,0.999999995770219
"359800","Gore North","Gore North","044","Southland","Southland",1727814.68749636,1727814.68749607,1.00000000000017
"356900","Inlet Catlins","Inlet Catlins","044","Southland","Southland",7232401.89155229,7232401.89155184,1.00000000000006
"357000","Fiordland","Fiordland","044","Southland","Southland",9523514955.98267,12119462100.5936,0.785803435576255
"357100","Inlets Fiordland","Inlets Fiordland","044","Southland","Southland",623084158.073087,826253972.245827,0.754107307199375
"357200","Inland water Lake Te Ānau","Inland water Lake Te Anau","044","Southland","Southland",344402991.004665,344402991.004651,1.00000000000004
"357300","Mararoa","Mararoa","044","Southland","Southland",2727732216.70845,2727732217.94349,0.999999999547228
"357400","Inland water Lake Manapouri","Inland water Lake Manapouri","044","Southland","Southland",138847654.593679,138847654.593676,1.00000000000002
"357501","Te Ānau","Te Anau","044","Southland","Southland",6656906.80104559,6656906.8010454,1.00000000000003
"357601","Whitestone","Whitestone","044","Southland","Southland",89940703.3365089,89940703.3365088,1
"357700","Mossburn","Mossburn","044","Southland","Southland",2740568898.2911,2740568900.8737,0.999999999057638
"357900","Longwood Forest","Longwood Forest","044","Southland","Southland",2.61808668765752,2233663564.45872,1.17210430850716e-09
"358000","Ōhai-Nightcaps","Ohai-Nightcaps","044","Southland","Southland",5.1053547769575,948798957.685147,5.38086044003821e-09
"363700","Oceanic Southland Region","Oceanic Southland Region","044","Southland","Southland",5945933306.2975,22397238057.3074,0.265476184656508
"363900","Oceanic Otago Region","Oceanic Otago Region","044","Southland","Southland",1583264065.45362,6537893947.41588,0.24216729090251
"350801","Inlet Otago Harbour","Inlet Otago Harbour","045","Taieri","Taieri",0.0134694359094255,47546000.9079103,2.83292719728707e-10
"350900","Brockville","Brockville","045","Taieri","Taieri",0.0728208865201459,1471237.63927551,4.94963455094891e-08
"352500","Waldronville","Waldronville","045","Taieri","Taieri",9538205.33217445,9538205.33217362,1.00000000000009
"353500","Maryhill","Maryhill","045","Taieri","Taieri",0.110838322916803,1235100.5103182,8.9740326387079e-08
"353701","Harbourside","Harbourside","045","Taieri","Taieri",0.00808768735914461,2822746.6146331,2.86518361840135e-09
"353900","Otago Peninsula","Otago Peninsula","045","Taieri","Taieri",0.046738400074027,84955852.8756323,5.50149265671522e-10
"354200","Caversham","Caversham","045","Taieri","Taieri",712069.973842394,712070.061925811,0.999999876299508
"345700","Maniototo","Maniototo","045","Taieri","Taieri",4.94113309646511,2370981769.1458,2.08400299013909e-09
"345800","Teviot Valley","Teviot Valley","045","Taieri","Taieri",1.60271271228342,1314919085.00967,1.21886793685988e-09
"349000","Strath Taieri","Strath Taieri","045","Taieri","Taieri",2115021888.27436,2115021896.5556,0.999999996084559
"349100","Bucklands Crossing","Bucklands Crossing","045","Taieri","Taieri",1.0796020170712,421956294.225413,2.55856360444398e-09
"350100","Wingatui","Wingatui","045","Taieri","Taieri",6842726.3028715,6842726.30287215,0.999999999999906
"350201","Saddle Hill-Chain Hills","Saddle Hill-Chain Hills","045","Taieri","Taieri",45249340.0104482,47612619.0027454,0.950364440314427
"350401","Halfway Bush","Halfway Bush","045","Taieri","Taieri",0.0561881319548201,1458108.7343445,3.85349395633926e-08
"351100","Abbotsford","Abbotsford","045","Taieri","Taieri",2364568.7351838,2364568.73518379,1
"354600","Forbury","Forbury","045","Taieri","Taieri",555073.792615992,555073.792615944,1.00000000000009
"354901","Waverley (Dunedin City)","Waverley (Dunedin City)","045","Taieri","Taieri",0.0221220342941117,2146766.93445604,1.03048141552064e-08
"355200","St Kilda South","St Kilda South","045","Taieri","Taieri",1136200.35269981,1136200.35269986,0.999999999999954
"355600","Andersons Bay","Andersons Bay","045","Taieri","Taieri",1257667.29484899,1257667.4092646,0.999999909025539
"355800","West Otago","West Otago","045","Taieri","Taieri",2.12990642763808,1374705866.59986,1.54935428689637e-09
"355900","Tuapeka","Tuapeka","045","Taieri","Taieri",1256722687.63102,1256722691.62544,0.999999996821557
"356000","Clinton","Clinton","045","Taieri","Taieri",2.93258289408128,839699899.564993,3.49241782165331e-09
"356100","Clutha Valley","Clutha Valley","045","Taieri","Taieri",747350851.169051,747350854.311604,0.999999995795077
"356200","Bruce","Bruce","045","Taieri","Taieri",886001764.419668,886001764.419681,0.999999999999985
"356300","Catlins","Catlins","045","Taieri","Taieri",6750181.64672661,1072985196.04619,0.00629102961681124
"356400","Milton","Milton","045","Taieri","Taieri",4164310.1041617,4164310.10416193,0.999999999999945
"356700","Benhar-Stirling","Benhar-Stirling","045","Taieri","Taieri",9462548.9329127,9462548.93291382,0.999999999999883
"350000","Seddon Park","Seddon Park","045","Taieri","Taieri",1559415.34060731,1559415.34060739,0.999999999999948
"343600","Waihemo","Waihemo","045","Taieri","Taieri",3.33005371614157,1312578321.20747,2.5370323906296e-09
"349700","Bush Road","Bush Road","045","Taieri","Taieri",876441.811178252,876441.81117859,0.999999999999615
"353300","Mornington","Mornington","045","Taieri","Taieri",40907.8278384146,1087495.82813303,0.0376165377191779
"349801","Mosgiel East","Mosgiel East","045","Taieri","Taieri",3635790.76747382,3635790.76747392,0.999999999999972
"349900","Mosgiel Central","Mosgiel Central","045","Taieri","Taieri",1237773.51349897,1237773.51349827,1.00000000000057
"353400","Dunedin Central","Dunedin Central","045","Taieri","Taieri",0.00539375883831777,1307074.61601669,4.12658831578815e-09
"349300","Momona","Momona","045","Taieri","Taieri",217606257.756709,217606257.756708,1
"349401","Taieri","Taieri","045","Taieri","Taieri",149508968.374361,150045127.749997,0.996426679201945
"349601","Mount Cargill","Mount Cargill","045","Taieri","Taieri",0.946003738084256,129780859.291944,7.28923928571167e-09
"350300","East Taieri","East Taieri","045","Taieri","Taieri",3126116.88006559,3126116.88006548,1.00000000000004
"354000","Concord","Concord","045","Taieri","Taieri",1163269.0318161,1163269.03181567,1.00000000000037
"350500","Helensburgh","Helensburgh","045","Taieri","Taieri",0.0659143052572076,1461911.87985368,4.50877417206603e-08
"354100","Calton Hill","Calton Hill","045","Taieri","Taieri",664092.491863559,664092.537776145,0.999999930864174
"350700","Fairfield (Dunedin City)","Fairfield (Dunedin City)","045","Taieri","Taieri",3956243.09534519,3956243.0953454,0.999999999999947
"351200","Brighton","Brighton","045","Taieri","Taieri",3398186.60213865,3398186.60213961,0.999999999999719
"351400","Kaikorai-Bradford","Kaikorai-Bradford","045","Taieri","Taieri",1539954.6734527,3438621.05769476,0.447840761635154
"354500","Corstorphine","Corstorphine","045","Taieri","Taieri",871518.258130921,871518.258131091,0.999999999999805
"352300","Kenmure","Kenmure","045","Taieri","Taieri",0.0106464113750182,1100138.14357132,9.67734046604123e-09
"352600","Green Island","Green Island","045","Taieri","Taieri",3644803.9185992,3644803.9186001,0.999999999999754
"354701","South Dunedin","South Dunedin","045","Taieri","Taieri",531374.446859232,531374.446859146,1.00000000000016
"353800","Fernhill","Fernhill","045","Taieri","Taieri",0.0222548407124997,794429.541791405,2.80136117072333e-08
"354300","Hillside-Portsmouth Drive","Hillside-Portsmouth Drive","045","Taieri","Taieri",678899.585473505,1356997.94213232,0.500295221086861
"354400","Kew (Dunedin City)","Kew (Dunedin City)","045","Taieri","Taieri",697695.273246631,697695.273246627,1.00000000000001
"354800","St Clair","St Clair","045","Taieri","Taieri",2028253.17547004,2028253.17547015,0.999999999999945
"355300","Musselburgh","Musselburgh","045","Taieri","Taieri",575252.570883931,575252.602782726,0.999999944548194
"355400","Shiel Hill","Shiel Hill","045","Taieri","Taieri",0.0521730821008249,1372148.06977952,3.80229242382043e-08
"355500","St Kilda North","St Kilda North","045","Taieri","Taieri",1057780.70252408,1057780.70252393,1.00000000000015
"355700","Tainui","Tainui","045","Taieri","Taieri",1348492.25911596,1988867.48080812,0.678020165812176
"356500","Balclutha South","Balclutha South","045","Taieri","Taieri",4480564.06874215,4480564.06874244,0.999999999999936
"356600","Balclutha North","Balclutha North","045","Taieri","Taieri",3066802.70596866,3066802.70596869,0.99999999999999
"356800","Kaitangata-Matau","Kaitangata-Matau","045","Taieri","Taieri",163676645.795453,163676645.795447,1.00000000000004
"363900","Oceanic Otago Region","Oceanic Otago Region","045","Taieri","Taieri",1694592052.37236,6537893947.41588,0.259195402372984
"141400","Inlet Manukau Harbour","Inlet Manukau Harbour","046","Takanini","Takanini",4361967.23228122,374553577.649694,0.0116457764457954
"155500","Manukau Central","Manukau Central","046","Takanini","Takanini",0.0454366862011791,11413422.8500629,3.98098684312996e-09
"158502","Goodwood Heights East","Goodwood Heights East","046","Takanini","Takanini",747305.78462038,747305.784620195,1.00000000000025
"157101","Turanga","Turanga","046","Takanini","Takanini",0.112116342918995,84597130.4732969,1.32529723279899e-09
"158200","Mission Heights South","Mission Heights South","046","Takanini","Takanini",0.0457866280561635,869659.158108495,5.26489345041214e-08
"160800","Manurewa East","Manurewa East","046","Takanini","Takanini",828303.568009382,828303.616776991,0.99999994112351
"160901","Manurewa West","Manurewa West","046","Takanini","Takanini",0.0103594985343137,605087.501416155,1.71206619043827e-08
"161000","Randwick Park East","Randwick Park East","046","Takanini","Takanini",747261.045744291,747261.045744221,1.00000000000009
"161100","Wattle Downs West","Wattle Downs West","046","Takanini","Takanini",1477202.20008191,1477202.20008182,1.00000000000006
"161201","Wattle Downs North","Wattle Downs North","046","Takanini","Takanini",254095.740775214,790753.003264514,0.321333892791068
"161500","Wattle Downs East","Wattle Downs East","046","Takanini","Takanini",1016559.11511281,1016559.16127607,0.999999954588716
"162102","Takanini East","Takanini East","046","Takanini","Takanini",0.0193465699815371,1624356.30113725,1.19102994632348e-08
"162200","Takanini Central","Takanini Central","046","Takanini","Takanini",275327.210682892,1091669.08509176,0.252207573194902
"162300","Ardmore","Ardmore","046","Takanini","Takanini",0.415686568453248,44270765.9708324,9.3896403041032e-09
"157901","Clover Park South","Clover Park South","046","Takanini","Takanini",742453.35008585,742453.455720012,0.99999985772285
"158402","Wiri East","Wiri East","046","Takanini","Takanini",0.0674777481263289,710760.052038562,9.49374517219882e-08
"158501","Goodwood Heights West","Goodwood Heights West","046","Takanini","Takanini",534266.740354772,534266.778542185,0.9999999285237
"158300","Hilltop (Auckland)","Hilltop (Auckland)","046","Takanini","Takanini",1143478.11426084,1143478.15390088,0.999999965333809
"157500","Chapel Downs","Chapel Downs","046","Takanini","Takanini",0.106018757135388,760116.476536461,1.39476988603736e-07
"157701","Clover Park North","Clover Park North","046","Takanini","Takanini",0.056506279436084,842556.274835398,6.70652882469162e-08
"157702","Clover Park East","Clover Park East","046","Takanini","Takanini",0.0730703316687722,522604.935750031,1.39819444230666e-07
"158101","Ormiston Central","Ormiston Central","046","Takanini","Takanini",1336635.44120385,1336635.56874248,0.999999904582349
"158102","Ormiston South","Ormiston South","046","Takanini","Takanini",997894.523007361,997894.523007172,1.00000000000019
"157301","Ormiston North","Ormiston North","046","Takanini","Takanini",0.0618742684180237,1670998.24659591,3.70283263576556e-08
"158001","Donegal Park West","Donegal Park West","046","Takanini","Takanini",470607.733166666,470607.790323064,0.999999878547701
"158002","Donegal Park East","Donegal Park East","046","Takanini","Takanini",437088.9233747,437088.923374838,0.999999999999683
"158601","Ormiston East","Ormiston East","046","Takanini","Takanini",1396391.09629297,1396391.186792,0.999999935190773
"159000","Totara Heights","Totara Heights","046","Takanini","Takanini",854430.858763728,854430.892155806,0.999999960918925
"160300","Hillpark South","Hillpark South","046","Takanini","Takanini",0.0691415916720728,1081465.15536929,6.39332588098624e-08
"158602","Bremner Ridge","Bremner Ridge","046","Takanini","Takanini",1459810.30053319,1459810.44335809,0.999999902162021
"158603","Ormiston South East","Ormiston South East","046","Takanini","Takanini",1563650.61038622,1563650.61038607,1.0000000000001
"162602","Takanini McLennan","Takanini McLennan","046","Takanini","Takanini",0.00637147315049302,638940.802280636,9.97193030676813e-09
"158900","Tuscany Heights","Tuscany Heights","046","Takanini","Takanini",2638007.79052225,6623467.61218377,0.398281979316947
"159301","The Gardens (Auckland)","The Gardens (Auckland)","046","Takanini","Takanini",4189501.44854331,4189501.53144799,0.999999980211328
"159600","Hillpark North","Hillpark North","046","Takanini","Takanini",0.0403292363681107,659707.800109424,6.1131968367543e-08
"160100","Manurewa Central","Manurewa Central","046","Takanini","Takanini",0.0151170803579005,1081093.2247967,1.39831422593027e-08
"160401","Alfriston","Alfriston","046","Takanini","Takanini",1851821.28864552,1851821.34398492,0.999999970116231
"162000","Takanini West","Takanini West","046","Takanini","Takanini",686327.168024246,686327.177447541,0.999999986269968
"160902","Manurewa South","Manurewa South","046","Takanini","Takanini",292333.884191784,885072.268200144,0.330293801642057
"161300","Randwick Park West","Randwick Park West","046","Takanini","Takanini",704153.521297245,704153.521296183,1.00000000000151
"161600","Takanini North","Takanini North","046","Takanini","Takanini",3547044.81649804,5278099.8083719,0.672030644602792
"161700","Takanini Industrial","Takanini Industrial","046","Takanini","Takanini",880698.00073632,880698.000736242,1.00000000000009
"161800","Conifer Grove West","Conifer Grove West","046","Takanini","Takanini",1592114.62467017,1592114.62466945,1.00000000000045
"161900","Conifer Grove East","Conifer Grove East","046","Takanini","Takanini",654192.294977387,654192.294977656,0.999999999999589
"162101","Takanini South","Takanini South","046","Takanini","Takanini",530200.76814747,695109.619075761,0.762758496785645
"140100","Orakei East","Orakei East","047","Tāmaki","Tamaki",1707385.12493554,1707385.12493493,1.00000000000036
"141101","Mission Bay","Mission Bay","047","Tāmaki","Tamaki",923221.706697884,923221.706697249,1.00000000000069
"141102","Mission Bay Eastridge","Mission Bay Eastridge","047","Tāmaki","Tamaki",619906.663985638,619906.66398556,1.00000000000012
"137400","Parnell East","Parnell East","047","Tāmaki","Tamaki",0.000579038639508932,1226793.55749305,4.71993544449481e-10
"139201","Orakei West","Orakei West","047","Tāmaki","Tamaki",1417401.45983504,1454018.71696431,0.974816515976001
"145102","Glendowie South East","Glendowie South East","047","Tāmaki","Tamaki",1374260.76676525,1374260.76676424,1.00000000000073
"142400","Remuera East","Remuera East","047","Tāmaki","Tamaki",458249.973940658,885820.213065107,0.517317134088672
"142700","Saint Heliers West","Saint Heliers West","047","Tāmaki","Tamaki",1185741.69854633,1185741.69854638,0.999999999999961
"143000","Saint Heliers North","Saint Heliers North","047","Tāmaki","Tamaki",1338253.78668251,1338253.78668199,1.00000000000039
"145800","Glen Innes East-Wai O Taiki Bay","Glen Innes East-Wai O Taiki Bay","047","Tāmaki","Tamaki",1397311.02280181,1397311.02280188,0.999999999999953
"146301","Point England North","Point England North","047","Tāmaki","Tamaki",936245.382583458,936245.38258367,0.999999999999773
"147002","Tamaki East","Tamaki East","047","Tāmaki","Tamaki",0.00713416321616035,662484.114301075,1.07688064697022e-08
"143100","Remuera Abbotts Park","Remuera Abbotts Park","047","Tāmaki","Tamaki",889066.521372427,1022010.13172923,0.86991947904483
"144001","Glendowie North","Glendowie North","047","Tāmaki","Tamaki",1709585.74861664,1709585.74861687,0.999999999999867
"119301","Inlet Waitemata Harbour","Inlet Waitemata Harbour","047","Tāmaki","Tamaki",3867211.39731023,79264044.3786701,0.0487889739619556
"110600","Oceanic Auckland Region East","Oceanic Auckland Region East","047","Tāmaki","Tamaki",9087939.50067386,7823314944.70714,0.00116164817151102
"112001","Inlets other Auckland","Inlets other Auckland","047","Tāmaki","Tamaki",4593701.30978299,122493635.241782,0.0375015510047994
"140500","Remuera North","Remuera North","047","Tāmaki","Tamaki",0.0598353548714181,1412704.78743137,4.23551724350087e-08
"141000","Remuera South","Remuera South","047","Tāmaki","Tamaki",0.0190397039659053,1429436.68166967,1.33197253226115e-08
"141600","Remuera Waiata","Remuera Waiata","047","Tāmaki","Tamaki",0.034159705603102,943463.428554972,3.62067087808816e-08
"141801","Kohimarama Bay","Kohimarama Bay","047","Tāmaki","Tamaki",741331.510210073,741331.510209954,1.00000000000016
"144900","Stonefields West","Stonefields West","047","Tāmaki","Tamaki",542207.586655609,542207.645920567,0.999999890696934
"141802","Kohimarama Stadium","Kohimarama Stadium","047","Tāmaki","Tamaki",774164.54788524,774164.547885139,1.00000000000013
"141900","Meadowbank West","Meadowbank West","047","Tāmaki","Tamaki",1024500.81921811,1024500.82074731,0.999999998507366
"143200","Meadowbank East","Meadowbank East","047","Tāmaki","Tamaki",653188.216324647,653188.21632474,0.999999999999858
"143301","Ellerslie Central","Ellerslie Central","047","Tāmaki","Tamaki",0.0629983907115152,1547691.76591401,4.07047398577524e-08
"143500","Saint Heliers South","Saint Heliers South","047","Tāmaki","Tamaki",1222134.62496141,1222134.62496157,0.999999999999874
"143700","Saint Johns West","Saint Johns West","047","Tāmaki","Tamaki",1041707.20168038,1041707.20168028,1.0000000000001
"143900","Remuera Waiatarua","Remuera Waiatarua","047","Tāmaki","Tamaki",1466830.61921409,1570297.36624469,0.934110093250657
"144500","Saint Johns East","Saint Johns East","047","Tāmaki","Tamaki",605542.84726835,605542.847269051,0.999999999998843
"144700","Glen Innes West","Glen Innes West","047","Tāmaki","Tamaki",1367378.91284204,1367378.91284222,0.999999999999867
"145101","Glendowie South West","Glendowie South West","047","Tāmaki","Tamaki",970722.294770834,970722.294772485,0.9999999999983
"145300","Mount Wellington North West","Mount Wellington North West","047","Tāmaki","Tamaki",0.0467223978817525,924726.190578714,5.05256565216484e-08
"145400","Panmure Glen Innes Industrial","Panmure Glen Innes Industrial","047","Tāmaki","Tamaki",1587619.90836977,2013535.37637018,0.78847380930142
"145700","Stonefields East","Stonefields East","047","Tāmaki","Tamaki",445666.224432738,445666.298098022,0.99999983470753
"146000","Mount Wellington North East","Mount Wellington North East","047","Tāmaki","Tamaki",0.0586077088372037,727030.752492446,8.06124206387166e-08
"146302","Point England South","Point England South","047","Tāmaki","Tamaki",555203.141215312,555203.236487047,0.999999828402053
"147001","Tamaki West","Tamaki West","047","Tāmaki","Tamaki",0.0342007555071273,633065.620718655,5.40240290861201e-08
"220001","Toko","Toko","048","Taranaki-King Country","Taranaki-King Country",138730716.222016,228050331.669895,0.608333762139974
"170901","Te Ākau","Te Akau","048","Taranaki-King Country","Taranaki-King Country",370490267.098261,636308014.239322,0.582249883401461
"171000","Inlets Waikato District","Inlets Waikato District","048","Taranaki-King Country","Taranaki-King Country",54198541.3185518,65357138.4073175,0.829267355323556
"171201","Huntly Rural","Huntly Rural","048","Taranaki-King Country","Taranaki-King Country",1.15290992192165,351210850.554842,3.28267170590056e-09
"171601","Raglan","Raglan","048","Taranaki-King Country","Taranaki-King Country",7221346.55481766,7221346.55481865,0.999999999999864
"172700","Horsham Downs","Horsham Downs","048","Taranaki-King Country","Taranaki-King Country",1.3017617093441e-05,15787957.9132152,8.24528236330338e-13
"172800","Whatawhata East","Whatawhata East","048","Taranaki-King Country","Taranaki-King Country",47441374.9148723,47441374.9148721,1
"173202","Tamahere West","Tamahere West","048","Taranaki-King Country","Taranaki-King Country",0.116354020811067,5689810.13103325,2.04495436809836e-08
"173400","Tamahere South","Tamahere South","048","Taranaki-King Country","Taranaki-King Country",0.402588934284922,38836462.9920264,1.03662615817403e-08
"175201","Te Rapa North","Te Rapa North","048","Taranaki-King Country","Taranaki-King Country",0.150417554484411,8380652.78073761,1.79481907221041e-08
"220200","Whangamomona","Whangamomona","048","Taranaki-King Country","Taranaki-King Country",689600681.73474,689600684.544057,0.999999995926169
"182101","Pokuru","Pokuru","048","Taranaki-King Country","Taranaki-King Country",108800635.528699,108800635.528694,1.00000000000005
"178901","Frankton Junction","Frankton Junction","048","Taranaki-King Country","Taranaki-King Country",0.0991611542276439,3516514.85639434,2.81987019185577e-08
"183101","Pukerimu","Pukerimu","048","Taranaki-King Country","Taranaki-King Country",0.531905056392895,76578235.0622926,6.94590383233848e-09
"183600","Goodfellow Park","Goodfellow Park","048","Taranaki-King Country","Taranaki-King Country",949613.696283416,949613.696283839,0.999999999999554
"184900","Maungatautari","Maungatautari","048","Taranaki-King Country","Taranaki-King Country",0.643494226253801,113003755.092505,5.69444993865061e-09
"185000","Rotongata","Rotongata","048","Taranaki-King Country","Taranaki-King Country",211465069.197916,211553784.82477,0.999580647413481
"185100","Inlets Ōtorohanga District","Inlets Otorohanga District","048","Taranaki-King Country","Taranaki-King Country",65202306.7963084,65202306.7963236,0.999999999999767
"185200","Pirongia Forest","Pirongia Forest","048","Taranaki-King Country","Taranaki-King Country",490788525.189445,490788525.189446,0.999999999999998
"185300","Honikiwi","Honikiwi","048","Taranaki-King Country","Taranaki-King Country",245603158.219669,245603158.219673,0.999999999999985
"185400","Te Kawa","Te Kawa","048","Taranaki-King Country","Taranaki-King Country",114616193.312403,114616193.312408,0.999999999999955
"185500","Ōtorohanga","Otorohanga","048","Taranaki-King Country","Taranaki-King Country",5074022.23721528,5074022.23721286,1.00000000000048
"185600","Maihiihi","Maihiihi","048","Taranaki-King Country","Taranaki-King Country",469055312.272574,469055312.272568,1.00000000000001
"185700","Puniu","Puniu","048","Taranaki-King Country","Taranaki-King Country",674012546.556932,674012548.923881,0.999999996488271
"185900","Putāruru Rural","Putaruru Rural","048","Taranaki-King Country","Taranaki-King Country",1.09444873791196,555792932.205006,1.9691663468442e-09
"186100","Kinleith","Kinleith","048","Taranaki-King Country","Taranaki-King Country",0.532394020427255,947519413.653779,5.61881912661042e-10
"186900","Inlet Waitomo District","Inlet Waitomo District","048","Taranaki-King Country","Taranaki-King Country",13379785.8985627,13379785.8985602,1.00000000000019
"187000","Herangi","Herangi","048","Taranaki-King Country","Taranaki-King Country",1668244755.50379,1668244755.50379,1
"187100","Hangatiki","Hangatiki","048","Taranaki-King Country","Taranaki-King Country",326475420.957534,326475420.957536,0.999999999999993
"187200","Aria","Aria","048","Taranaki-King Country","Taranaki-King Country",531753225.432432,531753225.432434,0.999999999999996
"219301","Mangaoraka","Mangaoraka","048","Taranaki-King Country","Taranaki-King Country",27560353.6878048,85452547.8812763,0.322522316433395
"219401","Tikorangi","Tikorangi","048","Taranaki-King Country","Taranaki-King Country",167272206.456079,167272207.066776,0.999999996349079
"219501","Everett Park","Everett Park","048","Taranaki-King Country","Taranaki-King Country",234596731.218276,236324637.495998,0.992688420911037
"219601","Inglewood","Inglewood","048","Taranaki-King Country","Taranaki-King Country",3182379.47093208,3182379.4709322,0.999999999999962
"219700","Tarata","Tarata","048","Taranaki-King Country","Taranaki-King Country",258960829.818259,258960829.818253,1.00000000000003
"219800","Pembroke","Pembroke","048","Taranaki-King Country","Taranaki-King Country",69344851.0132831,226409769.170223,0.306280295534187
"219900","Douglas","Douglas","048","Taranaki-King Country","Taranaki-King Country",1010464763.27804,1010464768.02725,0.99999999529997
"216700","Kaitake","Kaitake","048","Taranaki-King Country","Taranaki-King Country",9.63630850136545e-10,170284360.811147,5.65895097791897e-18
"222000","Mangawhio","Mangawhio","048","Taranaki-King Country","Taranaki-King Country",0.316384400131048,1368625698.1584,2.31169413636446e-10
"222300","Otangiwai-Ōhura","Otangiwai-Ohura","048","Taranaki-King Country","Taranaki-King Country",1872310233.71708,2011703891.13637,0.93070866043782
"222400","Ngapuke","Ngapuke","048","Taranaki-King Country","Taranaki-King Country",206027288.127694,621831396.012601,0.33132339320403
"222500","Taumarunui North","Taumarunui North","048","Taranaki-King Country","Taranaki-King Country",3598735.90063435,3598735.9006337,1.00000000000018
"171801","Te Uku","Te Uku","048","Taranaki-King Country","Taranaki-King Country",500147134.669419,500147134.669407,1.00000000000002
"171803","Whale Bay","Whale Bay","048","Taranaki-King Country","Taranaki-King Country",46421659.3578669,46421659.3578658,1.00000000000002
"171901","Taupiri-Lake Kainui","Taupiri-Lake Kainui","048","Taranaki-King Country","Taranaki-King Country",1196592.49471587,47975123.4048761,0.0249419367745546
"172001","Ngāruawāhia North","Ngaruawahia North","048","Taranaki-King Country","Taranaki-King Country",0.0972266245057389,2920120.52626293,3.3295414908838e-08
"172100","Ngāruawāhia Central","Ngaruawahia Central","048","Taranaki-King Country","Taranaki-King Country",891361.549615109,3847782.56019462,0.231655904581579
"172201","Ngāruawāhia South","Ngaruawahia South","048","Taranaki-King Country","Taranaki-King Country",3364912.35052925,5096786.04379817,0.660202786935449
"172401","Te Kōwhai","Te Kowhai","048","Taranaki-King Country","Taranaki-King Country",42456951.2160025,43315425.2783493,0.980180869590218
"172500","Whatawhata West","Whatawhata West","048","Taranaki-King Country","Taranaki-King Country",50700199.0244905,50700199.0244904,1
"172601","Horotiu","Horotiu","048","Taranaki-King Country","Taranaki-King Country",4187581.95519561,4187582.1773152,0.999999946957559
"172900","Rotokauri","Rotokauri","048","Taranaki-King Country","Taranaki-King Country",15644235.131626,15644235.8317711,0.999999955245811
"175401","Burbush-Baverstock","Burbush-Baverstock","048","Taranaki-King Country","Taranaki-King Country",0.457395421047455,7100909.99320291,6.44136345180097e-08
"184800","Kihikihi Central","Kihikihi Central","048","Taranaki-King Country","Taranaki-King Country",2238246.56654325,2238246.56654212,1.0000000000005
"177000","Western Heights (Hamilton City)","Western Heights (Hamilton City)","048","Taranaki-King Country","Taranaki-King Country",0.154135022600805,1071521.25783234,1.43846910618103e-07
"178100","Dinsdale South","Dinsdale South","048","Taranaki-King Country","Taranaki-King Country",0.0847107547254476,1561039.9994174,5.4265588810705e-08
"178600","Temple View","Temple View","048","Taranaki-King Country","Taranaki-King Country",0.377850886985024,4373067.55618384,8.64040818328348e-08
"178800","Kahikatea","Kahikatea","048","Taranaki-King Country","Taranaki-King Country",0.0547398590509015,977553.63828424,5.59967830992666e-08
"180400","Deanwell","Deanwell","048","Taranaki-King Country","Taranaki-King Country",0.118322819534298,670204.901856534,1.76547230864071e-07
"181000","Resthill","Resthill","048","Taranaki-King Country","Taranaki-King Country",0.121394339798226,1121366.04617879,1.08255765556568e-07
"181301","Peacocke","Peacocke","048","Taranaki-King Country","Taranaki-King Country",0.133546490024387,6932861.65963627,1.92628234314707e-08
"181400","Te Pahu","Te Pahu","048","Taranaki-King Country","Taranaki-King Country",158169611.583563,158169611.58356,1.00000000000002
"181500","Ngāhinapōuri","Ngahinapouri","048","Taranaki-King Country","Taranaki-King Country",73938895.8165734,73938896.0084482,0.999999997404954
"181600","Lake Cameron","Lake Cameron","048","Taranaki-King Country","Taranaki-King Country",51515184.4102953,51515185.4798387,0.999999979238289
"181700","Lake Ngaroto","Lake Ngaroto","048","Taranaki-King Country","Taranaki-King Country",94579594.44803,94579594.4480334,0.999999999999964
"181800","Kaipaki","Kaipaki","048","Taranaki-King Country","Taranaki-King Country",36523222.6691505,36523223.246501,0.999999984192235
"181900","Pirongia","Pirongia","048","Taranaki-King Country","Taranaki-King Country",3269911.38617933,3269911.38617962,0.999999999999911
"184100","Te Awamutu Central","Te Awamutu Central","048","Taranaki-King Country","Taranaki-King Country",712407.27184033,712407.271840491,0.999999999999774
"184201","Pekerau","Pekerau","048","Taranaki-King Country","Taranaki-King Country",4008395.80583914,4008395.80583982,0.99999999999983
"182000","Hautapu Rural","Hautapu Rural","048","Taranaki-King Country","Taranaki-King Country",0.0166743684239635,14709407.7006226,1.13358530563115e-09
"182201","Te Rahu","Te Rahu","048","Taranaki-King Country","Taranaki-King Country",54044307.6008388,54044307.8804355,0.999999994826529
"184300","Fraser Street","Fraser Street","048","Taranaki-King Country","Taranaki-King Country",1135120.74678108,1135120.74678103,1.00000000000004
"184400","Sherwin Park","Sherwin Park","048","Taranaki-King Country","Taranaki-King Country",2206806.57506463,2206806.57506552,0.999999999999593
"184501","St Leger","St Leger","048","Taranaki-King Country","Taranaki-King Country",6560169.12263567,6560169.12263604,0.999999999999944
"184601","Rotoorangi","Rotoorangi","048","Taranaki-King Country","Taranaki-King Country",120105916.551144,183376397.464995,0.654969331994165
"184700","Tokanui","Tokanui","048","Taranaki-King Country","Taranaki-King Country",23684807.3910296,23684807.3910292,1.00000000000002
"183300","Te Awamutu North","Te Awamutu North","048","Taranaki-King Country","Taranaki-King Country",2817959.76748239,2817959.76748199,1.00000000000014
"183401","Te Awamutu West","Te Awamutu West","048","Taranaki-King Country","Taranaki-King Country",1182792.48279137,1182792.48279055,1.00000000000069
"184000","Te Awamutu Stadium","Te Awamutu Stadium","048","Taranaki-King Country","Taranaki-King Country",1165844.41690857,1165844.41690883,0.999999999999776
"187300","Te Kūiti West","Te Kuiti West","048","Taranaki-King Country","Taranaki-King Country",2591639.30008193,2591639.30008138,1.00000000000021
"187400","Te Kūiti East","Te Kuiti East","048","Taranaki-King Country","Taranaki-King Country",5812818.65513119,5812818.65513092,1.00000000000005
"187500","Waipa Valley","Waipa Valley","048","Taranaki-King Country","Taranaki-King Country",817659509.675293,817659509.675334,0.999999999999951
"187600","Tiroa","Tiroa","048","Taranaki-King Country","Taranaki-King Country",182324997.896293,182324998.329844,0.999999997622097
"187701","Marotiri","Marotiri","048","Taranaki-King Country","Taranaki-King Country",2.06578475953635,741004445.592333,2.78781695821681e-09
"187900","Lake Taupō Bays","Lake Taupo Bays","048","Taranaki-King Country","Taranaki-King Country",1.4654114124434,1169960205.06844,1.2525309887422e-09
"218901","Waitara East","Waitara East","048","Taranaki-King Country","Taranaki-King Country",34103.4604637995,2705291.8470118,0.0126062038376633
"219000","Lepperton-Brixton","Lepperton-Brixton","048","Taranaki-King Country","Taranaki-King Country",0.679623156997674,46522637.3059055,1.46084400273542e-08
"219100","Mangorei","Mangorei","048","Taranaki-King Country","Taranaki-King Country",1.03746740879359,188563992.954252,5.50193805582642e-09
"219200","Mount Messenger","Mount Messenger","048","Taranaki-King Country","Taranaki-King Country",934283062.90908,934283062.909082,0.999999999999998
"221201","Te Roti-Moeroa","Te Roti-Moeroa","048","Taranaki-King Country","Taranaki-King Country",1.82733481317649,361930590.827733,5.04885428169359e-09
"222600","Taumarunui Central","Taumarunui Central","048","Taranaki-King Country","Taranaki-King Country",5537381.36496743,5537381.36496443,1.00000000000054
"222700","Taumarunui East","Taumarunui East","048","Taranaki-King Country","Taranaki-King Country",4517648.05765059,4517648.09631342,0.999999991441824
"222800","National Park","National Park","048","Taranaki-King Country","Taranaki-King Country",1.53282716691964,1375282751.6218,1.11455419993601e-09
"222900","Tangiwai","Tangiwai","048","Taranaki-King Country","Taranaki-King Country",0.576712807134461,2696655859.40311,2.13862219431335e-10
"223300","Upper Whanganui","Upper Whanganui","048","Taranaki-King Country","Taranaki-King Country",1.72954230037565,1849886939.5685,9.3494486791667e-10
"258700","Oceanic Waikato Region West","Oceanic Waikato Region West","048","Taranaki-King Country","Taranaki-King Country",3266657998.97162,4184338698.0139,0.780686802557867
"259000","Oceanic Taranaki Region","Oceanic Taranaki Region","048","Taranaki-King Country","Taranaki-King Country",841785862.364841,5440585562.24681,0.154723393784328
"173400","Tamahere South","Tamahere South","049","Taupō","Taupo",0.505765860408277,38836462.9920264,1.30229640251255e-08
"182400","Hautapu","Hautapu","049","Taupō","Taupo",7331565.11515712,7434617.53946945,0.986138839857566
"182500","Karapiro","Karapiro","049","Taupō","Taupo",26078431.3279287,190816558.44694,0.136667548876165
"182600","Cambridge North","Cambridge North","049","Taupō","Taupo",1810576.69619976,1810576.76404146,0.999999962530337
"182700","Cambridge West","Cambridge West","049","Taupō","Taupo",2233171.97884259,2233171.97884309,0.999999999999776
"182800","Cambridge East","Cambridge East","049","Taupō","Taupo",1584860.15194993,1584860.15194982,1.00000000000007
"182900","Cambridge Park-River Garden","Cambridge Park-River Garden","049","Taupō","Taupo",3014456.37001226,3014456.37001225,1.00000000000001
"183101","Pukerimu","Pukerimu","049","Taupō","Taupo",76578234.5304049,76578235.0622926,0.999999993054323
"183200","Cambridge Central","Cambridge Central","049","Taupō","Taupo",2816761.86419284,2816761.86419242,1.00000000000015
"183500","Leamington West","Leamington West","049","Taupō","Taupo",1256380.55370641,1256380.55370682,0.999999999999674
"184900","Maungatautari","Maungatautari","049","Taupō","Taupo",113003754.377386,113003755.092505,0.999999993671729
"185000","Rotongata","Rotongata","049","Taupō","Taupo",88715.6268384359,211553784.82477,0.000419352586444715
"185700","Puniu","Puniu","049","Taupō","Taupo",2.36674520885842,674012548.923881,3.51142603003035e-09
"185800","Tīrau","Tirau","049","Taupō","Taupo",80451356.4277747,293104396.634355,0.274480210299052
"185900","Putāruru Rural","Putaruru Rural","049","Taupō","Taupo",555792928.279891,555792932.205006,0.999999992937811
"186000","Putāruru","Putaruru","049","Taupō","Taupo",6813888.28710223,6813888.2871029,0.999999999999901
"186100","Kinleith","Kinleith","049","Taupō","Taupo",947519411.191687,947519413.653779,0.999999997401539
"186300","Parkdale","Parkdale","049","Taupō","Taupo",2537850.34877485,2537850.34877513,0.99999999999989
"189000","Bird Area","Bird Area","049","Taupō","Taupo",1180441.83968709,1180441.83968536,1.00000000000147
"189300","Richmond Heights","Richmond Heights","049","Taupō","Taupo",1365159.52850106,1365159.52850079,1.00000000000019
"189400","Wharewaka","Wharewaka","049","Taupō","Taupo",5701889.0798996,5701889.07990072,0.999999999999804
"189500","Kaimanawa","Kaimanawa","049","Taupō","Taupo",1118415096.60623,1342255301.75146,0.833235745202016
"189600","Waitahanui","Waitahanui","049","Taupō","Taupo",120643012.51556,120643012.515553,1.00000000000005
"189700","Tūrangi","Turangi","049","Taupō","Taupo",7532277.72073003,7532277.72073102,0.999999999999869
"189800","Rangataiki","Rangataiki","049","Taupō","Taupo",996271434.452136,996271436.963284,0.999999997479453
"189900","Taharua","Taharua","049","Taupō","Taupo",784238844.074507,784238848.205505,0.999999994732474
"190000","Te More","Te More","049","Taupō","Taupo",47922579.0918501,47922580.8964991,0.999999962342408
"186600","Strathmore (South Waikato District)","Strathmore (South Waikato District)","049","Taupō","Taupo",1249101.0573569,1249101.05735686,1.00000000000003
"186700","Tokoroa Central","Tokoroa Central","049","Taupō","Taupo",4701896.42612974,4701896.42612781,1.00000000000041
"186800","Moananui","Moananui","049","Taupō","Taupo",1678899.39954828,1678899.39954712,1.00000000000069
"188501","Nukuhau","Nukuhau","049","Taupō","Taupo",834906.256477238,834906.256477549,0.999999999999627
"188502","Rangatira Park","Rangatira Park","049","Taupō","Taupo",2035962.45330546,2035962.4533063,0.999999999999589
"188600","Taupō Central West","Taupo Central West","049","Taupō","Taupo",1368187.25312322,1368187.25312283,1.00000000000028
"188701","Tauhara","Tauhara","049","Taupō","Taupo",1846281.69120698,1846281.69120688,1.00000000000006
"188702","Centennial","Centennial","049","Taupō","Taupo",9863270.28592434,9863270.28592482,0.999999999999951
"188800","Taupō Central East","Taupo Central East","049","Taupō","Taupo",1094571.69636423,1094571.6963641,1.00000000000012
"201600","Ngakuru","Ngakuru","049","Taupō","Taupo",2.58658680867267,446443641.227724,5.79375887527378e-09
"201800","Golden Springs","Golden Springs","049","Taupō","Taupo",2.93981544127156,498916052.614181,5.89240499652746e-09
"222300","Otangiwai-Ōhura","Otangiwai-Ohura","049","Taupō","Taupo",1.55318066057095,2011703891.13637,7.72072205762646e-10
"222400","Ngapuke","Ngapuke","049","Taupō","Taupo",1.55685575775685,621831396.012601,2.50366219483279e-09
"174801","Hinuera","Hinuera","049","Taupō","Taupo",0.422129097886611,129372335.346255,3.26290081072445e-09
"186200","Paraonui","Paraonui","049","Taupō","Taupo",2360811.80006706,2360811.80006727,0.999999999999909
"186400","Matarawa","Matarawa","049","Taupō","Taupo",1962183.40566006,1962183.40566006,1
"186500","Stanley Park","Stanley Park","049","Taupō","Taupo",1154857.91290413,1154857.9129039,1.0000000000002
"183800","Leamington Central","Leamington Central","049","Taupō","Taupo",1193181.91181905,1193181.91181872,1.00000000000028
"181800","Kaipaki","Kaipaki","049","Taupō","Taupo",0.238982801451971,36523223.246501,6.54331080909913e-09
"182000","Hautapu Rural","Hautapu Rural","049","Taupō","Taupo",10930626.5011567,14709407.7006226,0.743104462370302
"182201","Te Rahu","Te Rahu","049","Taupō","Taupo",0.279605049302899,54044307.8804355,5.1736262387055e-09
"182300","Fencourt","Fencourt","049","Taupō","Taupo",0.151185136268367,25196294.4572338,6.0002924844753e-09
"184601","Rotoorangi","Rotoorangi","049","Taupō","Taupo",63270480.9138435,183376397.464995,0.345030668005796
"183000","Oaklands-St Kilda","Oaklands-St Kilda","049","Taupō","Taupo",597616.553760602,1682388.7557882,0.35521906081726
"183701","Leamington South","Leamington South","049","Taupō","Taupo",2912262.49362799,2912262.49362756,1.00000000000015
"183900","Leamington East","Leamington East","049","Taupō","Taupo",1414113.97205398,1414113.97205291,1.00000000000076
"187600","Tiroa","Tiroa","049","Taupō","Taupo",0.433543225780761,182324998.329844,2.37785948033543e-09
"187701","Marotiri","Marotiri","049","Taupō","Taupo",741004443.526265,741004445.592333,0.999999997211801
"187702","Mangakino","Mangakino","049","Taupō","Taupo",3209708.88256989,3209708.88257003,0.999999999999958
"187800","Ohakuri","Ohakuri","049","Taupō","Taupo",542950683.482987,542950685.91341,0.999999995523677
"187900","Lake Taupō Bays","Lake Taupo Bays","049","Taupō","Taupo",1169960200.25738,1169960205.06844,0.999999995887837
"188001","Mapara","Mapara","049","Taupō","Taupo",136005016.963841,136005016.963832,1.00000000000006
"188002","Kinloch","Kinloch","049","Taupō","Taupo",4658016.76793785,4658016.76793695,1.00000000000019
"188100","Inland water Lake Taupō","Inland water Lake Taupo","049","Taupō","Taupo",615118301.047466,615118301.047458,1.00000000000001
"188200","Wairākei-Broadlands","Wairakei-Broadlands","049","Taupō","Taupo",409994933.443638,409994934.322673,0.999999997855986
"188300","Acacia Bay","Acacia Bay","049","Taupō","Taupo",7148407.91069246,7148407.91069263,0.999999999999976
"188400","Brentwood (Taupo District)","Brentwood (Taupo District)","049","Taupō","Taupo",3557916.00293286,3557916.00293309,0.999999999999935
"188900","Mountview","Mountview","049","Taupō","Taupo",1125231.75402905,1125231.75402899,1.00000000000005
"189101","Hilltop (Taupo District)","Hilltop (Taupo District)","049","Taupō","Taupo",1609252.91204025,1609252.9120405,0.999999999999847
"189102","Invergarry","Invergarry","049","Taupō","Taupo",894995.19078958,894995.190789476,1.00000000000012
"189200","Waipahihi","Waipahihi","049","Taupō","Taupo",2465092.110622,2465092.11062161,1.00000000000016
"191400","Kaimai","Kaimai","049","Taupō","Taupo",0.526449874131038,327886947.311976,1.60558350506748e-09
"197700","Tui Ridge","Tui Ridge","049","Taupō","Taupo",0.0812965576078993,220921390.176614,3.67988620490336e-10
"197800","Arahiwi","Arahiwi","049","Taupō","Taupo",1.40454990148389,62855879.1921491,2.23455612988915e-08
"197900","Ngongotahā Valley","Ngongotaha Valley","049","Taupō","Taupo",0.517116876231717,177504950.567438,2.91325326183088e-09
"203400","Galatea","Galatea","049","Taupō","Taupo",1.99467826244908,2198836475.34587,9.0715170719338e-10
"208001","Puketitiri-Tutira","Puketitiri-Tutira","049","Taupō","Taupo",4.42823630691924,2415348328.33348,1.83337378504516e-09
"222800","National Park","National Park","049","Taupō","Taupo",2.11510790328135,1375282751.6218,1.53794403426285e-09
"222900","Tangiwai","Tangiwai","049","Taupō","Taupo",0.299696384261991,2696655859.40311,1.11136311004226e-10
"226100","Mokai Patea","Mokai Patea","049","Taupō","Taupo",1.40030554676505,2474898406.05247,5.65803244020257e-10
"226200","Ngamatea","Ngamatea","049","Taupō","Taupo",0.494885169754046,611572137.933402,8.09201628161709e-10
"194000","Judea","Judea","050","Tauranga","Tauranga",883608.6187007,883608.618699862,1.00000000000095
"175100","Te Poi","Te Poi","050","Tauranga","Tauranga",0.574220262957417,127968200.796169,4.48721056781951e-09
"185800","Tīrau","Tirau","050","Tauranga","Tauranga",0.637084197809629,293104396.634355,2.17357434799719e-09
"185900","Putāruru Rural","Putaruru Rural","050","Tauranga","Tauranga",0.510560320978012,555792932.205006,9.186160733503e-10
"191201","Te Puna","Te Puna","050","Tauranga","Tauranga",17118686.5644882,24708391.2170299,0.692828861827694
"193202","Otūmoetai East","Otumoetai East","050","Tauranga","Tauranga",1418194.10227275,1418194.10227256,1.00000000000014
"193600","Brookfield East","Brookfield East","050","Tauranga","Tauranga",1321557.14293074,1321557.14293031,1.00000000000033
"193800","Tauranga Central","Tauranga Central","050","Tauranga","Tauranga",3516974.12819996,3698781.58203539,0.950846664015402
"194400","Tauranga Hospital","Tauranga Hospital","050","Tauranga","Tauranga",1941022.42075004,1941022.42074988,1.00000000000009
"194601","Gate Pa","Gate Pa","050","Tauranga","Tauranga",1763014.18771987,1763014.18771914,1.00000000000041
"194700","Greerton South","Greerton South","050","Tauranga","Tauranga",2807622.74400023,2807622.75736193,0.999999995240918
"194801","Tauranga South","Tauranga South","050","Tauranga","Tauranga",1679260.44467033,1679260.44830076,0.999999997838075
"195200","Greerton North","Greerton North","050","Tauranga","Tauranga",1395404.71118269,1395404.78739108,0.999999945386181
"195300","Yatton Park","Yatton Park","050","Tauranga","Tauranga",903539.318133229,903539.31813201,1.00000000000135
"195401","Pyes Pa North","Pyes Pa North","050","Tauranga","Tauranga",1460490.70622015,1460490.75501633,0.99999996658919
"174701","Okauia","Okauia","050","Tauranga","Tauranga",0.165256452567764,119510853.008938,1.38277360094991e-09
"192900","Matua South","Matua South","050","Tauranga","Tauranga",1202808.49814822,1202808.49814817,1.00000000000004
"193000","Bethlehem North","Bethlehem North","050","Tauranga","Tauranga",5120551.08584173,5120551.08584154,1.00000000000004
"193100","Bellevue","Bellevue","050","Tauranga","Tauranga",1715271.1349321,1715271.13493376,0.999999999999033
"196100","Pyes Pa East","Pyes Pa East","050","Tauranga","Tauranga",0.139864224520125,2430103.98468557,5.75548311518948e-08
"190700","Inlet Tauranga Harbour North","Inlet Tauranga Harbour North","050","Tauranga","Tauranga",14684890.6266056,161219048.203948,0.0910865731450584
"190800","Matakana Island","Matakana Island","050","Tauranga","Tauranga",0.0998902201269766,64559064.9033345,1.54726869536515e-09
"190902","Pahoia East","Pahoia East","050","Tauranga","Tauranga",0.509138664254664,72207511.5037036,7.05104848030318e-09
"191300","Minden","Minden","050","Tauranga","Tauranga",59321989.6283732,85951538.2810139,0.690179498991899
"191400","Kaimai","Kaimai","050","Tauranga","Tauranga",326356088.979327,327886947.311976,0.995331139756555
"191501","Kopurererua","Kopurererua","050","Tauranga","Tauranga",5726932.63490428,14099532.6876263,0.406178896973673
"191502","Keenan Road","Keenan Road","050","Tauranga","Tauranga",2593263.68158362,2593263.77447693,0.999999964178995
"191700","Waiorohi","Waiorohi","050","Tauranga","Tauranga",0.831252549627184,152656822.826263,5.44523680132675e-09
"192600","Matua North","Matua North","050","Tauranga","Tauranga",1241782.66766239,1241782.66766228,1.00000000000009
"192700","Inlet Tauranga Harbour South","Inlet Tauranga Harbour South","050","Tauranga","Tauranga",18395619.0436791,39533568.2802138,0.465316434714192
"193201","Otūmoetai North","Otumoetai North","050","Tauranga","Tauranga",949755.01785495,949755.017854722,1.00000000000024
"193301","Otūmoetai South","Otumoetai South","050","Tauranga","Tauranga",952972.571979651,952972.571981298,0.999999999998272
"193400","Brookfield West","Brookfield West","050","Tauranga","Tauranga",1058893.75771828,1058893.75771851,0.999999999999781
"193500","Bethlehem Central","Bethlehem Central","050","Tauranga","Tauranga",4267651.09972812,4267651.09972805,1.00000000000002
"194100","Te Reti","Te Reti","050","Tauranga","Tauranga",1723120.84577484,1723120.84577477,1.00000000000004
"194200","Bethlehem South","Bethlehem South","050","Tauranga","Tauranga",4473214.35476757,4473214.35476682,1.00000000000017
"194500","Tauriko","Tauriko","050","Tauranga","Tauranga",8390649.82539099,8390649.82539032,1.00000000000008
"194802","Fraser Cove","Fraser Cove","050","Tauranga","Tauranga",1019218.01280732,1019218.01280752,0.999999999999809
"195101","Pyes Pa North West","Pyes Pa North West","050","Tauranga","Tauranga",1762176.08795189,1762176.08795196,0.99999999999996
"195102","Pyes Pa West","Pyes Pa West","050","Tauranga","Tauranga",2871992.46441981,2871992.46441929,1.00000000000018
"195601","Pyes Pa South","Pyes Pa South","050","Tauranga","Tauranga",2343074.57302487,2343074.68567595,0.999999951921685
"195700","Poike","Poike","050","Tauranga","Tauranga",0.0972899154326121,1291754.19725792,7.53161210074911e-08
"195900","Maungatapu","Maungatapu","050","Tauranga","Tauranga",5.34852500508332e-06,1682802.85693846,3.17834319274567e-12
"197700","Tui Ridge","Tui Ridge","050","Tauranga","Tauranga",0.474867397569943,220921390.176614,2.14948582928215e-09
"209700","St Leonards","St Leonards","051","Tukituki","Tukituki",1031115.50295578,1031115.50295604,0.999999999999751
"210201","Longlands-Pukahu","Longlands-Pukahu","051","Tukituki","Tukituki",30887408.1257672,30887408.1257655,1.00000000000006
"210400","Karamu","Karamu","051","Tukituki","Tukituki",13201413.3327487,13201413.332751,0.999999999999827
"208601","Twyford","Twyford","051","Tukituki","Tukituki",24574670.5203682,24574670.9938468,0.999999980733063
"208700","Poukawa","Poukawa","051","Tukituki","Tukituki",339921440.327505,339921440.327513,0.999999999999976
"209601","Clive","Clive","051","Tukituki","Tukituki",3349606.96501019,3349606.96500959,1.00000000000018
"210800","Queens Square","Queens Square","051","Tukituki","Tukituki",600580.395591797,600580.395591785,1.00000000000002
"211201","Mangateretere","Mangateretere","051","Tukituki","Tukituki",39941763.8361932,39941763.8361925,1.00000000000002
"211301","Haumoana","Haumoana","051","Tukituki","Tukituki",1826981.02428846,1826981.02428814,1.00000000000017
"211600","Havelock North-Central","Havelock North-Central","051","Tukituki","Tukituki",475451.829101433,475451.82910106,1.00000000000078
"211900","Hereworth","Hereworth","051","Tukituki","Tukituki",1615509.86732225,1615509.86732227,0.999999999999993
"212201","Kahuranaki","Kahuranaki","051","Tukituki","Tukituki",372636498.21277,372636498.212781,0.999999999999972
"215401","Meeanee-Awatoto","Meeanee-Awatoto","051","Tukituki","Tukituki",7.99827050944335e-10,24171456.2772643,3.30897336829744e-17
"215500","Mangaonuku","Mangaonuku","051","Tukituki","Tukituki",536555000.109174,536555048.022642,0.999999910701673
"215600","Makaretu","Makaretu","051","Tukituki","Tukituki",647237867.30328,789561924.006293,0.819743008906951
"215900","Mangarara","Mangarara","051","Tukituki","Tukituki",520649385.718294,838037676.170694,0.6212720507953
"216101","Taurekaitai","Taurekaitai","051","Tukituki","Tukituki",0.0868994787944654,1153244304.35951,7.53521855394968e-11
"227600","Pohangina-Apiti","Pohangina-Apiti","051","Tukituki","Tukituki",1.14511071874279,681604107.161545,1.68002320806348e-09
"259400","Oceanic Hawke's Bay Region","Oceanic Hawke's Bay Region","051","Tukituki","Tukituki",1942882017.94352,7251956904.70561,0.267911412529607
"211000","Parkhaven","Parkhaven","051","Tukituki","Tukituki",1015854.18086197,1015854.18086206,0.999999999999912
"210000","Cornwall Park","Cornwall Park","051","Tukituki","Tukituki",1083438.00025893,1083438.00025886,1.00000000000006
"211100","Parkvale","Parkvale","051","Tukituki","Tukituki",1295212.63935861,1295212.63935861,1
"208100","Sherenden-Crownthorpe","Sherenden-Crownthorpe","051","Tukituki","Tukituki",2.36702339427853,765795889.322843,3.09093248903644e-09
"208200","Maraekakaho","Maraekakaho","051","Tukituki","Tukituki",820550688.869452,820550693.256433,0.999999994653615
"208401","Omahu-Pakowhai","Omahu-Pakowhai","051","Tukituki","Tukituki",15750839.7351032,57132118.0540134,0.275691507187117
"208500","Bridge Pa","Bridge Pa","051","Tukituki","Tukituki",23242412.5151556,23242412.5151553,1.00000000000001
"208800","Flaxmere West","Flaxmere West","051","Tukituki","Tukituki",917304.550927254,917304.550926504,1.00000000000082
"208901","Omahu Strip","Omahu Strip","051","Tukituki","Tukituki",2928715.11431765,2928715.11431826,0.999999999999794
"209000","Lochain Park","Lochain Park","051","Tukituki","Tukituki",936449.231598319,936449.231598464,0.999999999999845
"209100","Flaxmere Park","Flaxmere Park","051","Tukituki","Tukituki",1350594.45944715,1350594.45944717,0.999999999999987
"209201","Flaxmere South","Flaxmere South","051","Tukituki","Tukituki",1045084.41562355,1045084.41562322,1.00000000000031
"209401","Frimley","Frimley","051","Tukituki","Tukituki",2477898.86685584,2477898.86685534,1.0000000000002
"209301","Irongate","Irongate","051","Tukituki","Tukituki",7959970.96155777,7959970.96155664,1.00000000000014
"209500","Camberley","Camberley","051","Tukituki","Tukituki",930842.380242264,930842.380242713,0.999999999999518
"209800","Mahora","Mahora","051","Tukituki","Tukituki",948158.432887489,948158.432887438,1.00000000000005
"209901","Raureka","Raureka","051","Tukituki","Tukituki",1104662.97617378,1104662.9761737,1.00000000000007
"210100","Tomoana","Tomoana","051","Tukituki","Tukituki",3257776.30198921,3257776.30199027,0.999999999999674
"210300","Raceway Park","Raceway Park","051","Tukituki","Tukituki",1015339.52442319,1015339.52442331,0.999999999999877
"210500","Hastings Central","Hastings Central","051","Tukituki","Tukituki",1417448.52561426,1417448.52561538,0.99999999999921
"210600","Tomoana Crossing","Tomoana Crossing","051","Tukituki","Tukituki",838069.136382468,838069.136382491,0.999999999999973
"210900","Mayfair","Mayfair","051","Tukituki","Tukituki",1068616.97470105,1068616.97470118,0.999999999999879
"210700","Akina Park","Akina Park","051","Tukituki","Tukituki",1031285.19423095,1031285.19422841,1.00000000000247
"211302","Te Awanga","Te Awanga","051","Tukituki","Tukituki",1330149.51429202,1330149.51429218,0.999999999999881
"211401","Lucknow","Lucknow","051","Tukituki","Tukituki",902426.086433346,902426.086432869,1.00000000000053
"211500","Karanema-St Hill","Karanema-St Hill","051","Tukituki","Tukituki",949755.947314425,949755.947314861,0.999999999999541
"211701","Brookvale","Brookvale","051","Tukituki","Tukituki",2013349.68752881,2013349.68752844,1.00000000000018
"211800","Iona","Iona","051","Tukituki","Tukituki",1466379.06291007,1466379.06290995,1.00000000000008
"212000","Te Mata Hills","Te Mata Hills","051","Tukituki","Tukituki",12715946.8688186,12715946.8688191,0.999999999999963
"212100","Havelock Hills","Havelock Hills","051","Tukituki","Tukituki",2985925.92270373,2985925.92270376,0.999999999999989
"215700","Waipāwa","Waipawa","051","Tukituki","Tukituki",21182.6498730018,6801748.11367345,0.00311429496049974
"215801","Waipukurau West","Waipukurau West","051","Tukituki","Tukituki",0.0127619831346556,6439175.6479315,1.98192809645676e-09
"226100","Mokai Patea","Mokai Patea","051","Tukituki","Tukituki",2.47298282064471,2474898406.05247,9.99225994326445e-10
"226200","Ngamatea","Ngamatea","051","Tukituki","Tukituki",1.40525090504976,611572137.933402,2.29776802749438e-09
"232800","Norsewood","Norsewood","051","Tukituki","Tukituki",1.14369495060112,397437273.716634,2.87767410415702e-09
"259800","Bare Island","Bare Island","051","Tukituki","Tukituki",131629.332789961,131629.332789932,1.00000000000022
"116101","Kumeū Rural East","Kumeu Rural East","052","Upper Harbour","Upper Harbour",0.159348626970437,16357028.3722842,9.74190564102964e-09
"116401","Taupaki","Taupaki","052","Upper Harbour","Upper Harbour",0.133950080953147,25730185.2749636,5.20595089081947e-09
"117001","Whenuapai","Whenuapai","052","Upper Harbour","Upper Harbour",12753170.7131079,12753170.7131085,0.99999999999995
"117002","Whenuapai West","Whenuapai West","052","Upper Harbour","Upper Harbour",4272561.64223838,4272561.88522102,0.999999943129521
"117400","Albany West","Albany West","052","Upper Harbour","Upper Harbour",1065863.28400032,2057191.94392653,0.518115622194166
"118100","Albany South","Albany South","052","Upper Harbour","Upper Harbour",70706.368863943,1483988.48767233,0.0476461707427714
"118400","Schnapper Rock","Schnapper Rock","052","Upper Harbour","Upper Harbour",2213859.07763674,2213859.07763811,0.999999999999381
"118800","Westgate Central","Westgate Central","052","Upper Harbour","Upper Harbour",1863655.93341918,1863655.93341888,1.00000000000016
"119800","West Harbour West","West Harbour West","052","Upper Harbour","Upper Harbour",1927265.75290475,1927265.83149972,0.999999959219444
"119901","Unsworth Heights West","Unsworth Heights West","052","Upper Harbour","Upper Harbour",821966.647213478,821966.64721382,0.999999999999584
"120600","Massey Central","Massey Central","052","Upper Harbour","Upper Harbour",94286.2806258008,883781.971838042,0.106685001086534
"120701","West Harbour Luckens Point","West Harbour Luckens Point","052","Upper Harbour","Upper Harbour",1240712.48898168,1240712.48898135,1.00000000000027
"121401","Bayview West (Auckland)","Bayview West (Auckland)","052","Upper Harbour","Upper Harbour",733968.850589934,733968.850589636,1.00000000000041
"122101","Bayview South (Auckland)","Bayview South (Auckland)","052","Upper Harbour","Upper Harbour",911198.420150524,933621.05556602,0.975983151534749
"123300","Glenfield South West","Glenfield South West","052","Upper Harbour","Upper Harbour",0.0125876435687069,1190229.57628385,1.05758114396788e-08
"123400","Forrest Hill West","Forrest Hill West","052","Upper Harbour","Upper Harbour",0.080474071638346,1235231.47653869,6.51489807107625e-08
"118900","Greenhithe West","Greenhithe West","052","Upper Harbour","Upper Harbour",2721335.16505913,2721335.16505824,1.00000000000033
"119100","Greenhithe East","Greenhithe East","052","Upper Harbour","Upper Harbour",1439986.10885237,1439986.10885234,1.00000000000002
"119201","Hobsonville","Hobsonville","052","Upper Harbour","Upper Harbour",2899869.04946831,2899869.04946927,0.999999999999669
"119301","Inlet Waitemata Harbour","Inlet Waitemata Harbour","052","Upper Harbour","Upper Harbour",10989362.1816357,79264044.3786701,0.138642461002065
"119400","Greenhithe South","Greenhithe South","052","Upper Harbour","Upper Harbour",3646375.58824219,3646375.58824314,0.999999999999739
"117003","Massey Red Hills","Massey Red Hills","052","Upper Harbour","Upper Harbour",1967085.51349057,3435589.85978273,0.572561217657968
"118600","North Harbour","North Harbour","052","Upper Harbour","Upper Harbour",3285032.74220399,5490001.10103914,0.598366499704745
"119600","Westgate South","Westgate South","052","Upper Harbour","Upper Harbour",1232286.4553515,1709432.64693771,0.720874529662826
"120101","Birdwood West","Birdwood West","052","Upper Harbour","Upper Harbour",0.022041745428525,6236614.6309199,3.53424842369551e-09
"120201","Hobsonville Point Catalina Bay","Hobsonville Point Catalina Bay","052","Upper Harbour","Upper Harbour",1103563.67334046,1103563.67334073,0.99999999999975
"120202","Hobsonville Point Park","Hobsonville Point Park","052","Upper Harbour","Upper Harbour",1033845.30307534,1033845.30307487,1.00000000000045
"120203","Hobsonville Scott Point","Hobsonville Scott Point","052","Upper Harbour","Upper Harbour",1380631.88169292,1380631.88169284,1.00000000000006
"120301","West Harbour Clearwater Cove","West Harbour Clearwater Cove","052","Upper Harbour","Upper Harbour",1420296.70450897,1420296.70450891,1.00000000000004
"120400","Unsworth Heights East","Unsworth Heights East","052","Upper Harbour","Upper Harbour",1108318.55362165,1108318.56075278,0.99999999356581
"120900","Massey Royal Road West","Massey Royal Road West","052","Upper Harbour","Upper Harbour",0.0326951572236015,896415.717395402,3.64732083442262e-08
"121001","Bayview East (Auckland)","Bayview East (Auckland)","052","Upper Harbour","Upper Harbour",1372338.18304401,1372338.20072682,0.999999987114837
"121200","Sunnynook South","Sunnynook South","052","Upper Harbour","Upper Harbour",0.0578182111192228,798856.879333176,7.2376182286225e-08
"121500","Totara Vale North","Totara Vale North","052","Upper Harbour","Upper Harbour",865772.499278946,865772.525477158,0.999999969740075
"121600","Royal Heights North","Royal Heights North","052","Upper Harbour","Upper Harbour",0.0718426611222339,1494908.95982487,4.80582182948788e-08
"121701","Massey West","Massey West","052","Upper Harbour","Upper Harbour",0.000916727444304351,1403813.78526415,6.53026387065897e-10
"121901","Totara Vale South","Totara Vale South","052","Upper Harbour","Upper Harbour",824820.391135009,824820.437076366,0.999999944301383
"122700","Glenfield North","Glenfield North","052","Upper Harbour","Upper Harbour",0.080025840709812,806287.511774815,9.9252238861616e-08
"123100","Glenfield West","Glenfield West","052","Upper Harbour","Upper Harbour",0.0629108178542548,970733.659937293,6.4807496072938e-08
"123500","Wairau Valley","Wairau Valley","052","Upper Harbour","Upper Harbour",615264.835537699,2563635.1714314,0.23999703327294
"168701","Hauraki Plains North","Hauraki Plains North","053","Waikato","Waikato",0.2056033590408,180433978.900671,1.13949357151839e-09
"169000","Hauraki Plains South","Hauraki Plains South","053","Waikato","Waikato",1.37827666913128,251386717.318801,5.48269488472374e-09
"169100","Paeroa Rural","Paeroa Rural","053","Waikato","Waikato",0.796668469347088,272570251.287219,2.92280050953765e-09
"170700","Maramarua","Maramarua","053","Waikato","Waikato",0.698805450583566,267639791.26162,2.61099236137305e-09
"170803","Whangamarino","Whangamarino","053","Waikato","Waikato",23698961.1108281,165660543.331259,0.143057366795176
"170901","Te Ākau","Te Akau","053","Waikato","Waikato",1063778.01423848,636308014.239322,0.00167179729067247
"171201","Huntly Rural","Huntly Rural","053","Waikato","Waikato",351210847.509728,351210850.554842,0.999999991329671
"171300","Waerenga","Waerenga","053","Waikato","Waikato",261738787.197028,261738788.883755,0.999999993555684
"171400","Huntly West","Huntly West","053","Waikato","Waikato",5753258.96942925,5753258.96942946,0.999999999999964
"171501","Huntly East","Huntly East","053","Waikato","Waikato",6787791.17635742,6787791.17635742,1
"171502","Huntly South","Huntly South","053","Waikato","Waikato",4032929.86272578,4032929.8627256,1.00000000000004
"171700","Whitikahu","Whitikahu","053","Waikato","Waikato",253641218.541736,253641218.541725,1.00000000000005
"172700","Horsham Downs","Horsham Downs","053","Waikato","Waikato",15787957.7180972,15787957.9132152,0.999999987641338
"173000","Hamilton Park","Hamilton Park","053","Waikato","Waikato",46318430.3504298,46318430.92515,0.999999987591975
"173201","Tamahere North","Tamahere North","053","Waikato","Waikato",12984151.6444754,12984151.776668,0.999999989818927
"173202","Tamahere West","Tamahere West","053","Waikato","Waikato",5689809.77000099,5689810.13103325,0.999999936547574
"173300","Pukemoremore","Pukemoremore","053","Waikato","Waikato",43277122.0974115,43277122.0974117,0.999999999999996
"173400","Tamahere South","Tamahere South","053","Waikato","Waikato",38836462.0836796,38836462.9920264,0.999999976610979
"173500","Tahuna-Mangateparu","Tahuna-Mangateparu","053","Waikato","Waikato",238922714.422207,238922715.272871,0.999999996439585
"173600","Mangaiti","Mangaiti","053","Waikato","Waikato",257276359.36752,257276361.891822,0.999999990188363
"173700","Tatuanui","Tatuanui","053","Waikato","Waikato",144464369.18954,144464369.189551,0.999999999999922
"173801","Tahuroa","Tahuroa","053","Waikato","Waikato",179339427.185676,179339427.18567,1.00000000000004
"173902","Morrinsville East","Morrinsville East","053","Waikato","Waikato",3235723.73245167,3235723.7324526,0.999999999999712
"175100","Te Poi","Te Poi","053","Waikato","Waikato",127968200.221944,127968200.796169,0.999999995512752
"175201","Te Rapa North","Te Rapa North","053","Waikato","Waikato",0.164798316313367,8380652.78073761,1.96641384179697e-08
"175501","Flagstaff South","Flagstaff South","053","Waikato","Waikato",0.0326036750310934,1547382.79629401,2.10702064861903e-08
"175601","Rototuna North","Rototuna North","053","Waikato","Waikato",2436231.44781997,2436231.60829878,0.999999934128262
"176900","Huntington","Huntington","053","Waikato","Waikato",0.0288010737192508,1263413.15526927,2.27962433342816e-08
"182400","Hautapu","Hautapu","053","Waikato","Waikato",103052.42430813,7434617.53946945,0.0138611601418685
"179202","Ruakura","Ruakura","053","Waikato","Waikato",0.189018893752091,6980677.61554818,2.70774420711088e-08
"182500","Karapiro","Karapiro","053","Waikato","Waikato",164738127.119026,190816558.44694,0.863332451123915
"182600","Cambridge North","Cambridge North","053","Waikato","Waikato",0.067841907708892,1810576.76404146,3.74697770656569e-08
"184900","Maungatautari","Maungatautari","053","Waikato","Waikato",0.0716131588458815,113003755.092505,6.33723709333899e-10
"185800","Tīrau","Tirau","053","Waikato","Waikato",212653039.569456,293104396.634355,0.725519787527237
"185900","Putāruru Rural","Putaruru Rural","053","Waikato","Waikato",1.1879687809603,555792932.205006,2.13743052875332e-09
"169301","Waihī Rural","Waihi Rural","053","Waikato","Waikato",0.956880690034349,375613949.555241,2.54751105800884e-09
"174200","Te Aroha West","Te Aroha West","053","Waikato","Waikato",6284068.00784628,6284068.00784787,0.999999999999748
"174300","Waihou-Manawaru","Waihou-Manawaru","053","Waikato","Waikato",140784465.326772,140784466.469833,0.999999991880778
"171901","Taupiri-Lake Kainui","Taupiri-Lake Kainui","053","Waikato","Waikato",46778530.9101729,47975123.4048761,0.97505806322571
"172001","Ngāruawāhia North","Ngaruawahia North","053","Waikato","Waikato",2920120.4290356,2920120.52626293,0.99999996670434
"172100","Ngāruawāhia Central","Ngaruawahia Central","053","Waikato","Waikato",2956421.01057093,3847782.56019462,0.768344095416192
"174400","Waitoa-Ngarua","Waitoa-Ngarua","053","Waikato","Waikato",108077315.078703,108077315.078705,0.999999999999981
"174500","Richmond Downs-Wardville","Richmond Downs-Wardville","053","Waikato","Waikato",206717036.303707,206717037.091139,0.99999999619077
"174601","Waharoa-Peria","Waharoa-Peria","053","Waikato","Waikato",72084276.7644647,72084276.7644608,1.00000000000005
"174701","Okauia","Okauia","053","Waikato","Waikato",119510852.684053,119510853.008938,0.999999997281539
"174801","Hinuera","Hinuera","053","Waikato","Waikato",129372334.924155,129372335.346255,0.999999996737323
"172201","Ngāruawāhia South","Ngaruawahia South","053","Waikato","Waikato",1731873.69326616,5096786.04379817,0.339797213064011
"174901","Matamata North","Matamata North","053","Waikato","Waikato",3031356.09938841,3031356.09938824,1.00000000000006
"172300","Kainui-Gordonton","Kainui-Gordonton","053","Waikato","Waikato",88427038.2885305,88427038.2885284,1.00000000000002
"175001","Matamata West","Matamata West","053","Waikato","Waikato",4089554.27846799,4089554.27846824,0.999999999999939
"172401","Te Kōwhai","Te Kowhai","053","Waikato","Waikato",858473.897468656,43315425.2783493,0.0198191266033293
"172601","Horotiu","Horotiu","053","Waikato","Waikato",0.123986479717221,4187582.1773152,2.96081305314736e-08
"175002","Matamata East","Matamata East","053","Waikato","Waikato",2466020.11550475,2466020.11550477,0.999999999999992
"173100","Eureka-Tauwhare","Eureka-Tauwhare","053","Waikato","Waikato",135569521.103398,135569521.103397,1.00000000000001
"173901","Morrinsville North","Morrinsville North","053","Waikato","Waikato",1850192.2696123,1850192.2696119,1.00000000000021
"174001","Morrinsville West","Morrinsville West","053","Waikato","Waikato",5194235.22260738,5194235.22260797,0.999999999999885
"176101","Te Manatu","Te Manatu","053","Waikato","Waikato",0.180840781274291,1407944.61873075,1.28443106972004e-07
"174100","Te Aroha East","Te Aroha East","053","Waikato","Waikato",4679651.51633383,4679651.51633465,0.999999999999826
"175301","Flagstaff North West","Flagstaff North West","053","Waikato","Waikato",316639.512838627,940642.52314135,0.33662045362481
"175302","Flagstaff North East","Flagstaff North East","053","Waikato","Waikato",360272.463761501,901138.157403278,0.399797146310686
"175901","Rototuna West","Rototuna West","053","Waikato","Waikato",0.0572706502366233,838090.13941246,6.83347143026557e-08
"175902","Rototuna East","Rototuna East","053","Waikato","Waikato",0.0272736562968629,751562.949889534,3.6289250688677e-08
"176700","St James","St James","053","Waikato","Waikato",0.0483750055179649,733917.16965323,6.59134402603249e-08
"179201","Greenhill Park","Greenhill Park","053","Waikato","Waikato",0.173889814474242,2043965.52474117,8.5074729671021e-08
"181200","Riverlea","Riverlea","053","Waikato","Waikato",0.169791440132234,1739465.38477827,9.76112785100789e-08
"181301","Peacocke","Peacocke","053","Waikato","Waikato",0.0990340082390146,6932861.65963627,1.42847229760258e-08
"181600","Lake Cameron","Lake Cameron","053","Waikato","Waikato",0.204913379581105,51515185.4798387,3.97772768694196e-09
"181800","Kaipaki","Kaipaki","053","Waikato","Waikato",0.338373852909781,36523223.246501,9.26462187157036e-09
"182000","Hautapu Rural","Hautapu Rural","053","Waikato","Waikato",3778781.18279245,14709407.7006226,0.256895536496177
"182300","Fencourt","Fencourt","053","Waikato","Waikato",25196294.3060494,25196294.4572338,0.999999993999734
"183000","Oaklands-St Kilda","Oaklands-St Kilda","053","Waikato","Waikato",1084772.20202993,1682388.7557882,0.644780939184126
"190501","Aongatete","Aongatete","053","Waikato","Waikato",0.775145647395128,164355504.360749,4.71627433720586e-09
"190902","Pahoia East","Pahoia East","053","Waikato","Waikato",0.328825968264857,72207511.5037036,4.55390251536353e-09
"191400","Kaimai","Kaimai","053","Waikato","Waikato",1.61891742062156,327886947.311976,4.93742563982336e-09
"314301","Oxford Estate","Oxford Estate","054","Waimakariri","Waimakariri",936002.976566477,936002.976566569,0.999999999999901
"314701","Waikuku","Waikuku","054","Waimakariri","Waimakariri",25474057.4187842,25474057.8993705,0.999999981134286
"313000","Okuku","Okuku","054","Waimakariri","Waimakariri",505549373.839754,834793132.301034,0.60559838632866
"314100","Ashgrove","Ashgrove","054","Waimakariri","Waimakariri",667393.854140582,667393.854140632,0.999999999999926
"315001","Southbrook","Southbrook","054","Waimakariri","Waimakariri",3240045.49163946,3240045.49163996,0.999999999999843
"315200","Tuahiwi","Tuahiwi","054","Waimakariri","Waimakariri",22705008.5144447,22705008.5144452,0.999999999999976
"315601","Pegasus Bay","Pegasus Bay","054","Waimakariri","Waimakariri",23527899.1933895,23527899.3190873,0.999999994657498
"316300","Kaiapoi East","Kaiapoi East","054","Waimakariri","Waimakariri",5022087.93231077,5022088.1242881,0.999999961773404
"316401","McLeans Island","McLeans Island","054","Waimakariri","Waimakariri",14068532.8687509,74915804.4780135,0.187791254018767
"316800","Clearwater","Clearwater","054","Waimakariri","Waimakariri",5773854.77411751,5773854.77411866,0.999999999999801
"316900","Belfast West","Belfast West","054","Waimakariri","Waimakariri",2604817.31274776,2604817.31274789,0.999999999999948
"317100","Brooklands-Spencerville","Brooklands-Spencerville","054","Waimakariri","Waimakariri",0.104753182728549,7247240.08092688,1.44542172687553e-08
"317201","Styx","Styx","054","Waimakariri","Waimakariri",1611842.4538134,32093175.4774362,0.0502238382408324
"318401","Marshland","Marshland","054","Waimakariri","Waimakariri",3108109.26720972,7992580.58367227,0.38887431095273
"332301","Inlets other Christchurch City","Inlets other Christchurch City","054","Waimakariri","Waimakariri",0.0291246562485226,36963569.423395,7.87928674174225e-10
"334400","Halkett","Halkett","054","Waimakariri","Waimakariri",0.50705953542038,86012085.0832401,5.89521268935246e-09
"317800","Bishopdale North","Bishopdale North","054","Waimakariri","Waimakariri",0.0777196229104563,1368460.74381449,5.67934617501838e-08
"319400","Papanui North","Papanui North","054","Waimakariri","Waimakariri",0.0154449153686568,599423.358840652,2.57662887854903e-08
"315901","Sovereign Palms","Sovereign Palms","054","Waimakariri","Waimakariri",2198588.54863587,2198588.54863552,1.00000000000016
"316000","Kaiapoi West","Kaiapoi West","054","Waimakariri","Waimakariri",510220.914229923,510220.914229796,1.00000000000025
"313100","Ashley Gorge","Ashley Gorge","054","Waimakariri","Waimakariri",336414268.828688,336414272.285992,0.999999989723077
"313200","Oxford","Oxford","054","Waimakariri","Waimakariri",11817477.0470913,11817477.0470906,1.00000000000006
"313300","Starvation Hill-Cust","Starvation Hill-Cust","054","Waimakariri","Waimakariri",181648419.056201,181648420.343151,0.999999992915164
"313400","Loburn","Loburn","054","Waimakariri","Waimakariri",0.397515740886406,89316940.5520185,4.45061976406246e-09
"313500","Eyrewell","Eyrewell","054","Waimakariri","Waimakariri",272107616.773855,272107617.825276,0.99999999613601
"313600","West Eyreton","West Eyreton","054","Waimakariri","Waimakariri",114887348.998267,114887348.99827,0.999999999999968
"313700","Ashley-Sefton","Ashley-Sefton","054","Waimakariri","Waimakariri",0.554002549562641,86905740.7357454,6.37475205748719e-09
"313801","Fernside","Fernside","054","Waimakariri","Waimakariri",39031264.5180985,39031264.7883103,0.999999993077042
"314600","Lilybrook","Lilybrook","054","Waimakariri","Waimakariri",1263245.22140486,1263245.22140481,1.00000000000004
"312400","Upper Hurunui","Upper Hurunui","054","Waimakariri","Waimakariri",1.06845397403028,1004959578.34112,1.06318104435003e-09
"313900","Rangiora North West","Rangiora North West","054","Waimakariri","Waimakariri",1994947.98015428,1994947.9801545,0.999999999999891
"314000","Kingsbury","Kingsbury","054","Waimakariri","Waimakariri",2581058.43477784,2581058.45626847,0.999999991673715
"314200","Rangiora North East","Rangiora North East","054","Waimakariri","Waimakariri",2020031.93573165,2020031.93573179,0.999999999999931
"314400","Rangiora Central","Rangiora Central","054","Waimakariri","Waimakariri",367036.466948396,367036.466948442,0.999999999999875
"314501","Rangiora South West","Rangiora South West","054","Waimakariri","Waimakariri",1961287.34630273,1961287.34630261,1.00000000000006
"314702","Ravenswood","Ravenswood","054","Waimakariri","Waimakariri",1747633.00841459,1747633.00841494,0.999999999999803
"314703","Waikuku Beach","Waikuku Beach","054","Waimakariri","Waimakariri",1517648.44708772,1517648.44708763,1.00000000000006
"314801","Mandeville","Mandeville","054","Waimakariri","Waimakariri",6363403.99561676,6363403.99561607,1.00000000000011
"314802","Ohoka","Ohoka","054","Waimakariri","Waimakariri",34037211.0269876,34037211.0269882,0.999999999999984
"314900","Rangiora South East","Rangiora South East","054","Waimakariri","Waimakariri",2667764.24308308,2667764.24308369,0.99999999999977
"315100","Swannanoa-Eyreton","Swannanoa-Eyreton","054","Waimakariri","Waimakariri",61772130.2492076,61772130.5868603,0.999999994533898
"315800","Silverstream (Waimakariri District)","Silverstream (Waimakariri District)","054","Waimakariri","Waimakariri",1010907.44696345,1010907.4469635,0.999999999999945
"315301","Woodend","Woodend","054","Waimakariri","Waimakariri",4245850.0974089,4245850.09740868,1.00000000000005
"315400","Pegasus","Pegasus","054","Waimakariri","Waimakariri",6336797.28661676,6336797.28661715,0.99999999999994
"315500","Clarkville","Clarkville","054","Waimakariri","Waimakariri",30131005.8962266,30131005.8962265,1
"315700","Kaiapoi North West","Kaiapoi North West","054","Waimakariri","Waimakariri",3505634.75142686,3505634.75142775,0.999999999999745
"316100","Kaiapoi Central","Kaiapoi Central","054","Waimakariri","Waimakariri",1524678.59215597,1524678.59215566,1.00000000000021
"316200","Kaiapoi South","Kaiapoi South","054","Waimakariri","Waimakariri",876149.549631685,876149.549631745,0.999999999999931
"317600","Regents Park","Regents Park","054","Waimakariri","Waimakariri",1457855.09158926,1457855.10652254,0.999999989756678
"316700","Christchurch Airport","Christchurch Airport","054","Waimakariri","Waimakariri",1455870.49014126,11449435.0244415,0.12715653541274
"317000","Harewood","Harewood","054","Waimakariri","Waimakariri",1362314.63440745,3792366.69227787,0.359225450740677
"317301","Belfast East","Belfast East","054","Waimakariri","Waimakariri",3963621.12076058,3963621.23550969,0.999999971049427
"317400","Northwood","Northwood","054","Waimakariri","Waimakariri",1452388.18971627,1452388.18971598,1.0000000000002
"317900","Casebrook","Casebrook","054","Waimakariri","Waimakariri",1828239.27289361,1828239.48199783,0.999999885625371
"318402","Burlington-Oakbridge","Burlington-Oakbridge","054","Waimakariri","Waimakariri",0.0859711718569933,966744.42237019,8.89285418851611e-08
"318600","Redwood North","Redwood North","054","Waimakariri","Waimakariri",0.0931274834392366,1142536.38288988,8.15094248497223e-08
"318800","Redwood West","Redwood West","054","Waimakariri","Waimakariri",0.110998023098886,815814.409136903,1.36057934078802e-07
"333600","Craigieburn","Craigieburn","054","Waimakariri","Waimakariri",2.0259646352561,3444256221.98554,5.88215424370541e-10
"333700","Torlesse","Torlesse","054","Waimakariri","Waimakariri",1.68318377527865,414278301.269774,4.06293008858936e-09
"334100","Kirwee","Kirwee","054","Waimakariri","Waimakariri",0.867169123682664,97189001.9869702,8.92250260784572e-09
"363800","Oceanic Canterbury Region","Oceanic Canterbury Region","054","Waimakariri","Waimakariri",247196077.365826,11440033258.8297,0.0216079859011803
"232601","Aokautere Rural","Aokautere Rural","055","Wairarapa","Wairarapa",37932335.1889738,85709216.7512835,0.4425700832041
"242300","Mangaroa","Mangaroa","055","Wairarapa","Wairarapa",1.0546609853432,154570775.860291,6.82315903166883e-09
"215500","Mangaonuku","Mangaonuku","055","Wairarapa","Wairarapa",47.7123480779796,536555048.022642,8.89234911754407e-08
"215600","Makaretu","Makaretu","055","Wairarapa","Wairarapa",142324055.719551,789561924.006293,0.18025698984747
"215900","Mangarara","Mangarara","055","Wairarapa","Wairarapa",317388290.452245,838037676.170694,0.378727949204516
"216000","Waipukurau East","Waipukurau East","055","Wairarapa","Wairarapa",2262731.31299192,2262731.312993,0.999999999999522
"216101","Taurekaitai","Taurekaitai","055","Wairarapa","Wairarapa",1153244304.27255,1153244304.35951,0.999999999924603
"227600","Pohangina-Apiti","Pohangina-Apiti","055","Wairarapa","Wairarapa",2.49979248905734,681604107.161545,3.66751382920418e-09
"228700","Taonui","Taonui","055","Wairarapa","Wairarapa",0.649291373059946,165766556.718383,3.91690209360511e-09
"229400","Whakarongo","Whakarongo","055","Wairarapa","Wairarapa",5319166.3065389,51234337.1808606,0.103820340014586
"232200","Ashhurst","Ashhurst","055","Wairarapa","Wairarapa",4207113.19721622,4207113.45150225,0.999999939558076
"232501","Pihauatua","Pihauatua","055","Wairarapa","Wairarapa",0.359662167512748,141873873.742999,2.53508386021986e-09
"236000","Makahika","Makahika","055","Wairarapa","Wairarapa",0.240702928635907,170322845.861562,1.41321575164115e-09
"238200","Tararua Forest Park","Tararua Forest Park","055","Wairarapa","Wairarapa",1.70177641172956,365625245.420424,4.65442808735139e-09
"241200","Akatarawa","Akatarawa","055","Wairarapa","Wairarapa",0.967353350399224,334148522.965056,2.8949801777229e-09
"246800","Pencarrow","Pencarrow","055","Wairarapa","Wairarapa",1.23405466171142,268400088.362049,4.59781764321473e-09
"255300","Kopuaranga","Kopuaranga","055","Wairarapa","Wairarapa",458036179.781918,458036180.324216,0.999999998816036
"255401","Upper Plain","Upper Plain","055","Wairarapa","Wairarapa",84910935.2332799,84910935.233279,1.00000000000001
"255501","Opaki","Opaki","055","Wairarapa","Wairarapa",35617918.3786536,35617918.3786557,0.999999999999942
"255700","Solway North","Solway North","055","Wairarapa","Wairarapa",2076042.63321546,2076042.63321539,1.00000000000003
"256000","Kuripuni","Kuripuni","055","Wairarapa","Wairarapa",1257055.44820916,1257055.44820964,0.99999999999962
"256100","Douglas Park","Douglas Park","055","Wairarapa","Wairarapa",1208276.43558933,1208276.43558944,0.99999999999991
"256200","Solway South","Solway South","055","Wairarapa","Wairarapa",6385057.55764623,6385057.55764588,1.00000000000005
"256500","Whareama","Whareama","055","Wairarapa","Wairarapa",1596077489.12577,1596077489.12578,0.999999999999992
"256600","Homebush-Te Ore Ore","Homebush-Te Ore Ore","055","Wairarapa","Wairarapa",103113987.539611,103113987.539605,1.00000000000005
"256800","Mount Holdsworth","Mount Holdsworth","055","Wairarapa","Wairarapa",432874680.617435,432874682.136558,0.999999996490619
"257000","Kokotau","Kokotau","055","Wairarapa","Wairarapa",120575231.544943,120575231.544945,0.999999999999982
"257200","Gladstone (Carterton District)","Gladstone (Carterton District)","055","Wairarapa","Wairarapa",621148991.150178,621148991.150177,1
"257300","Tauherenikau","Tauherenikau","055","Wairarapa","Wairarapa",337662733.333209,337662734.585962,0.999999996289928
"257400","Kahutara","Kahutara","055","Wairarapa","Wairarapa",464592045.092727,464592047.931469,0.999999993889818
"257600","Inland water Lake Wairarapa","Inland water Lake Wairarapa","055","Wairarapa","Wairarapa",63508470.2245789,63508470.2245745,1.00000000000007
"259400","Oceanic Hawke's Bay Region","Oceanic Hawke's Bay Region","055","Wairarapa","Wairarapa",1036358134.56311,7251956904.70561,0.142907376337364
"259600","Oceanic Wellington Region","Oceanic Wellington Region","055","Wairarapa","Wairarapa",4518748475.26246,7732527662.51709,0.584381805339901
"259900","Oceanic Manawatū-Whanganui Region East","Oceanic Manawatu-Whanganui Region East","055","Wairarapa","Wairarapa",1012634140.70193,1012634143.20304,0.999999997530093
"215700","Waipāwa","Waipawa","055","Wairarapa","Wairarapa",6780565.46380304,6801748.11367345,0.996885705039881
"215801","Waipukurau West","Waipukurau West","055","Wairarapa","Wairarapa",6439175.6351681,6439175.6479315,0.999999998017852
"232800","Norsewood","Norsewood","055","Wairarapa","Wairarapa",397437271.876827,397437273.716634,0.999999995370825
"232900","Papatawa","Papatawa","055","Wairarapa","Wairarapa",230054402.531132,230054403.270268,0.999999996787124
"233000","Mangatainoka","Mangatainoka","055","Wairarapa","Wairarapa",496887056.057915,496887058.819444,0.999999994442341
"233100","Woodville","Woodville","055","Wairarapa","Wairarapa",4039404.82525942,4039404.82525948,0.999999999999983
"233200","Dannevirke West","Dannevirke West","055","Wairarapa","Wairarapa",2073952.73317399,2073952.73317003,1.00000000000191
"233300","Dannevirke East","Dannevirke East","055","Wairarapa","Wairarapa",4741830.5586509,4741830.55865177,0.999999999999816
"233400","Waitahora","Waitahora","055","Wairarapa","Wairarapa",538316505.249487,538316505.249484,1
"233500","Kaitawa","Kaitawa","055","Wairarapa","Wairarapa",583003282.963809,583003282.963818,0.999999999999985
"233600","Pahiatua","Pahiatua","055","Wairarapa","Wairarapa",3877055.70588901,3877055.70588796,1.00000000000027
"233700","Nireaha-Eketāhuna","Nireaha-Eketahuna","055","Wairarapa","Wairarapa",892637946.454208,892637947.415264,0.999999998923353
"233801","Owahanga","Owahanga","055","Wairarapa","Wairarapa",1142419489.47835,1142419489.47837,0.999999999999985
"233900","Mara","Mara","055","Wairarapa","Wairarapa",69146039.3410766,69146039.341076,1.00000000000001
"234600","Miranui","Miranui","055","Wairarapa","Wairarapa",1.45079474669243,296873873.373461,4.88690611338292e-09
"255601","Ngaumutawa","Ngaumutawa","055","Wairarapa","Wairarapa",1156713.86978049,1156713.86978037,1.00000000000011
"255800","Lansdowne West","Lansdowne West","055","Wairarapa","Wairarapa",2275349.2561642,2275349.25616402,1.00000000000008
"256700","McJorrow Park","McJorrow Park","055","Wairarapa","Wairarapa",908926.275867951,908926.275867908,1.00000000000005
"255900","Masterton Central","Masterton Central","055","Wairarapa","Wairarapa",1759667.35451661,1759667.35451766,0.999999999999403
"256900","Carterton North","Carterton North","055","Wairarapa","Wairarapa",2360872.67891811,2360872.67891844,0.999999999999861
"256301","Lansdowne East","Lansdowne East","055","Wairarapa","Wairarapa",3933941.53711119,3933941.53711162,0.99999999999989
"257100","Carterton South","Carterton South","055","Wairarapa","Wairarapa",2936668.49635943,2936668.49636011,0.999999999999766
"256400","Cameron and Soldiers Park","Cameron and Soldiers Park","055","Wairarapa","Wairarapa",1486359.64671761,1486359.64671821,0.999999999999603
"257500","Featherston","Featherston","055","Wairarapa","Wairarapa",3189649.26988692,3189649.26988669,1.00000000000007
"257700","Greytown","Greytown","055","Wairarapa","Wairarapa",5068963.06155667,5068963.06155819,0.9999999999997
"257801","Aorangi Forest","Aorangi Forest","055","Wairarapa","Wairarapa",1578884945.35956,1578884945.35955,1
"257901","Martinborough","Martinborough","055","Wairarapa","Wairarapa",4862621.38258534,4862621.38258592,0.999999999999881
"116401","Taupaki","Taupaki","056","Waitākere","Waitakere",0.292355553249132,25730185.2749636,1.13623570963402e-08
"117100","Waitākere Ranges North","Waitakere Ranges North","056","Waitākere","Waitakere",86805216.3231186,86805216.8054636,0.999999994443364
"121100","Swanson Rural","Swanson Rural","056","Waitākere","Waitakere",14585134.1415874,15146156.8518921,0.962959401794742
"122001","Swanson","Swanson","056","Waitākere","Waitakere",0.0941629910098144,2094250.10032371,4.49626293417676e-08
"124100","Piha","Piha","056","Waitākere","Waitakere",5238284.22447277,5238284.22447076,1.00000000000038
"124700","Henderson Valley","Henderson Valley","056","Waitākere","Waitakere",15037895.1123626,15037895.1638437,0.999999996576576
"125000","Rānui South East","Ranui South East","056","Waitākere","Waitakere",0.00844232309075715,944712.67225931,8.93639234304655e-09
"127500","Henderson Central","Henderson Central","056","Waitākere","Waitakere",0.0178971543105228,2015884.93904394,8.87806340723532e-09
"128901","Glendene North West","Glendene North West","056","Waitākere","Waitakere",0.0338969569093974,659364.189748077,5.14085499886616e-08
"129000","Sunnyvale West-Parrs Park","Sunnyvale West-Parrs Park","056","Waitākere","Waitakere",841681.827644394,841681.943584292,0.999999862252126
"129101","Sunnyvale East","Sunnyvale East","056","Waitākere","Waitakere",0.179080984380556,1123996.35640878,1.59325235673119e-07
"129501","Glendene South","Glendene South","056","Waitākere","Waitakere",0.0160878729813379,1107601.20974928,1.45249687701041e-08
"130000","Oratia","Oratia","056","Waitākere","Waitakere",17190547.932477,17190547.9324839,0.999999999999603
"132900","Fruitvale","Fruitvale","056","Waitākere","Waitakere",852116.830317806,852116.878813147,0.999999943088393
"133900","New Lynn Central","New Lynn Central","056","Waitākere","Waitakere",803734.016043843,1183002.3731441,0.679401862827826
"141400","Inlet Manukau Harbour","Inlet Manukau Harbour","056","Waitākere","Waitakere",54291517.2946181,374553577.649694,0.144949936495854
"136501","New Lynn South","New Lynn South","056","Waitākere","Waitakere",644103.764850725,644103.76485031,1.00000000000064
"136700","Titirangi South","Titirangi South","056","Waitākere","Waitakere",4737408.20262343,4737408.20262286,1.00000000000012
"137201","Blockhouse Bay North","Blockhouse Bay North","056","Waitākere","Waitakere",0.0243439123280689,593654.159640126,4.10068925362642e-08
"137500","Laingholm","Laingholm","056","Waitākere","Waitakere",4078300.45074257,4078300.45074201,1.00000000000014
"138000","Green Bay South","Green Bay South","056","Waitākere","Waitakere",1155917.30854611,1257866.37782863,0.91895079550619
"138901","Blockhouse Bay South","Blockhouse Bay South","056","Waitākere","Waitakere",1.46243921196392e-06,1264730.49796808,1.15632477773999e-12
"119301","Inlet Waitemata Harbour","Inlet Waitemata Harbour","056","Waitākere","Waitakere",15893.7349056866,79264044.3786701,0.000200516325280566
"111000","Oceanic Auckland Region West","Oceanic Auckland Region West","056","Waitākere","Waitakere",582711967.983399,2384034572.61827,0.244422616465429
"115300","Muriwai Valley-Bethells Beach","Muriwai Valley-Bethells Beach","056","Waitākere","Waitakere",8328284.7099715,35357400.1796905,0.235545732085678
"118001","Waitākere","Waitakere","056","Waitākere","Waitakere",12926996.1054809,14789608.5426407,0.874059382181101
"131000","Kelston South","Kelston South","056","Waitākere","Waitakere",0.0940281842437618,835557.50631236,1.12533468412898e-07
"120101","Birdwood West","Birdwood West","056","Waitākere","Waitakere",499837.148564343,6236614.6309199,0.0801455882950101
"124200","Rānui South West","Ranui South West","056","Waitākere","Waitakere",0.033511677039983,737382.746425013,4.54467875773534e-08
"127801","Henderson Valley Park","Henderson Valley Park","056","Waitākere","Waitakere",0.0430844762655371,969240.359786557,4.44517975654925e-08
"128000","Waitākere Ranges South","Waitakere Ranges South","056","Waitākere","Waitakere",101552917.298638,101552917.298637,1.00000000000001
"126000","Summerland South","Summerland South","056","Waitākere","Waitakere",0.0928636468847564,1334010.72144051,6.96123692203008e-08
"128301","McLaren Memorial Park","McLaren Memorial Park","056","Waitākere","Waitakere",0.103263339429508,793033.074437812,1.30213155993163e-07
"126901","Western Heights (Auckland)","Western Heights (Auckland)","056","Waitākere","Waitakere",0.0603153364351683,1073607.23464334,5.61800763714169e-08
"127601","Waiatarua","Waiatarua","056","Waitākere","Waitakere",11365019.5891089,11365019.6747537,0.999999992464181
"129600","Glen Eden West","Glen Eden West","056","Waitākere","Waitakere",1154631.39025663,1154631.3902565,1.00000000000011
"130901","Glen Eden Woodglen","Glen Eden Woodglen","056","Waitākere","Waitakere",917006.676580113,917006.676579948,1.00000000000018
"130100","Glen Eden Rosier","Glen Eden Rosier","056","Waitākere","Waitakere",1244302.60722559,1244302.61403226,0.999999994529729
"130902","Glen Eden Konini","Glen Eden Konini","056","Waitākere","Waitakere",1087417.51485411,1087417.51485397,1.00000000000013
"130801","Glen Eden North","Glen Eden North","056","Waitākere","Waitakere",1876594.88896472,1876595.04784314,0.999999915336864
"131500","Glen Eden Central","Glen Eden Central","056","Waitākere","Waitakere",1247595.15410219,1247595.15410215,1.00000000000003
"134600","Waima-Woodlands Park","Waima-Woodlands Park","056","Waitākere","Waitakere",3484365.58661378,3484365.58661404,0.999999999999924
"132501","Konini Road","Konini Road","056","Waitākere","Waitakere",1268720.41028206,1268720.41028187,1.00000000000015
"132600","New Lynn North West","New Lynn North West","056","Waitākere","Waitakere",0.0665649553840484,689566.399651789,9.65316109045652e-08
"134700","Kaurilands","Kaurilands","056","Waitākere","Waitakere",1463394.83083494,1463394.83083502,0.999999999999945
"134900","New Lynn Seabrook","New Lynn Seabrook","056","Waitākere","Waitakere",722397.788073639,722397.788073695,0.999999999999922
"135401","Titirangi East","Titirangi East","056","Waitākere","Waitakere",1224318.84026152,1224318.84026144,1.00000000000006
"135600","New Lynn Central South","New Lynn Central South","056","Waitākere","Waitakere",740339.002645156,740339.002646032,0.999999999998817
"136502","New Lynn South East","New Lynn South East","056","Waitākere","Waitakere",701476.179900067,792251.546861914,0.885421029064057
"137202","Blockhouse Bay Central","Blockhouse Bay Central","056","Waitākere","Waitakere",0.0330279351613961,963485.0622506,3.42796546157616e-08
"137300","Green Bay North","Green Bay North","056","Waitākere","Waitakere",1035406.6947755,1035406.72279375,0.999999972939863
"311900","Whataroa-Harihari","Whataroa-Harihari","057","Waitaki","Waitaki",1.67874399422586,1136246017.60048,1.47744763741485e-09
"338800","Levels Valley","Levels Valley","057","Waitaki","Waitaki",315661156.212294,386376988.163808,0.816977112722009
"338901","Geraldine","Geraldine","057","Waitaki","Waitaki",3221723.68233782,3221723.68233773,1.00000000000003
"339002","Rangitata","Rangitata","057","Waitaki","Waitaki",77179416.6679608,171838480.108201,0.449139311633595
"339100","Waitohi (Timaru District)","Waitohi (Timaru District)","057","Waitaki","Waitaki",103379675.353501,371782788.119181,0.278064715896318
"339400","Hadlow","Hadlow","057","Waitaki","Waitaki",35121239.7919943,93741506.5792604,0.374660500706788
"339500","Levels","Levels","057","Waitaki","Waitaki",0.143824773969307,87989523.800858,1.63456702294261e-09
"339900","Fairview","Fairview","057","Waitaki","Waitaki",98369747.9840517,98369748.3647878,0.999999996129541
"346100","Inland water Lake Wānaka","Inland water Lake Wanaka","057","Waitaki","Waitaki",201019042.995677,201019042.995674,1.00000000000001
"346201","Outer Wakatipu","Outer Wakatipu","057","Waitaki","Waitaki",5.86888771789235,1862927337.79659,3.15035782599759e-09
"346300","Inland water Lake Hāwea","Inland water Lake Hawea","057","Waitaki","Waitaki",157008397.273831,157008397.27382,1.00000000000007
"346400","Cardrona","Cardrona","057","Waitaki","Waitaki",857850698.123784,857850701.29812,0.999999996299663
"346702","Northlake","Northlake","057","Waitaki","Waitaki",3399007.32586621,3399007.325866,1.00000000000006
"346800","Wānaka West","Wanaka West","057","Waitaki","Waitaki",4424976.06447591,4424976.06447645,0.999999999999878
"346901","Albert Town","Albert Town","057","Waitaki","Waitaki",3888291.49955229,3888291.49955242,0.999999999999965
"347000","Wānaka Central","Wanaka Central","057","Waitaki","Waitaki",7562055.10618879,7562055.10618958,0.999999999999896
"347201","Upper Clutha Valley","Upper Clutha Valley","057","Waitaki","Waitaki",159795446.713812,159795446.713814,0.999999999999985
"338600","Ben McLeod","Ben McLeod","057","Waitaki","Waitaki",842234742.606101,842234747.079043,0.999999994689198
"338700","Arundel","Arundel","057","Waitaki","Waitaki",629207774.043235,629207775.315741,0.999999997977606
"341700","Inland water Lake Tekapo","Inland water Lake Tekapo","057","Waitaki","Waitaki",93974974.1104156,93974974.1104198,0.999999999999955
"341900","Opua (Mackenzie District)","Opua (Mackenzie District)","057","Waitaki","Waitaki",1978489177.85394,1978489177.85393,1.00000000000001
"342100","Hakataramea","Hakataramea","057","Waitaki","Waitaki",2088217532.65429,2088217532.65431,0.99999999999999
"342200","Maungati","Maungati","057","Waitaki","Waitaki",695945483.727325,695945483.72733,0.999999999999993
"342300","Lyalldale","Lyalldale","057","Waitaki","Waitaki",109539709.190732,109539709.190734,0.999999999999983
"342400","Mākikihi-Willowbridge","Makikihi-Willowbridge","057","Waitaki","Waitaki",295033869.753045,295033869.753045,1
"342600","Morven-Glenavy-Ikawai","Morven-Glenavy-Ikawai","057","Waitaki","Waitaki",386316481.572205,386316481.572203,1.00000000000001
"344400","Oamaru Central","Oamaru Central","057","Waitaki","Waitaki",964387.249109985,964387.249109961,1.00000000000002
"344800","Lindis-Nevis Valleys","Lindis-Nevis Valleys","057","Waitaki","Waitaki",2223032333.76838,2905073357.43603,0.765224164848764
"345100","Manuherikia-Ida Valleys","Manuherikia-Ida Valleys","057","Waitaki","Waitaki",2037847670.962,2511679021.01095,0.811348764676853
"345200","Earnscleugh","Earnscleugh","057","Waitaki","Waitaki",0.90039942239774,393403384.032043,2.28874346013353e-09
"345300","Dunstan-Galloway","Dunstan-Galloway","057","Waitaki","Waitaki",154760464.750755,444464738.19658,0.348195146770692
"345700","Maniototo","Maniototo","057","Waitaki","Waitaki",2238143903.43957,2370981769.1458,0.943973476542551
"345800","Teviot Valley","Teviot Valley","057","Waitaki","Waitaki",1.17732182389423,1314919085.00967,8.95356860597682e-10
"345900","Outer Wānaka","Outer Wanaka","057","Waitaki","Waitaki",3176103710.67469,3176103721.35043,0.999999996638733
"349000","Strath Taieri","Strath Taieri","057","Waitaki","Waitaki",5.83519267995849,2115021896.5556,2.75892778673418e-09
"349100","Bucklands Crossing","Bucklands Crossing","057","Waitaki","Waitaki",2.24035289529506,421956294.225413,5.30944300619495e-09
"311200","Haast","Haast","057","Waitaki","Waitaki",6.21413845506352,4106909275.52458,1.51309367657502e-09
"311300","Westland Glaciers-Bruce Bay","Westland Glaciers-Bruce Bay","057","Waitaki","Waitaki",4.88162934964062,3071065829.25428,1.58955542507078e-09
"341000","Watlington","Watlington","057","Waitaki","Waitaki",0.0748702769935203,1207201.43712142,6.20197049897896e-08
"341201","Timaru East","Timaru East","057","Waitaki","Waitaki",0.118018203103792,3841235.70226213,3.07240201465092e-08
"336600","Ashburton Lakes","Ashburton Lakes","057","Waitaki","Waitaki",3.58026157105032,3002097214.62989,1.19258682017455e-09
"336800","Ashburton Forks","Ashburton Forks","057","Waitaki","Waitaki",1.28765861142472,859393217.277902,1.49833462207595e-09
"337000","Ealing-Lowcliffe","Ealing-Lowcliffe","057","Waitaki","Waitaki",0.484255861635241,413188189.832204,1.17199831348495e-09
"341501","Mackenzie Lakes","Mackenzie Lakes","057","Waitaki","Waitaki",5174669554.4604,5174669559.01237,0.999999999120335
"341600","Inland water Lake Pukaki","Inland water Lake Pukaki","057","Waitaki","Waitaki",172824365.862652,172824365.86265,1.00000000000001
"339200","Pleasant Point","Pleasant Point","057","Waitaki","Waitaki",0.103877645958764,5211273.41301927,1.99332557948787e-08
"342500","Waimate North","Waimate North","057","Waitaki","Waitaki",4466037.01356116,4466037.01356132,0.999999999999964
"342800","Waimate East","Waimate East","057","Waitaki","Waitaki",2604749.6105588,2604749.61055895,0.999999999999944
"343100","Aviemore","Aviemore","057","Waitaki","Waitaki",3532895094.5957,3532895096.25258,0.999999999531013
"343200","Inland water Lake Ōhau","Inland water Lake Ohau","057","Waitaki","Waitaki",59584281.3406262,59584281.3406262,1
"343300","Danseys Pass","Danseys Pass","057","Waitaki","Waitaki",711478484.869379,711478484.869384,0.999999999999994
"343400","Ngapara","Ngapara","057","Waitaki","Waitaki",1134561770.48123,1134561770.48123,1.00000000000001
"343501","Lower Waitaki","Lower Waitaki","057","Waitaki","Waitaki",174181948.144108,174181948.14411,0.999999999999986
"343600","Waihemo","Waihemo","057","Waitaki","Waitaki",1312578315.79057,1312578321.20747,0.999999995873087
"343700","Maheno","Maheno","057","Waitaki","Waitaki",262449677.722479,262449677.722486,0.999999999999975
"344600","Inlet Port Oamaru","Inlet Port Oamaru","057","Waitaki","Waitaki",232336.053010166,232336.053010233,0.99999999999971
"341801","Twizel","Twizel","057","Waitaki","Waitaki",17568751.1693536,17568751.1693537,0.999999999999995
"342000","Fairlie","Fairlie","057","Waitaki","Waitaki",4953034.01928575,4953034.01928534,1.00000000000008
"342700","Waimate West","Waimate West","057","Waitaki","Waitaki",937307.955366187,937307.955366014,1.00000000000018
"343801","Weston","Weston","057","Waitaki","Waitaki",1998301.7509693,1998301.7509696,0.999999999999854
"343900","Oamaru North Milner Park","Oamaru North Milner Park","057","Waitaki","Waitaki",7135098.018447,7135098.01844894,0.999999999999727
"344000","Oamaru North Orana Park","Oamaru North Orana Park","057","Waitaki","Waitaki",2760613.86064929,2760613.86064939,0.999999999999965
"344100","Oamaru Gardens","Oamaru Gardens","057","Waitaki","Waitaki",1485138.97646364,1485138.97646347,1.00000000000011
"344200","Glen Warren","Glen Warren","057","Waitaki","Waitaki",1800915.70164526,1800915.70164546,0.999999999999886
"344300","Holmes Hill","Holmes Hill","057","Waitaki","Waitaki",2620253.04647048,2620253.04647038,1.00000000000004
"344500","South Hill","South Hill","057","Waitaki","Waitaki",1448297.23076061,1448297.23076102,0.999999999999718
"344700","Palmerston","Palmerston","057","Waitaki","Waitaki",8754896.06286089,8754896.06286068,1.00000000000002
"344900","Cromwell West","Cromwell West","057","Waitaki","Waitaki",12032064.3563679,12032064.3563691,0.999999999999896
"345000","Cromwell East","Cromwell East","057","Waitaki","Waitaki",3595568.01585134,3595568.01585115,1.00000000000005
"346600","Wānaka Waterfront","Wanaka Waterfront","057","Waitaki","Waitaki",3892151.09600616,3892151.09600834,0.999999999999438
"346701","Wānaka North","Wanaka North","057","Waitaki","Waitaki",5441912.02279242,5441912.02279025,1.0000000000004
"347101","Lake Hāwea","Lake Hawea","057","Waitaki","Waitaki",3655600.34388421,3655600.34388414,1.00000000000002
"363800","Oceanic Canterbury Region","Oceanic Canterbury Region","057","Waitaki","Waitaki",1294197720.88553,11440033258.8297,0.113128842513341
"363900","Oceanic Otago Region","Oceanic Otago Region","057","Waitaki","Waitaki",1824667433.9561,6537893947.41588,0.279091011361128
"247501","Mākara-Ohariu","Makara-Ohariu","058","Wellington Bays","Wellington Bays",19529226.1290079,177199001.437398,0.110210700797359
"254700","Houghton Bay","Houghton Bay","058","Wellington Bays","Wellington Bays",1288872.31946971,1288872.31946959,1.0000000000001
"251700","Vivian West","Vivian West","058","Wellington Bays","Wellington Bays",0.0296187254674835,370041.085913638,8.00417212979318e-08
"252100","Vivian East","Vivian East","058","Wellington Bays","Wellington Bays",0.0446836088149572,286356.32337958,1.56041983943644e-07
"252400","Mount Cook East","Mount Cook East","058","Wellington Bays","Wellington Bays",435716.647790802,435716.661341026,0.999999968901294
"252501","Mount Victoria North","Mount Victoria North","058","Wellington Bays","Wellington Bays",0.0442695060778472,568320.152619,7.78953656206616e-08
"252600","Roseneath","Roseneath","058","Wellington Bays","Wellington Bays",547777.173716484,547777.232483882,0.999999892716611
"252700","Ōwhiro Bay","Owhiro Bay","058","Wellington Bays","Wellington Bays",4058964.10705873,4058964.10705802,1.00000000000018
"253200","Evans Bay","Evans Bay","058","Wellington Bays","Wellington Bays",411143.525045224,411143.525045824,0.99999999999854
"253501","Maupuia","Maupuia","058","Wellington Bays","Wellington Bays",1956900.05811838,1956900.05811893,0.999999999999719
"254000","Island Bay East","Island Bay East","058","Wellington Bays","Wellington Bays",982583.999069049,982583.999069401,0.999999999999642
"254100","Miramar North","Miramar North","058","Wellington Bays","Wellington Bays",507357.558094394,507357.558094032,1.00000000000071
"254300","Lyall Bay","Lyall Bay","058","Wellington Bays","Wellington Bays",547726.155008683,547726.155007163,1.00000000000277
"254600","Karaka Bay-Worser Bay","Karaka Bay-Worser Bay","058","Wellington Bays","Wellington Bays",673736.5420569,673736.542056974,0.99999999999989
"254900","Miramar South","Miramar South","058","Wellington Bays","Wellington Bays",984047.919775212,984047.91977561,0.999999999999595
"255000","Rongotai","Rongotai","058","Wellington Bays","Wellington Bays",1942581.21211312,1942581.21211286,1.00000000000013
"255200","Seatoun","Seatoun","058","Wellington Bays","Wellington Bays",1330818.34382495,1330818.34382472,1.00000000000017
"259600","Oceanic Wellington Region","Oceanic Wellington Region","058","Wellington Bays","Wellington Bays",397296741.731868,7732527662.51709,0.0513799315142107
"259700","Inlet Wellington Harbour","Inlet Wellington Harbour","058","Wellington Bays","Wellington Bays",22253895.616702,85372362.6920957,0.260668615872364
"342900","Oceanic Chatham Islands","Oceanic Chatham Islands","058","Wellington Bays","Wellington Bays",12583192232.0268,12583192252.7003,0.999999998357053
"252900","Newtown North","Newtown North","058","Wellington Bays","Wellington Bays",700616.526431602,700616.5264319,0.999999999999575
"253000","Newtown West","Newtown West","058","Wellington Bays","Wellington Bays",660825.174455315,660825.174455423,0.999999999999837
"254200","Kilbirnie East","Kilbirnie East","058","Wellington Bays","Wellington Bays",476683.341372808,476683.341372854,0.999999999999903
"251200","Aro Valley","Aro Valley","058","Wellington Bays","Wellington Bays",88300.5600813627,1247124.0954739,0.0708033469979658
"251500","Brooklyn North","Brooklyn North","058","Wellington Bays","Wellington Bays",1245582.75353138,1245582.89597339,0.999999885642291
"252502","Mount Victoria South","Mount Victoria South","058","Wellington Bays","Wellington Bays",262202.418896839,510502.700288594,0.513616125338049
"251900","Brooklyn East","Brooklyn East","058","Wellington Bays","Wellington Bays",902870.866433101,902870.867832759,0.99999999844977
"252001","Mount Cook North","Mount Cook North","058","Wellington Bays","Wellington Bays",261289.330734992,261289.361868197,0.999999880847788
"252002","Mount Cook South","Mount Cook South","058","Wellington Bays","Wellington Bays",352372.745271423,352372.745271343,1.00000000000023
"252200","Brooklyn South","Brooklyn South","058","Wellington Bays","Wellington Bays",1828331.19803587,1828331.19803654,0.999999999999635
"252300","Oriental Bay","Oriental Bay","058","Wellington Bays","Wellington Bays",0.0254759382231913,334970.933835085,7.60541756011995e-08
"252800","Kingston-Mornington-Vogeltown","Kingston-Mornington-Vogeltown","058","Wellington Bays","Wellington Bays",988178.278032492,988178.278032705,0.999999999999784
"253101","Hataitai North West","Hataitai North West","058","Wellington Bays","Wellington Bays",608743.079001566,608743.141610056,0.999999897151218
"253102","Hataitai North East","Hataitai North East","058","Wellington Bays","Wellington Bays",454636.32379133,454636.323791172,1.00000000000035
"253300","Berhampore","Berhampore","058","Wellington Bays","Wellington Bays",1397279.94826424,1397279.94826427,0.999999999999978
"253400","Hataitai South","Hataitai South","058","Wellington Bays","Wellington Bays",428166.910227442,428166.91022719,1.00000000000059
"253600","Newtown South","Newtown South","058","Wellington Bays","Wellington Bays",1195095.53334798,1195095.53334798,1
"254800","Miramar East","Miramar East","058","Wellington Bays","Wellington Bays",848036.74551638,848036.74551667,0.999999999999658
"253700","Kilbirnie Central","Kilbirnie Central","058","Wellington Bays","Wellington Bays",971740.760330923,971740.760331444,0.999999999999464
"253800","Island Bay West","Island Bay West","058","Wellington Bays","Wellington Bays",1168554.18151915,1168554.1815199,0.999999999999356
"253900","Melrose","Melrose","058","Wellington Bays","Wellington Bays",332867.977796287,332867.977796161,1.00000000000038
"254401","Miramar Central","Miramar Central","058","Wellington Bays","Wellington Bays",526931.417009983,526931.417010031,0.999999999999909
"255100","Strathmore (Wellington City)","Strathmore (Wellington City)","058","Wellington Bays","Wellington Bays",1459927.5282478,1459927.52824778,1.00000000000002
"254500","Southgate","Southgate","058","Wellington Bays","Wellington Bays",467041.158825523,467041.158825459,1.00000000000014
"343000","Chatham Islands","Chatham Islands","058","Wellington Bays","Wellington Bays",994496344.765445,994496344.765474,0.999999999999971
"250100","Wilton","Wilton","059","Wellington North","Wellington North",1260310.14154259,1260310.14154207,1.00000000000042
"250300","Wadestown","Wadestown","059","Wellington North","Wellington North",1441330.90080569,1441330.9008056,1.00000000000006
"247501","Mākara-Ohariu","Makara-Ohariu","059","Wellington North","Wellington North",104427343.672221,177199001.437398,0.589322416182543
"250401","Karori South","Karori South","059","Wellington North","Wellington North",1209145.61949874,1209145.61949907,0.999999999999728
"250700","Pipitea-Kaiwharawhara","Pipitea-Kaiwharawhara","059","Wellington North","Wellington North",2215042.21805243,2215042.21804773,1.00000000000212
"249101","Crofton Downs","Crofton Downs","059","Wellington North","Wellington North",1571453.58839036,1571453.58839022,1.00000000000009
"249200","Johnsonville South","Johnsonville South","059","Wellington North","Wellington North",0.125161531023232,710807.241473596,1.76083646480241e-07
"249600","Ngaio South","Ngaio South","059","Wellington North","Wellington North",1366283.86167405,1366283.86167389,1.00000000000011
"251000","Wellington Botanic Gardens","Wellington Botanic Gardens","059","Wellington North","Wellington North",523237.623975872,523237.623976055,0.999999999999649
"251602","Dixon Street East","Dixon Street East","059","Wellington North","Wellington North",186534.780354081,186534.780354237,0.999999999999164
"251700","Vivian West","Vivian West","059","Wellington North","Wellington North",370041.056295138,370041.085913638,0.999999919958886
"252100","Vivian East","Vivian East","059","Wellington North","Wellington North",286356.27869605,286356.32337958,0.999999843958294
"252400","Mount Cook East","Mount Cook East","059","Wellington North","Wellington North",0.0135500028242171,435716.661341026,3.10981975821481e-08
"252501","Mount Victoria North","Mount Victoria North","059","Wellington North","Wellington North",568320.108349827,568320.152619,0.999999922105221
"252600","Roseneath","Roseneath","059","Wellington North","Wellington North",0.0587671591656121,547777.232483882,1.07282953143441e-07
"259600","Oceanic Wellington Region","Oceanic Wellington Region","059","Wellington North","Wellington North",476947025.699857,7732527662.51709,0.0616806103406297
"259700","Inlet Wellington Harbour","Inlet Wellington Harbour","059","Wellington North","Wellington North",9776985.87680649,85372362.6920957,0.114521673859118
"248400","Johnsonville West","Johnsonville West","059","Wellington North","Wellington North",0.0329295967997064,1176920.89236023,2.7979447908065e-08
"248800","Ngaio North","Ngaio North","059","Wellington North","Wellington North",823883.733252019,823883.733252211,0.999999999999766
"249000","Broadmeadows","Broadmeadows","059","Wellington North","Wellington North",642136.482520884,642136.562920934,0.999999874792911
"249300","Khandallah Reserve","Khandallah Reserve","059","Wellington North","Wellington North",1166100.52079687,1166100.52079684,1.00000000000003
"249401","Karori Park","Karori Park","059","Wellington North","Wellington North",1157041.68192007,1157041.68191951,1.00000000000048
"249402","Karori West","Karori West","059","Wellington North","Wellington North",1062826.80230549,1062826.80230584,0.999999999999672
"249900","Karori North","Karori North","059","Wellington North","Wellington North",1619043.13127176,1619043.13127215,0.999999999999758
"249701","Newlands South","Newlands South","059","Wellington North","Wellington North",1060845.03466724,3995658.93910632,0.265499395928051
"250000","Khandallah North","Khandallah North","059","Wellington North","Wellington North",1014740.56415511,1014740.56415549,0.999999999999622
"250200","Khandallah South","Khandallah South","059","Wellington North","Wellington North",727392.837198851,727392.837198764,1.00000000000012
"250500","Onslow","Onslow","059","Wellington North","Wellington North",768166.798267817,768166.798267668,1.00000000000019
"250600","Karori East","Karori East","059","Wellington North","Wellington North",1229163.42537677,1229163.42537665,1.00000000000009
"250800","Northland (Wellington City)","Northland (Wellington City)","059","Wellington North","Wellington North",1261135.11440137,1261135.11440133,1.00000000000003
"250901","Thorndon North","Thorndon North","059","Wellington North","Wellington North",1024888.70941511,1024888.70941502,1.00000000000009
"250902","Thorndon South","Thorndon South","059","Wellington North","Wellington North",460759.547083435,460759.547083512,0.999999999999833
"251100","Kelburn","Kelburn","059","Wellington North","Wellington North",495064.476708873,495064.47670868,1.00000000000039
"251400","Wellington Central","Wellington Central","059","Wellington North","Wellington North",561189.62529137,561189.625291267,1.00000000000018
"251200","Aro Valley","Aro Valley","059","Wellington North","Wellington North",1158823.53539217,1247124.0954739,0.929196653001741
"251300","Wellington University","Wellington University","059","Wellington North","Wellington North",416599.695867327,416599.695867709,0.999999999999083
"251500","Brooklyn North","Brooklyn North","059","Wellington North","Wellington North",0.142441994841455,1245582.89597339,1.14357699758024e-07
"251601","Dixon Street West","Dixon Street West","059","Wellington North","Wellington North",115278.615638955,115278.615638977,0.999999999999805
"251800","Courtenay","Courtenay","059","Wellington North","Wellington North",370815.997094629,370815.997094739,0.999999999999703
"252502","Mount Victoria South","Mount Victoria South","059","Wellington North","Wellington North",248300.281392465,510502.700288594,0.486383874663342
"251900","Brooklyn East","Brooklyn East","059","Wellington North","Wellington North",0.00139966417832511,902870.867832759,1.550237390741e-09
"252001","Mount Cook North","Mount Cook North","059","Wellington North","Wellington North",0.031133061987052,261289.361868197,1.19151662985639e-07
"252300","Oriental Bay","Oriental Bay","059","Wellington North","Wellington North",334970.908359289,334970.933835085,0.999999923946249
"253101","Hataitai North West","Hataitai North West","059","Wellington North","Wellington North",0.0626092734058948,608743.141610056,1.02850067830416e-07
"363600","Oceanic Marlborough Region","Oceanic Marlborough Region","059","Wellington North","Wellington North",0,5203964726.65553,0
"301900","Inlet Waimea West","Inlet Waimea West","060","West Coast-Tasman","West Coast-Tasman",12916474.5608837,23160660.3381112,0.557690254609428
"302000","Islands Tasman District","Islands Tasman District","060","West Coast-Tasman","West Coast-Tasman",13007241.3655648,15942232.592841,0.815898356131488
"302101","Waimea West","Waimea West","060","West Coast-Tasman","West Coast-Tasman",60068357.4374226,60068357.9329892,0.999999991749956
"302201","Appleby (Tasman District)","Appleby (Tasman District)","060","West Coast-Tasman","West Coast-Tasman",0.470121866960984,20499454.4247358,2.29333843340586e-08
"302500","Wakefield Rural","Wakefield Rural","060","West Coast-Tasman","West Coast-Tasman",375794273.265832,375794275.9901,0.999999992750639
"300200","Oceanic Tasman Region","Oceanic Tasman Region","060","West Coast-Tasman","West Coast-Tasman",5002731898.7067,5002731908.82147,0.999999997978151
"300301","Golden Bay/Mohua","Golden Bay/Mohua","060","West Coast-Tasman","West Coast-Tasman",2248890145.45341,2248890145.45341,1
"300401","Inlets Golden Bay","Inlets Golden Bay","060","West Coast-Tasman","West Coast-Tasman",114480144.195542,114480144.19554,1.00000000000002
"300601","Pōhara-Abel Tasman","Pohara-Abel Tasman","060","West Coast-Tasman","West Coast-Tasman",326285471.101764,326285471.101767,0.999999999999991
"300700","Takaka Hills","Takaka Hills","060","West Coast-Tasman","West Coast-Tasman",277719606.430742,277719606.430731,1.00000000000004
"300801","Kaiteriteri-Rīwaka","Kaiteriteri-Riwaka","060","West Coast-Tasman","West Coast-Tasman",29482860.4000079,29482860.4000121,0.999999999999859
"300900","Upper Moutere","Upper Moutere","060","West Coast-Tasman","West Coast-Tasman",445941038.540769,445941038.540761,1.00000000000002
"301000","Lower Moutere","Lower Moutere","060","West Coast-Tasman","West Coast-Tasman",62106233.9151046,62106233.9151097,0.999999999999917
"301101","Motueka North","Motueka North","060","West Coast-Tasman","West Coast-Tasman",1568695.87323754,1568695.87323736,1.00000000000011
"301500","Golden Downs","Golden Downs","060","West Coast-Tasman","West Coast-Tasman",1819607814.94884,1819607816.21259,0.999999999305481
"301601","Moutere Hills","Moutere Hills","060","West Coast-Tasman","West Coast-Tasman",86541207.996586,86541207.9965822,1.00000000000004
"301602","Waimea Inlet","Waimea Inlet","060","West Coast-Tasman","West Coast-Tasman",6528598.31848445,6528598.31848939,0.999999999999243
"301703","Ruby Bay","Ruby Bay","060","West Coast-Tasman","West Coast-Tasman",11716928.9399924,11716928.9399936,0.999999999999894
"301704","Māpua","Mapua","060","West Coast-Tasman","West Coast-Tasman",2712650.17110614,2712650.1711049,1.00000000000046
"301800","Murchison-Nelson Lakes","Murchison-Nelson Lakes","060","West Coast-Tasman","West Coast-Tasman",3739513076.15417,3739513080.62017,0.999999998805726
"303500","Aniseed Valley","Aniseed Valley","060","West Coast-Tasman","West Coast-Tasman",0.829875428817626,57201948.785733,1.45078174159096e-08
"303701","Inlets Nelson City","Inlets Nelson City","060","West Coast-Tasman","West Coast-Tasman",6.13729618184232e-07,24868005.8423587,2.46794866494217e-14
"306301","Marlborough Sounds West","Marlborough Sounds West","060","West Coast-Tasman","West Coast-Tasman",0.737707778325899,1554389635.18058,4.74596434271898e-10
"306600","Upper Wairau","Upper Wairau","060","West Coast-Tasman","West Coast-Tasman",4.64529483871502,4177497157.4171,1.11198037094229e-09
"311800","Waitaha","Waitaha","060","West Coast-Tasman","West Coast-Tasman",1497781509.26796,1497781511.00297,0.999999998841615
"311900","Whataroa-Harihari","Whataroa-Harihari","060","West Coast-Tasman","West Coast-Tasman",1136246015.09157,1136246017.60048,0.999999997791929
"312001","Hokitika Valley-Otira","Hokitika Valley-Otira","060","West Coast-Tasman","West Coast-Tasman",1634958314.91553,1634958321.55442,0.999999995939416
"312100","Hanmer Range","Hanmer Range","060","West Coast-Tasman","West Coast-Tasman",6.04515290313276,3622674657.39318,1.66869881367783e-09
"345900","Outer Wānaka","Outer Wanaka","060","West Coast-Tasman","West Coast-Tasman",6.68637768456507,3176103721.35043,2.10521389450157e-09
"346000","Glenorchy","Glenorchy","060","West Coast-Tasman","West Coast-Tasman",1.72285981707411,1463233093.70835,1.1774336054058e-09
"302701","Hope","Hope","060","West Coast-Tasman","West Coast-Tasman",0.115240086875961,6809088.66809892,1.69244509057239e-08
"302600","Brightwater","Brightwater","060","West Coast-Tasman","West Coast-Tasman",4667082.62853299,4667082.77071259,0.999999969535659
"300500","Tākaka","Takaka","060","West Coast-Tasman","West Coast-Tasman",12517047.6802129,12517047.6802138,0.999999999999931
"301200","Motueka West","Motueka West","060","West Coast-Tasman","West Coast-Tasman",7867888.13749676,7867888.13749688,0.999999999999985
"301301","Motueka East","Motueka East","060","West Coast-Tasman","West Coast-Tasman",3298556.77900843,3298556.77901056,0.999999999999354
"301401","Inlets Motueka","Inlets Motueka","060","West Coast-Tasman","West Coast-Tasman",10595774.8225571,10595774.8225568,1.00000000000003
"302300","Wakefield","Wakefield","060","West Coast-Tasman","West Coast-Tasman",9923179.49636308,9923179.49636195,1.00000000000011
"309000","Karamea","Karamea","060","West Coast-Tasman","West Coast-Tasman",3128802322.4986,3128802322.49859,1
"309101","Inlets Buller District","Inlets Buller District","060","West Coast-Tasman","West Coast-Tasman",6573693.21947986,6573693.2194796,1.00000000000004
"309201","Westport North","Westport North","060","West Coast-Tasman","West Coast-Tasman",8811531.79095919,8811531.79095734,1.00000000000021
"309300","Westport Rural","Westport Rural","060","West Coast-Tasman","West Coast-Tasman",90064255.9859743,90064255.9859699,1.00000000000005
"309400","Westport South","Westport South","060","West Coast-Tasman","West Coast-Tasman",2873924.8198925,2873924.81989253,0.999999999999989
"309500","Buller Coalfields","Buller Coalfields","060","West Coast-Tasman","West Coast-Tasman",498521486.405326,498521486.405323,1.00000000000001
"309600","Charleston (Buller District)","Charleston (Buller District)","060","West Coast-Tasman","West Coast-Tasman",1015493306.68092,1015493306.68093,0.999999999999993
"309700","Inangahua","Inangahua","060","West Coast-Tasman","West Coast-Tasman",3195935681.10963,3195935683.04363,0.999999999394857
"309800","Reefton","Reefton","060","West Coast-Tasman","West Coast-Tasman",2626472.40702273,2626472.40702347,0.999999999999719
"309900","Barrytown","Barrytown","060","West Coast-Tasman","West Coast-Tasman",733590184.56631,733590184.566312,0.999999999999997
"310000","Rūnanga","Runanga","060","West Coast-Tasman","West Coast-Tasman",4505154.20120412,4505154.20120332,1.00000000000018
"310101","Cobden","Cobden","060","West Coast-Tasman","West Coast-Tasman",3675646.51670762,3675646.51670377,1.00000000000105
"310102","Inlet Grey River","Inlet Grey River","060","West Coast-Tasman","West Coast-Tasman",362067.455383094,362067.455382685,1.00000000000113
"310200","Blaketown","Blaketown","060","West Coast-Tasman","West Coast-Tasman",855532.896139013,855532.896139097,0.999999999999902
"310300","Greymouth Central","Greymouth Central","060","West Coast-Tasman","West Coast-Tasman",2713745.90578447,2713745.90578369,1.00000000000029
"310400","King Park","King Park","060","West Coast-Tasman","West Coast-Tasman",842439.505131761,842439.505131879,0.99999999999986
"310500","Marsden","Marsden","060","West Coast-Tasman","West Coast-Tasman",1238884.18630892,1238884.18630875,1.00000000000014
"310600","Karoro","Karoro","060","West Coast-Tasman","West Coast-Tasman",6490999.27833634,6490999.27833669,0.999999999999946
"310700","Rutherglen-Camerons","Rutherglen-Camerons","060","West Coast-Tasman","West Coast-Tasman",12117274.1007853,12117274.1007883,0.999999999999753
"310801","Greymouth Rural","Greymouth Rural","060","West Coast-Tasman","West Coast-Tasman",338070811.796816,338070811.796816,1
"310901","Dobson","Dobson","060","West Coast-Tasman","West Coast-Tasman",170905702.813039,170905702.813045,0.999999999999962
"311000","Nelson Creek","Nelson Creek","060","West Coast-Tasman","West Coast-Tasman",897837077.512662,897837077.512666,0.999999999999995
"311101","Lake Brunner","Lake Brunner","060","West Coast-Tasman","West Coast-Tasman",1342472734.83839,1342472736.98707,0.999999998399463
"311200","Haast","Haast","060","West Coast-Tasman","West Coast-Tasman",4106909264.40424,4106909275.52458,0.999999997292285
"311300","Westland Glaciers-Bruce Bay","Westland Glaciers-Bruce Bay","060","West Coast-Tasman","West Coast-Tasman",3071065824.37252,3071065829.25428,0.999999998410402
"311401","Arahura-Kūmara","Arahura-Kumara","060","West Coast-Tasman","West Coast-Tasman",264403948.368764,264403948.368763,1.00000000000001
"311501","Hokitika","Hokitika","060","West Coast-Tasman","West Coast-Tasman",11784738.9978643,11784738.9978642,1.00000000000001
"311600","Inlets Westland District","Inlets Westland District","060","West Coast-Tasman","West Coast-Tasman",26341569.3642747,26341569.364269,1.00000000000022
"311701","Hokitika Rural","Hokitika Rural","060","West Coast-Tasman","West Coast-Tasman",140962878.546995,140962878.546993,1.00000000000002
"333600","Craigieburn","Craigieburn","060","West Coast-Tasman","West Coast-Tasman",5.5563319081169,3444256221.98554,1.61321677308717e-09
"336600","Ashburton Lakes","Ashburton Lakes","060","West Coast-Tasman","West Coast-Tasman",3.69306726869048,3002097214.62989,1.23016245133347e-09
"341501","Mackenzie Lakes","Mackenzie Lakes","060","West Coast-Tasman","West Coast-Tasman",4.35454975564649,5174669559.01237,8.41512623364029e-10
"343100","Aviemore","Aviemore","060","West Coast-Tasman","West Coast-Tasman",1.65618203745985,3532895096.25258,4.68788908908334e-10
"357000","Fiordland","Fiordland","060","West Coast-Tasman","West Coast-Tasman",2.98254353118286,12119462100.5936,2.46095371760499e-10
"363400","Oceanic West Coast Region","Oceanic West Coast Region","060","West Coast-Tasman","West Coast-Tasman",12983749120.1779,12983749146.9881,0.999999997935099
"363500","Oceanic Nelson Region","Oceanic Nelson Region","060","West Coast-Tasman","West Coast-Tasman",3.20056242017171,787574670.686745,4.06382091666419e-09
"363700","Oceanic Southland Region","Oceanic Southland Region","060","West Coast-Tasman","West Coast-Tasman",2.9028303925753,22397238057.3074,1.29606623153618e-10
"220001","Toko","Toko","061","Whanganui","Whanganui",89319615.4477873,228050331.669895,0.391666237859624
"220200","Whangamomona","Whangamomona","061","Whanganui","Whanganui",2.80928291275707,689600684.544057,4.07378208247355e-09
"189500","Kaimanawa","Kaimanawa","061","Whanganui","Whanganui",223840203.870383,1342255301.75146,0.166764253848208
"219501","Everett Park","Everett Park","061","Whanganui","Whanganui",4.56047424043232e-09,236324637.495998,1.92974980888717e-17
"219800","Pembroke","Pembroke","061","Whanganui","Whanganui",157064918.156927,226409769.170223,0.693719704465754
"219900","Douglas","Douglas","061","Whanganui","Whanganui",4.74918624447417,1010464768.02725,4.70000181574472e-09
"216700","Kaitake","Kaitake","061","Whanganui","Whanganui",5.67440994799634e-09,170284360.811147,3.33231420722748e-17
"221900","Hāwera Central","Hawera Central","061","Whanganui","Whanganui",1784289.60151573,1784289.601516,0.999999999999854
"222000","Mangawhio","Mangawhio","061","Whanganui","Whanganui",1368625697.84197,1368625698.1584,0.9999999997688
"222101","Manutahi-Waitōtora","Manutahi-Waitotora","061","Whanganui","Whanganui",293063505.669691,293063505.66968,1.00000000000004
"222201","Pātea","Patea","061","Whanganui","Whanganui",6308041.81950211,6308041.81950192,1.00000000000003
"222300","Otangiwai-Ōhura","Otangiwai-Ohura","061","Whanganui","Whanganui",139393655.86627,2011703891.13637,0.0692913387901883
"222400","Ngapuke","Ngapuke","061","Whanganui","Whanganui",415804106.327982,621831396.012601,0.668676604292197
"223400","Mowhanau","Mowhanau","061","Whanganui","Whanganui",170192664.990102,170192664.9901,1.00000000000002
"223501","Brunswick-Papaiti","Brunswick-Papaiti","061","Whanganui","Whanganui",50830186.771858,50830186.7718544,1.00000000000007
"223600","Castlecliff West","Castlecliff West","061","Whanganui","Whanganui",3023474.97623557,3023474.97623603,0.999999999999847
"224000","Lower Aramoho","Lower Aramoho","061","Whanganui","Whanganui",2083881.16056774,2083881.16056784,0.999999999999953
"224401","Springvale West","Springvale West","061","Whanganui","Whanganui",788880.734309632,788880.734309635,0.999999999999996
"224600","Upper Aramoho","Upper Aramoho","061","Whanganui","Whanganui",1562126.40595467,1562126.40595402,1.00000000000042
"224800","Laird Park","Laird Park","061","Whanganui","Whanganui",1113511.56910043,1113511.56909958,1.00000000000076
"224900","Wembley Park","Wembley Park","061","Whanganui","Whanganui",1535821.22773712,1535821.22773772,0.999999999999611
"225100","Whanganui East-Williams Domain","Whanganui East-Williams Domain","061","Whanganui","Whanganui",1377211.81235823,1377211.81235855,0.99999999999977
"225400","Cornmarket","Cornmarket","061","Whanganui","Whanganui",628884.330220785,628884.330221543,0.999999999998794
"225500","Whanganui East-Riverlands","Whanganui East-Riverlands","061","Whanganui","Whanganui",1493443.12287019,1493443.12287032,0.999999999999913
"225600","Kaitoke-Fordell","Kaitoke-Fordell","061","Whanganui","Whanganui",261311315.452883,261311317.683372,0.999999991464247
"220101","Stratford North","Stratford North","061","Whanganui","Whanganui",3423001.52789355,3423001.52789749,0.999999999998849
"187900","Lake Taupō Bays","Lake Taupo Bays","061","Whanganui","Whanganui",3.34560902466384,1169960205.06844,2.85959215550252e-09
"221301","Hāwera West","Hawera West","061","Whanganui","Whanganui",4382554.37519953,4382554.37519909,1.0000000000001
"221401","Normanby (South Taranaki District)","Normanby (South Taranaki District)","061","Whanganui","Whanganui",1064663.07856284,1064663.07856399,0.999999999998922
"221402","Tawhiti","Tawhiti","061","Whanganui","Whanganui",48410978.6341818,48410978.6341778,1.00000000000008
"221500","Ohangai","Ohangai","061","Whanganui","Whanganui",331778583.481174,331778583.481166,1.00000000000003
"221600","Turuturu","Turuturu","061","Whanganui","Whanganui",4327839.5672823,4327839.56728201,1.00000000000007
"221700","King Edward Park","King Edward Park","061","Whanganui","Whanganui",1082081.34326626,1082081.34326634,0.99999999999993
"221800","Ramanui","Ramanui","061","Whanganui","Whanganui",13605322.3092502,13605322.3092505,0.99999999999998
"219100","Mangorei","Mangorei","061","Whanganui","Whanganui",2.6277131616459e-09,188563992.954252,1.39353920145476e-17
"220301","Stratford Central","Stratford Central","061","Whanganui","Whanganui",2765031.80563995,2765031.80564082,0.999999999999689
"220400","Stratford South","Stratford South","061","Whanganui","Whanganui",2716408.64163412,2716408.64163663,0.999999999999078
"220501","Parihaka","Parihaka","061","Whanganui","Whanganui",1.61803305240789,434164681.436091,3.72677263165652e-09
"220600","Taungatara","Taungatara","061","Whanganui","Whanganui",313037230.702827,313037231.802897,0.999999996485818
"220700","Ōpunake","Opunake","061","Whanganui","Whanganui",0.179167295068872,3779833.34329845,4.74008451686187e-08
"220800","Kaponga-Mangatoki","Kaponga-Mangatoki","061","Whanganui","Whanganui",172810394.959373,172810394.959375,0.999999999999992
"220901","Manaia","Manaia","061","Whanganui","Whanganui",2545688.56763066,2545688.56763135,0.99999999999973
"220902","Kapuni","Kapuni","061","Whanganui","Whanganui",106817708.584309,106817708.584312,0.999999999999969
"221001","Eltham","Eltham","061","Whanganui","Whanganui",3429839.03424872,3429839.03424799,1.00000000000021
"221100","Okaiawa","Okaiawa","061","Whanganui","Whanganui",102139202.787897,102139202.787898,0.99999999999999
"221201","Te Roti-Moeroa","Te Roti-Moeroa","061","Whanganui","Whanganui",361930589.000412,361930590.827733,0.999999994951184
"222700","Taumarunui East","Taumarunui East","061","Whanganui","Whanganui",0.0386640930597253,4517648.09631342,8.55845613368529e-09
"222800","National Park","National Park","061","Whanganui","Whanganui",1375282747.9738,1375282751.6218,0.999999997347452
"222900","Tangiwai","Tangiwai","061","Whanganui","Whanganui",2696450042.76704,2696655859.40311,0.999923677084955
"223000","Raetihi","Raetihi","061","Whanganui","Whanganui",3862478.14344406,3862478.14344328,1.0000000000002
"223100","Ōhakune","Ohakune","061","Whanganui","Whanganui",6440683.59541059,6440683.59541155,0.999999999999851
"223200","Waiōuru","Waiouru","061","Whanganui","Whanganui",5010608.27841517,5010608.27841467,1.0000000000001
"223300","Upper Whanganui","Upper Whanganui","061","Whanganui","Whanganui",1849886935.90205,1849886939.5685,0.999999998018011
"223701","Otamatea (Whanganui District)","Otamatea (Whanganui District)","061","Whanganui","Whanganui",2695524.49800108,2695524.4980008,1.0000000000001
"223901","Springvale North","Springvale North","061","Whanganui","Whanganui",1279392.63895205,1279392.63895225,0.999999999999843
"223800","Castlecliff East","Castlecliff East","061","Whanganui","Whanganui",2806506.09231495,2806506.09231499,0.999999999999984
"224100","St Johns Hill East","St Johns Hill East","061","Whanganui","Whanganui",1123668.64734404,1123668.64734405,0.999999999999984
"224200","St Johns Hill West","St Johns Hill West","061","Whanganui","Whanganui",1121990.93501838,1121990.93501852,0.999999999999874
"224301","Titoki","Titoki","061","Whanganui","Whanganui",1635826.42409227,1635826.42409239,0.999999999999923
"224500","Springvale East","Springvale East","061","Whanganui","Whanganui",630705.046732156,630705.046732315,0.999999999999748
"224700","Balgownie","Balgownie","061","Whanganui","Whanganui",2818480.51046115,2818480.5104614,0.999999999999909
"225000","College Estate","College Estate","061","Whanganui","Whanganui",1350371.51087791,1350371.51087808,0.999999999999874
"225200","Gonville West","Gonville West","061","Whanganui","Whanganui",738414.241374956,738414.24137512,0.999999999999779
"225300","Gonville North","Gonville North","061","Whanganui","Whanganui",1340680.64400465,1340680.64400528,0.999999999999529
"225700","Whanganui Central","Whanganui Central","061","Whanganui","Whanganui",2437757.17068733,2437757.17068776,0.999999999999824
"225800","Gonville South","Gonville South","061","Whanganui","Whanganui",1539809.92551349,1539809.92551311,1.00000000000025
"225900","Bastia-Durie Hill","Bastia-Durie Hill","061","Whanganui","Whanganui",2572560.92237881,2572560.92237875,1.00000000000002
"226000","Putiki","Putiki","061","Whanganui","Whanganui",3352880.29753995,3352880.29753961,1.0000000000001
"226100","Mokai Patea","Mokai Patea","061","Whanganui","Whanganui",464551267.393268,2474898406.05247,0.187705186708751
"226300","Turakina","Turakina","061","Whanganui","Whanganui",1.93781755779838,276628887.401024,7.00511640705534e-09
"226400","Otairi","Otairi","061","Whanganui","Whanganui",122317764.760718,636751527.269291,0.192096539265917
"259000","Oceanic Taranaki Region","Oceanic Taranaki Region","061","Whanganui","Whanganui",2270718033.32201,5440585562.24681,0.417366477806898
"259300","Oceanic Manawatū-Whanganui Region West","Oceanic Manawatu-Whanganui Region West","061","Whanganui","Whanganui",608515765.914316,2088905238.4651,0.291308458952138
"112102","Ara Hill","Ara Hill","062","Whangaparāoa","Whangaparaoa",0.00838583191527766,361047.944452588,2.32263665923706e-08
"114102","Stillwater","Stillwater","062","Whangaparāoa","Whangaparaoa",442409.660917089,442409.66091696,1.00000000000029
"114300","Gulf Islands","Gulf Islands","062","Whangaparāoa","Whangaparaoa",1811996.6470276,66113379.3056355,0.0274074123280088
"114400","Vipond","Vipond","062","Whangaparāoa","Whangaparaoa",1381746.4732164,1381746.47321629,1.00000000000008
"115700","Gulf Harbour North","Gulf Harbour North","062","Whangaparāoa","Whangaparaoa",1757096.09459167,1757096.09459134,1.00000000000019
"115800","Manly East","Manly East","062","Whangaparāoa","Whangaparaoa",1574631.43494514,1574631.43494569,0.99999999999965
"116000","Army Bay","Army Bay","062","Whangaparāoa","Whangaparaoa",6215582.23461144,6215582.23461219,0.999999999999879
"116200","Gulf Harbour South","Gulf Harbour South","062","Whangaparāoa","Whangaparaoa",2675306.3763567,2675306.37635627,1.00000000000016
"116601","Pāremoremo East","Paremoremo East","062","Whangaparāoa","Whangaparaoa",0.0308869598544965,14370165.9501662,2.14938087434817e-09
"116701","Albany Heights","Albany Heights","062","Whangaparāoa","Whangaparaoa",0.134420879395514,3921352.01684106,3.42792176826298e-08
"112800","Hatfields Beach","Hatfields Beach","062","Whangaparāoa","Whangaparaoa",923253.289123135,923253.289122975,1.00000000000017
"112901","Orewa South","Orewa South","062","Whangaparāoa","Whangaparaoa",1380130.99294079,1380130.99294037,1.0000000000003
"112902","Millwater North","Millwater North","062","Whangaparāoa","Whangaparaoa",926934.174988113,926934.249007585,0.99999992014593
"113000","Orewa Central","Orewa Central","062","Whangaparāoa","Whangaparaoa",1453167.00477436,1453167.00477472,0.999999999999752
"113101","Millwater Central","Millwater Central","062","Whangaparāoa","Whangaparaoa",1752422.59834975,1752422.61484014,0.999999990589949
"113300","Millwater South","Millwater South","062","Whangaparāoa","Whangaparaoa",2419553.27114041,2419553.46081597,0.999999921607204
"113401","Milldale","Milldale","062","Whangaparāoa","Whangaparaoa",0.0552441445897639,5215548.7406832,1.05922017675416e-08
"113402","Dairy Flat North","Dairy Flat North","062","Whangaparāoa","Whangaparaoa",16811933.7816598,18760977.6731725,0.896111816480668
"110600","Oceanic Auckland Region East","Oceanic Auckland Region East","062","Whangaparāoa","Whangaparaoa",233517437.097592,7823314944.70714,0.0298489117142827
"111200","Puhoi Valley","Puhoi Valley","062","Whangaparāoa","Whangaparaoa",0.147993619618171,236492258.084902,6.25786318827573e-10
"112001","Inlets other Auckland","Inlets other Auckland","062","Whangaparāoa","Whangaparaoa",4157061.8440895,122493635.241782,0.0339369619971205
"112101","Wainui-Waiwera","Wainui-Waiwera","062","Whangaparāoa","Whangaparaoa",7998282.92357848,62243663.6399463,0.12849955249815
"112500","Waitoki","Waitoki","062","Whangaparāoa","Whangaparaoa",4153615.29808791,40749078.2903546,0.101931515321442
"112701","Orewa North","Orewa North","062","Whangaparāoa","Whangaparaoa",1528723.5024673,1528723.50246707,1.00000000000015
"112702","Orewa West","Orewa West","062","Whangaparāoa","Whangaparaoa",1502167.47744263,1502167.62083692,0.999999904541753
"113500","Dairy Flat West","Dairy Flat West","062","Whangaparāoa","Whangaparaoa",30981918.6488269,30981918.8727668,0.999999992771918
"113600","Kingsway","Kingsway","062","Whangaparāoa","Whangaparaoa",902309.498806378,902309.498806599,0.999999999999755
"113700","Riverhead Forest","Riverhead Forest","062","Whangaparāoa","Whangaparaoa",7751402.95943617,48427921.0586956,0.160060617717645
"113800","Silverdale Central (Auckland)","Silverdale Central (Auckland)","062","Whangaparāoa","Whangaparaoa",3360436.14401325,3360436.14401292,1.0000000000001
"113900","Red Beach West","Red Beach West","062","Whangaparāoa","Whangaparaoa",1843574.30994543,1843574.3099528,0.999999999996004
"114000","Red Beach East","Red Beach East","062","Whangaparāoa","Whangaparaoa",1563603.8964803,1563603.89647953,1.00000000000049
"114101","Silverdale South (Auckland)","Silverdale South (Auckland)","062","Whangaparāoa","Whangaparaoa",10411654.5223092,10411654.5223094,0.999999999999974
"114600","Stanmore Bay West","Stanmore Bay West","062","Whangaparāoa","Whangaparaoa",986845.33473594,986845.334736045,0.999999999999894
"114801","Ōkura Bush","Okura Bush","062","Whangaparāoa","Whangaparaoa",16148978.4939951,28266092.2063269,0.571319812307853
"114901","Whangaparāoa Central","Whangaparaoa Central","062","Whangaparāoa","Whangaparaoa",2033478.79171662,2033478.79171635,1.00000000000014
"114902","Wade Heads-Arkles Bay","Wade Heads-Arkles Bay","062","Whangaparāoa","Whangaparaoa",1658110.6201734,1658110.62017348,0.999999999999957
"115100","Stanmore Bay East","Stanmore Bay East","062","Whangaparāoa","Whangaparaoa",1337637.18181802,1337637.18181799,1.00000000000002
"115200","Manly West","Manly West","062","Whangaparāoa","Whangaparaoa",1032579.02884018,1032579.02884009,1.00000000000009
"115400","Tindalls-Matakatia","Tindalls-Matakatia","062","Whangaparāoa","Whangaparaoa",2933478.24588036,2933478.24587966,1.00000000000024
"115501","Coatesville","Coatesville","062","Whangaparāoa","Whangaparaoa",6211143.87089422,21593613.2186426,0.287638007034964
"115601","Dairy Flat South","Dairy Flat South","062","Whangaparāoa","Whangaparaoa",14400038.9404224,14400039.3541492,0.99999997126905
"116900","Fairview Heights","Fairview Heights","062","Whangaparāoa","Whangaparaoa",4.22039059236714e-06,1609045.09037837,2.62291629837092e-12
"104400","Russell Forest-Rawhiti","Russell Forest-Rawhiti","063","Whangārei","Whangarei",1.05172673976597,191374177.095394,5.49565649728031e-09
"105101","Matarau","Matarau","063","Whangārei","Whangarei",104416516.424904,104416517.58722,0.999999988868464
"105300","Kauri","Kauri","063","Whangārei","Whangarei",56008418.5056294,56008418.9790319,0.999999991547654
"105400","Maungatāpere","Maungatapere","063","Whangārei","Whangarei",50806983.1530767,174487178.449403,0.29117889122042
"105500","Kamo West","Kamo West","063","Whangārei","Whangarei",4498136.01586952,4498136.01586953,0.999999999999997
"105601","Matapouri-Tutukākā","Matapouri-Tutukaka","063","Whangārei","Whangarei",78588980.3508065,78588980.3508065,1
"105700","Kiripaka","Kiripaka","063","Whangārei","Whangarei",72023406.7263306,72023406.7263307,0.999999999999998
"105800","Kamo East","Kamo East","063","Whangārei","Whangarei",1427182.50186823,1427182.50186701,1.00000000000086
"106901","Maunu","Maunu","063","Whangārei","Whangarei",5653616.2503543,5653616.25035506,0.999999999999865
"106902","Horahora","Horahora","063","Whangārei","Whangarei",1711275.42263878,1711275.42263949,0.999999999999587
"107000","Woodhill-Vinetown","Woodhill-Vinetown","063","Whangārei","Whangarei",1385142.71349652,1385142.71349603,1.00000000000035
"107100","Whangārei Central","Whangarei Central","063","Whangārei","Whangarei",2811795.1271777,2811795.12717745,1.00000000000009
"107200","Riverside","Riverside","063","Whangārei","Whangarei",3506732.32310746,3506732.32310016,1.00000000000208
"107300","Raumanga","Raumanga","063","Whangārei","Whangarei",3458518.17392645,3458518.17392433,1.00000000000061
"107501","Morningside (Whangarei District)","Morningside (Whangarei District)","063","Whangārei","Whangarei",1701215.57047097,1701215.57047072,1.00000000000015
"107600","Ngunguru","Ngunguru","063","Whangārei","Whangarei",3568308.75982839,3568308.75982854,0.999999999999958
"107700","Otaika-Portland","Otaika-Portland","063","Whangārei","Whangarei",41507202.5051828,41507202.6961858,0.999999995398316
"107800","Oakleigh-Mangapai","Oakleigh-Mangapai","063","Whangārei","Whangarei",86404531.8546234,323787972.123667,0.266855285846203
"107901","Port-Limeburners","Port-Limeburners","063","Whangārei","Whangarei",6814037.88046192,6814037.88046136,1.00000000000008
"108000","Pātaua","Pataua","063","Whangārei","Whangarei",128692969.071375,128692969.071344,1.00000000000024
"109700","Kaiwaka","Kaiwaka","063","Whangārei","Whangarei",0.218004961273922,258989449.309356,8.41752287034366e-10
"109800","Mangawhai Rural","Mangawhai Rural","063","Whangārei","Whangarei",0.7447526383065,91555406.4766877,8.13444740148834e-09
"104700","Maromaku","Maromaku","063","Whangārei","Whangarei",1.12389356957248,238331031.459358,4.71568289991703e-09
"104800","Mangakahia-Hūkerenui","Mangakahia-Hukerenui","063","Whangārei","Whangarei",1.57374109374884,659256598.81063,2.38714500027461e-09
"104900","Whangaruru","Whangaruru","063","Whangārei","Whangarei",448689409.455886,469274372.215048,0.956134483411062
"105001","Inlets other Whangarei District","Inlets other Whangarei District","063","Whangārei","Whangarei",38965500.9950953,38965500.9950858,1.00000000000024
"105200","Hikurangi","Hikurangi","063","Whangārei","Whangarei",4001390.61555247,4001390.61555317,0.999999999999826
"106000","Kamo Central","Kamo Central","063","Whangārei","Whangarei",1093550.37506504,1093550.37506437,1.00000000000061
"106100","Whau Valley","Whau Valley","063","Whangārei","Whangarei",7179692.31552962,7179692.31553104,0.999999999999801
"106201","Tikipunga North","Tikipunga North","063","Whangārei","Whangarei",3007969.37735505,3007969.37735526,0.99999999999993
"106301","Pukenui","Pukenui","063","Whangārei","Whangarei",16128826.4782488,16128826.4782498,0.999999999999942
"105901","Granfield Reserve","Granfield Reserve","063","Whangārei","Whangarei",5072761.22067834,5072761.22067875,0.99999999999992
"106401","Otangarei","Otangarei","063","Whangārei","Whangarei",774280.020079437,774280.020079187,1.00000000000032
"106501","Tikipunga South","Tikipunga South","063","Whangārei","Whangarei",2740409.31721835,2740409.31721888,0.999999999999806
"106600","Kensington (Whangarei District)","Kensington (Whangarei District)","063","Whangārei","Whangarei",3112629.51257982,3112629.51257985,0.999999999999991
"106700","Abbey Caves-Glenbervie","Abbey Caves-Glenbervie","063","Whangārei","Whangarei",32110534.9186797,32110534.9186795,1.00000000000001
"106800","Mairtown","Mairtown","063","Whangārei","Whangarei",943444.632331513,943444.632331397,1.00000000000012
"107401","Tarewa","Tarewa","063","Whangārei","Whangarei",1041813.26002271,1041813.26002253,1.00000000000017
"108100","Onerahi Park","Onerahi Park","063","Whangārei","Whangarei",1999010.62489702,1999010.62489716,0.999999999999928
"108200","Sherwood Rise","Sherwood Rise","063","Whangārei","Whangarei",1306650.85765878,1306650.85766013,0.999999999998964
"108300","Onerahi","Onerahi","063","Whangārei","Whangarei",2293790.74386041,2293790.74386089,0.999999999999795
"108400","Inlet Whangārei Harbour","Inlet Whangarei Harbour","063","Whangārei","Whangarei",103521793.164148,103521793.164146,1.00000000000002
"108500","Pārua Bay","Parua Bay","063","Whangārei","Whangarei",39158935.6065188,39158935.6065245,0.999999999999854
"108601","Bream Bay","Bream Bay","063","Whangārei","Whangarei",237680515.446484,237680516.388681,0.999999996035868
"108701","One Tree Point","One Tree Point","063","Whangārei","Whangarei",3071678.50709819,3071678.50709779,1.00000000000013
"108800","Ruakākā","Ruakaka","063","Whangārei","Whangarei",15591945.7612134,15591945.7612114,1.00000000000013
"108900","Bream Head","Bream Head","063","Whangārei","Whangarei",52175997.4917381,52175997.4917376,1.00000000000001
"109003","Waipū","Waipu","063","Whangārei","Whangarei",3527173.96618402,3527173.966184,1.00000000000001
"109004","Waipū Rural","Waipu Rural","063","Whangārei","Whangarei",133078319.835934,133078321.573629,0.999999986942309
"109400","Rūāwai-Matakohe","Ruawai-Matakohe","063","Whangārei","Whangarei",0.389200641545868,530437713.978817,7.33734859511536e-10
"109500","Otamatea (Kaipara District)","Otamatea (Kaipara District)","063","Whangārei","Whangarei",0.970470120207323,244853422.106447,3.96347378712731e-09
"110600","Oceanic Auckland Region East","Oceanic Auckland Region East","063","Whangārei","Whangarei",2.01734155188569,7823314944.70714,2.57862755896147e-10
"258200","Oceanic Northland Region","Oceanic Northland Region","063","Whangārei","Whangarei",3504526825.63939,16289039084.9518,0.215146320624705
"316600","Yaldhurst","Yaldhurst","064","Wigram","Wigram",4163254.27005186,12106443.5708453,0.343887471633521
"318200","Islington","Islington","064","Wigram","Wigram",1779066.19137854,1779066.1913785,1.00000000000002
"319101","Islington-Hornby Industrial","Islington-Hornby Industrial","064","Wigram","Wigram",7266598.86362301,7266598.8636227,1.00000000000004
"322400","Deans Bush","Deans Bush","064","Wigram","Wigram",0.0249218223303374,1251767.62558854,1.99093041079569e-08
"323300","Riccarton West","Riccarton West","064","Wigram","Wigram",623190.353406031,623190.425826364,0.999999883791005
"324100","Wigram East","Wigram East","064","Wigram","Wigram",311444.007974726,311444.007974831,0.999999999999661
"324400","Riccarton South","Riccarton South","064","Wigram","Wigram",544754.563343467,544754.563343399,1.00000000000012
"324502","Halswell South West","Halswell South West","064","Wigram","Wigram",0.237079883974466,2769176.40905784,8.5613860929549e-08
"325200","Riccarton East","Riccarton East","064","Wigram","Wigram",208116.512498054,208116.595323116,0.999999602025674
"326400","Addington North","Addington North","064","Wigram","Wigram",0.0194538761041678,434313.981166044,4.4792194006599e-08
"326701","Hoon Hay West","Hoon Hay West","064","Wigram","Wigram",1075231.27522543,1633310.18814191,0.658314191040856
"326900","Spreydon West","Spreydon West","064","Wigram","Wigram",838604.862098885,1026987.24722441,0.816567941194342
"327301","Halswell North","Halswell North","064","Wigram","Wigram",0.0397931223300416,2050499.43670815,1.94065512126768e-08
"334400","Halkett","Halkett","064","Wigram","Wigram",0.328772671151463,86012085.0832401,3.82240089672615e-09
"335901","Ladbrooks","Ladbrooks","064","Wigram","Wigram",14793829.2895642,49764166.840388,0.297278749527014
"324700","Broken Run","Broken Run","064","Wigram","Wigram",422429.491963715,422429.491963697,1.00000000000004
"319300","Hei Hei","Hei Hei","064","Wigram","Wigram",1242633.76004167,1242633.76004166,1.00000000000001
"319700","Avonhead South","Avonhead South","064","Wigram","Wigram",0.0826810457282981,1025403.87244514,8.06326638216609e-08
"319800","Riccarton Racecourse","Riccarton Racecourse","064","Wigram","Wigram",1694915.17127653,1694915.26936071,0.999999942130337
"321101","Hornby South","Hornby South","064","Wigram","Wigram",929947.962093421,929947.962093398,1.00000000000003
"316500","Paparua","Paparua","064","Wigram","Wigram",23341630.4330694,23341630.7125747,0.999999988025462
"317701","Russley","Russley","064","Wigram","Wigram",0.0431553546433993,750742.792842737,5.74835417067258e-08
"318100","Templeton","Templeton","064","Wigram","Wigram",898557.151434832,898557.151434933,0.999999999999888
"318700","Broomfield","Broomfield","064","Wigram","Wigram",998646.836735394,998646.870409888,0.999999966279879
"320300","Hornby West","Hornby West","064","Wigram","Wigram",744857.540651222,744857.54065118,1.00000000000006
"320400","Hornby Central","Hornby Central","064","Wigram","Wigram",2270236.33459912,2270236.33459904,1.00000000000004
"320700","Ilam South","Ilam South","064","Wigram","Wigram",0.0218681651240435,911774.705018322,2.39841761387799e-08
"321000","Sockburn North","Sockburn North","064","Wigram","Wigram",1239718.00913644,1239718.06234968,0.999999957076336
"321102","Branston","Branston","064","Wigram","Wigram",778961.18029577,778961.180295949,0.999999999999771
"321800","Bush Inn","Bush Inn","064","Wigram","Wigram",0.108713095203184,839238.477119818,1.29537787133255e-07
"321901","Awatea North","Awatea North","064","Wigram","Wigram",573786.493765671,573786.493765616,1.0000000000001
"322000","Upper Riccarton","Upper Riccarton","064","Wigram","Wigram",520848.381313066,520848.401976102,0.999999960328119
"322300","Sockburn South","Sockburn South","064","Wigram","Wigram",2486703.44849723,2486703.4484971,1.00000000000005
"322500","Wigram North","Wigram North","064","Wigram","Wigram",767804.662196589,767804.662196466,1.00000000000016
"322700","Wharenui","Wharenui","064","Wigram","Wigram",838955.575503891,838955.614597662,0.99999995340186
"322800","Wigram West","Wigram West","064","Wigram","Wigram",458813.816374725,458813.816374655,1.00000000000015
"322900","Awatea South","Awatea South","064","Wigram","Wigram",1511502.90007189,1511502.90007191,0.999999999999987
"324300","Oaklands West","Oaklands West","064","Wigram","Wigram",762248.701753671,1700452.03619578,0.448262394662397
"323200","Mona Vale","Mona Vale","064","Wigram","Wigram",0.000511262207946256,547746.131145018,9.33392640998677e-10
"323500","Middleton","Middleton","064","Wigram","Wigram",1901271.14503846,1901271.15998736,0.999999992137421
"323600","Wigram South","Wigram South","064","Wigram","Wigram",399102.214840297,399102.214840335,0.999999999999906
"324200","Riccarton Central","Riccarton Central","064","Wigram","Wigram",336578.61539335,398348.045121008,0.844936028972115
"324501","Halswell West","Halswell West","064","Wigram","Wigram",3822641.68958385,3822641.8369674,0.999999961444583
"324900","Hagley Park","Hagley Park","064","Wigram","Wigram",0.0314886413745872,2190631.81773815,1.43742280741177e-08
"325000","Hillmorton","Hillmorton","064","Wigram","Wigram",2916633.8081885,2916633.82190144,0.999999995298369
"326100","Addington West","Addington West","064","Wigram","Wigram",0.0133633922256259,553377.60106988,2.41487768926491e-08
"325400","Aidanfield","Aidanfield","064","Wigram","Wigram",1681805.12623974,1681805.30614867,0.999999893026302
"325500","Tower Junction","Tower Junction","064","Wigram","Wigram",581757.680148175,1077624.19100819,0.539852097792925
"326301","Oaklands East","Oaklands East","064","Wigram","Wigram",0.0385539727109569,1075309.39626417,3.58538415500701e-08
"327600","Spreydon North","Spreydon North","064","Wigram","Wigram",0.0235377419205527,1213792.89976748,1.93918929045159e-08
"327700","Hoon Hay East","Hoon Hay East","064","Wigram","Wigram",1353166.28507095,1822877.0601301,0.742324490590919
"328001","Halswell South","Halswell South","064","Wigram","Wigram",0.0665867663477416,1484847.11008106,4.48441902844168e-08
"328200","Spreydon South","Spreydon South","064","Wigram","Wigram",168073.162249089,723901.1070362,0.232176965355412
"329001","Kennedys Bush","Kennedys Bush","064","Wigram","Wigram",0.179979653750043,9879899.98101487,1.82167485597922e-08
"329200","Somerfield West","Somerfield West","064","Wigram","Wigram",0.00286636587790205,1181181.21067523,2.42669444112092e-09
"329500","Hoon Hay South","Hoon Hay South","064","Wigram","Wigram",0.0750270283422733,795648.650452921,9.42966827123559e-08
"334501","Newtons Road","Newtons Road","064","Wigram","Wigram",0.200335253681326,153830333.03582,1.30231307264138e-09
"335600","Trents","Trents","064","Wigram","Wigram",16053544.6767058,50016824.1123327,0.32096289521804
"335701","Prebbleton North","Prebbleton North","064","Wigram","Wigram",3332012.20039911,3332012.20039889,1.00000000000007
"335702","Prebbleton South","Prebbleton South","064","Wigram","Wigram",1965047.28614268,1965047.28614302,0.999999999999827
"336301","Tai Tapu","Tai Tapu","064","Wigram","Wigram",0.0403837061783478,56801121.2145356,7.10966708312327e-10
